IATA,AirportName,City_Name,Country_Name,TimeZone,UTC_Offset_Hours,location
NTY,Pilanesberg Intl,Sun City,South Africa,Africa/Johannesburg,2.0,"(-25.333822,27.173358)"
CVN,Clovis Muni,"Clovis, New Mexico",United States of America,America/Denver,-6.0,"(34.425139,-103.079278)"
CVS,Cannon Afb,"Clovis, New Mexico",United States of America,America/Denver,-6.0,"(34.382775,-103.322147)"
SCM,Scammon Bay Airport,"Scammon Bay, Alaska",United States of America,America/Nome,-8.0,"(61.845278,-165.571389)"
KPI,Kapit               ,Kapit,Malaysia,Asia/Kuching,8.0,"(2.017,112.95)"
EGV,Eagle River,"Eagle River, Wisconsin",United States of America,America/Chicago,-5.0,"(45.932333,-89.268283)"
NLF,Darnley Island Airport,Darnley Island,Australia,Australia/Brisbane,10.0,"(-9.58333,143.767)"
YBX,Lourdes De Blanc Sablon Airport,Blanc Sablon,Canada,America/Blanc-Sablon,-4.0,"(51.4436,-57.1853)"
UDJ,Uzhhorod International Airport,Uzhgorod,Ukraine,Europe/Uzhgorod,3.0,"(48.634278,22.263356)"
ANS,Andahuaylas,Andahuaylas,Peru,America/Lima,-5.0,"(-13.706408,-73.350378)"
RAC,John H. Batten Airport,"Racine, Wisconsin",United States of America,America/Mexico_City,-6.0,"(42.7605,-87.8152)"
OKO,Yokota Ab,Tokyo,Japan,Asia/Tokyo,9.0,"(35.748492,139.348483)"
NRT,Narita Intl,Tokyo,Japan,Asia/Tokyo,9.0,"(35.764722,140.386389)"
HND,Tokyo Intl,Tokyo,Japan,Asia/Tokyo,9.0,"(35.552258,139.779694)"
TYQ,TOKYO STA.MARUNOUCHI-KIT,Tokyo,Japan,Asia/Tokyo,9.0,"(35.68083333,139.7675)"
LMJ,Tokyo Bus Station,Tokyo,Japan,Asia/Tokyo,9.0,"(35.6894875,139.6917064)"
RYK,Sheikh Zayed,Rahim Yar Khan,Pakistan,Asia/Karachi,5.0,"(28.3839,70.279572)"
CPB,Capurgana Airport,Capurgana,Colombia,America/Bogota,-5.0,"(8.616667,-77.333333)"
CLL,Easterwood Fld,"College Station, Texas",United States of America,America/Chicago,-5.0,"(30.588583,-96.363833)"
OOM,Cooma Snowy Mountains Airport,Cooma,Australia,Australia/Sydney,10.0,"(-36.3006,148.974)"
VNS,Varanasi,Varanasi,India,Asia/Kolkata,5.5,"(25.452358,82.859342)"
MRD,Alberto Carnevalli,Merida,Venezuela,America/Caracas,-4.0,"(8.582294,-71.161186)"
,Vladimir,Vladimir,Russian Federation,Europe/Moscow,3.0,"(56.09083415,40.26313305)"
ZOS,Canal Bajo Carlos Hott Siebert,Osorno,Chili,America/Santiago,-4.0,"(-40.611208,-73.061042)"
AVI,Maximo Gomez,Ciego De Avila,Cuba,America/Havana,-4.0,"(22.027053,-78.789617)"
PGK,Depati Amir,Pangkalpinang,Indonesia,Asia/Jakarta,7.0,"(-2.1622,106.139064)"
LMP,Lampedusa,Lampedusa,Italy,Europe/Rome,2.0,"(35.497914,12.618083)"
LBX,Lubang Community Airport,Lubang,Philippines,Asia/Manila,8.0,"(13.855833,121.105833)"
VIU,Viru                ,Viru,Solomon Islands,Pacific/Guadalcanal,11.0,"(-8.5,157.683)"
KSY,Kars Airport,Kars,Turkey,Europe/Istanbul,3.0,"(40.562222,43.115002)"
POG,Port Gentil,Port Gentil,Gabon,Africa/Libreville,1.0,"(-0.711739,8.754383)"
BAV,Baotou Airport,Baotou,China,Asia/Chongqing,8.0,"(40.56,109.997)"
UTN,Upington,Upington,South Africa,Africa/Johannesburg,2.0,"(-28.399097,21.260239)"
WUN,Wiluna Airport,Wiluna,Australia,Australia/Perth,8.0,"(-26.6292,120.221)"
YDA,Dawson City,Dawson City,Canada,America/Whitehorse,-7.0,"(64.043056,-139.127778)"
DND,Dundee,Dundee,Great Britain (United Kingdom),Europe/London,1.0,"(56.452499,-3.025833)"
WWT,Newtok Airport,"Newtok, Alaska",United States of America,America/Nome,-8.0,"(60.939167,-164.641111)"
SIZ,Sissano,Sissano,Papua New Guinea,Pacific/Port_Moresby,10.0,"(0.0,0.0)"
KUT,Kopitnari,Kutaisi,Georgia,Asia/Tbilisi,4.0,"(42.176653,42.482583)"
TBF,Tabiteuea North,Tabiteuea North,Kiribati,Pacific/Tarawa,12.0,"(-1.224469,174.775614)"
BMV,Buon Ma Thuot Airport,Banmethuot,Viet Nam,Asia/Ho_Chi_Minh,7.0,"(12.668311,108.120272)"
PEI,Matecana,Pereira,Colombia,America/Bogota,-5.0,"(4.812675,-75.739519)"
AXK,Ataq,Ataq,Yemen,Asia/Aden,3.0,"(14.551322,46.826183)"
CUG,Orange cudal        ,Orange Springhill,Australia,Australia/Sydney,10.0,"(-33.2783,148.763)"
OAG,Orange Airport,Orange Springhill,Australia,Australia/Sydney,10.0,"(-33.3817,149.133)"
DMK,Don Muang Intl,Bangkok,Thailand,Asia/Bangkok,7.0,"(13.912583,100.60675)"
BKK,Suvarnabhumi Intl,Bangkok,Thailand,Asia/Bangkok,7.0,"(13.681108,100.747283)"
ITB,Cachimbo,Itaituba,Brazil,America/Santarem,-3.0,"(-4.2446,-56.00384)"
BOW,Bartow Municipal Airport,"Bartow, Florida",United States of America,America/New_York,-4.0,"(27.9434,-81.7834)"
NYK,Nanyuki Civil Airport,Nanyuki,Kenya,Africa/Nairobi,3.0,"(-0.067,37.033)"
BXB,Babo,Babo,Indonesia,Asia/Jayapura,9.0,"(-2.532242,133.438894)"
LBJ,Mutiara Ii,Labuan Bajo,Indonesia,Asia/Makassar,8.0,"(-8.486656,119.88905)"
PME,Portsmouth Airport,Portsmouth,Great Britain (United Kingdom),Europe/London,1.0,"(50.8,-1.083333)"
TDR,Theodore,Theodore,Australia,Australia/Brisbane,10.0,"(-24.986737,150.093112)"
KLV,Karlovy Vary,Karlovy Vary,Czech Republic,Europe/Prague,2.0,"(50.202978,12.914983)"
LMM,Valle Del Fuerte Intl,Los Mochis,Mexico,America/Mazatlan,-7.0,"(25.685194,-109.080806)"
MXX,Mora,Mora,Sweden,Europe/Stockholm,2.0,"(60.957908,14.511383)"
KED,Kaedi,Kaedi,Mauritania,Africa/Nouakchott,0.0,"(16.159547,-13.507617)"
HOW,Howard,Fort Kobbe,Panama,America/Panama,-5.0,"(8.914794,-79.599633)"
TET,Tete Chingodzi,Tete,Mozambique,Africa/Maputo,2.0,"(-16.104817,33.640181)"
YSO,Postville Airport,Postville,Canada,America/Goose_Bay,-3.0,"(54.910278,-59.785278)"
THR,Mehrabad Intl,Tehran,Iran,Asia/Tehran,3.5,"(35.689167,51.313416)"
IKA,Imam Khomeini,Tehran,Iran,Asia/Tehran,3.5,"(35.416111,51.152222)"
VGD,Vologda Airport,Vologda,Russian Federation,Europe/Moscow,3.0,"(59.284566,39.937265)"
ВГЖ,VOLOGDA RAIL STN,Vologda,Russian Federation,Europe/Moscow,3.0,"(59.216605,39.906518)"
IFL,Innisfail,Innisfail,Australia,Australia/Brisbane,10.0,"(-17.55908,146.01123)"
UKT,АППЕР БАКС,"Quakertown, Pennsylvania",United States of America,America/New_York,-4.0,"(40.43598,-75.37958)"
MZB,Mocimboa Da Praia,Mocimboa Praia,Mozambique,Africa/Maputo,2.0,"(-11.361789,40.354875)"
CTB,Cut Bank Muni,"Cut Bank, Montana",United States of America,America/Denver,-6.0,"(48.608353,-112.376144)"
LSQ,Maria Dolores,Los Angeles,Chili,America/Santiago,-4.0,"(-37.401731,-72.425444)"
LSH,Lashio,Lashio,Myanmar,Asia/Rangoon,6.5,"(22.977881,97.752183)"
RSH,Russian Mission Airport,"Russian Mission, Alaska",United States of America,America/Anchorage,-8.0,"(61.775,-161.319444)"
MZR,Mazar I Sharif,Mazar I Sharif,Afghanistan,Asia/Kabul,4.5,"(36.706914,67.209678)"
MSO,Missoula Intl,"Missoula, Montana",United States of America,America/Denver,-6.0,"(46.916306,-114.090556)"
BGX,Comandante Gustavo Kraemer,Bage,Brazil,America/Sao_Paulo,-3.0,"(-31.390528,-54.112244)"
XFN,Xiangfan Airport,Xiangyang,China,Asia/Shanghai,8.0,"(32.1506,112.291)"
KJP,Kerama Airport,Kerama,Japan,Asia/Tokyo,9.0,"(26.168333,127.293333)"
AOH,Lima Allen County Airport,"Lima, Ohio",United States of America,America/New_York,-4.0,"(40.707478,-84.0270781)"
SWO,Stillwater Regional Airport,"Stillwater, Oklahoma",United States of America,America/Chicago,-5.0,"(36.161111,-97.085556)"
GEV,Gallivare,Gaellivare,Sweden,Europe/Stockholm,2.0,"(67.132408,20.814636)"
DSC,Dschang             ,Dschang,Cameroon,Africa/Douala,1.0,"(5.45,10.067)"
GVR,Governador Valadares Airport,Governador Valadares,Brazil,America/Sao_Paulo,-3.0,"(-18.8952,-41.9822)"
PKV,Kresty,Pskov,Russian Federation,Europe/Moscow,3.0,"(57.797173,28.389925)"
ПСЖ,Pskov Rail Station,Pskov,Russian Federation,Europe/Moscow,3.0,"(57.8043227,28.3619787)"
BRN,Bern Belp,Bern,Switzerland,Europe/Zurich,2.0,"(46.9141,7.497153)"
ZDJ,Bern railway station,Bern,Switzerland,Europe/Zurich,2.0,"(0.0,0.0)"
AER,Sochi,Sochi,Russian Federation,Europe/Moscow,3.0,"(43.449928,39.956589)"
SHB,Nakashibetsu,Nakashibetsu,Japan,Asia/Tokyo,9.0,"(43.5775,144.96)"
BJH,Bajhang,Bajhang,Nepal,Asia/Kathmandu,5.75,"(29.53896,81.185364)"
SCL,Arturo Merino Benitez Intl,Santiago,Chili,America/Santiago,-4.0,"(-33.392975,-70.785803)"
ULC,Los cerrillos       ,Santiago,Chili,America/Santiago,-4.0,"(-33.5,-70.71667)"
PUC,Carbon County Regional-Buck Davis Field,"Price, Utah",United States of America,America/Denver,-6.0,"(39.609722,-110.75278)"
BDE,Baudette Intl,"Baudette, MN",United States of America,America/Chicago,-5.0,"(48.728444,-94.612222)"
STD,Mayor Buenaventura Vivas,Santo Domingo,Venezuela,America/Caracas,-4.0,"(7.565111,-72.035125)"
AXR,Arutua,Arutua,French Polynesia,Pacific/Tahiti,-10.0,"(-15.248289,-146.616708)"
BXK,Buckeye Municipal Airport,"Buckeye, Arizona",United States of America,America/Phoenix,-7.0,"(33.420417,-112.68618)"
RBN,Fort Jefferson,"Fort Jefferson, Florida",United States of America,America/New_York,-4.0,"(24.61667,-82.86667)"
BND,Bandar Abbass Intl,Bandar Abbas,Iran,Asia/Tehran,3.5,"(27.218317,56.37785)"
ISC,ISLES OF SCILLY,Isles Of Scilly,Great Britain (United Kingdom),Europe/London,1.0,"(49.919,-6.3075)"
TSO,Tresco Heliport,Isles Of Scilly,Great Britain (United Kingdom),Europe/London,1.0,"(49.945556,-6.331389)"
YYF,Penticton,Penticton,Canada,America/Vancouver,-7.0,"(49.463056,-119.602222)"
JPR,Ji-Paraná Airport,Ji Parana,Brazil,America/Porto_Velho,-4.0,"(-10.8708,-61.8465)"
ABE,Lehigh Valley Intl,"Allentown, PA",United States of America,America/New_York,-4.0,"(40.652083,-75.440806)"
CKH,Chokurdakh Airport,Chokurdah,Russian Federation,Asia/Magadan,11.0,"(70.6231,147.902)"
SVH,Regional Airport,"Statesville, NC",United States of America,America/New_York,-4.0,"(35.7649958,-80.9538958)"
FIZ,Fitzroy Crossing Airport,Fitzroy Crossing,Australia,Australia/Perth,8.0,"(-18.178,125.591)"
MAR,La Chinita Intl,Maracaibo,Venezuela,America/Caracas,-4.0,"(10.558208,-71.727856)"
KAU,Kauhava,Kauhava,Finland,Europe/Helsinki,3.0,"(63.127078,23.051442)"
YDP,Nain Airport,Nain,Canada,America/Goose_Bay,-3.0,"(56.5492,-61.6803)"
WTL,Tuntutuliak Airport,"Tuntutuliak, Alaska",United States of America,America/Anchorage,-8.0,"(60.335278,-162.666944)"
PKE,Parkes Airport,Parkes,Australia,Australia/Sydney,10.0,"(-33.1314,148.239)"
KLU,Klagenfurt,Klagenfurt,Austria,Europe/Vienna,2.0,"(46.642514,14.337739)"
KGV,Klagenfurt,Klagenfurt,Austria,Europe/Vienna,2.0,"(46.615833,14.313333)"
PBU,Putao,Putao,Myanmar,Asia/Rangoon,6.5,"(27.329922,97.426269)"
PIM,Harris County Airport,"Pine Mountain, Georgia",United States of America,America/New_York,-4.0,"(32.8406944,-84.8824444)"
ADS,Addison,"Dallas, Texas",United States of America,America/Chicago,-5.0,"(32.9685594,-96.8364478)"
DAL,Dallas Love Fld,"Dallas, Texas",United States of America,America/Chicago,-5.0,"(32.847111,-96.851778)"
DFW,Dallas Fort Worth Intl,"Dallas, Texas",United States of America,America/Chicago,-5.0,"(32.896828,-97.037997)"
DNE,Dallas north,"Dallas, Texas",United States of America,America/Chicago,-5.0,"(0.0,0.0)"
ERV,Kerrville Municipal Airport,"Kerrville, Texas",United States of America,America/Chicago,-5.0,"(29.9766667,-99.0854722)"
YEL,Elliot lake         ,Elliot Lake,Canada,America/Toronto,-4.0,"(46.35139,-82.56139)"
SWK,Segrate             ,Milan,Italy,Europe/Rome,2.0,"(0.0,0.0)"
MXP,Malpensa,Milan,Italy,Europe/Rome,2.0,"(45.630606,8.728111)"
LIN,Linate,Milan,Italy,Europe/Rome,2.0,"(45.445103,9.276739)"
BGY,Bergamo Orio Al Serio,Milan,Italy,Europe/Rome,2.0,"(45.673889,9.704166)"
PMF,Parma,Milan,Italy,Europe/Rome,2.0,"(44.824483,10.296367)"
XIK,Centrale Railway Station,Milan,Italy,Europe/Rome,2.0,"(45.4858674,9.2041666)"
IPR,Porta Garibaldi Stn,Milan,Italy,Europe/Rome,2.0,"(0.0,0.0)"
IMR,Rogoredo Railway Stn,Milan,Italy,Europe/Rome,2.0,"(45.433611,9.239167)"
BEP,Bellary,Bellary,India,Asia/Kolkata,5.5,"(15.162783,76.882775)"
KIW,Southdowns,Kitwe,Zambia,Africa/Lusaka,2.0,"(-12.900469,28.149858)"
PNA,Pamplona,Pamplona,Spain,Europe/Madrid,2.0,"(42.770039,-1.646331)"
EEP,Pamplona railway station,Pamplona,Spain,Europe/Madrid,2.0,"(42.82498,-1.66145)"
INO,Inongo Airport,Inongo,"Congo, Democratic Republic of the",Africa/Kinshasa,1.0,"(-1.94722,18.2858)"
SSX,Samsun ,Samsun,Turkey,Europe/Istanbul,3.0,"(41.1641,36.1814)"
SZF,Samsun-Çarşamba Airport,Samsun,Turkey,Europe/Istanbul,3.0,"(41.2545,36.5671)"
ERH,Moulay Ali Cherif,Errachidia,Marocco,Africa/Casablanca,1.0,"(31.9475,-4.398333)"
RLG,Laage,Rostock,Germany,Europe/Berlin,2.0,"(53.918167,12.278333)"
KPN,Kipnuk Airport,"Kipnuk, Alaska",United States of America,America/Nome,-8.0,"(59.933056,-164.030556)"
KBZ,Kaikoura,Kaikoura,New Zealand,Pacific/Auckland,12.0,"(-42.416668,173.68333)"
BRI,Bari,Bari,Italy,Europe/Rome,2.0,"(41.138856,16.760594)"
WTO,Wotho Island Airport,Wotho Island,Marshall Islands,Pacific/Wake,12.0,"(10.1733,166.003)"
MHB,Mechanics bay       ,Auckland,New Zealand,Pacific/Auckland,12.0,"(0.0,0.0)"
AKL,Auckland Intl,Auckland,New Zealand,Pacific/Auckland,12.0,"(-37.008056,174.791667)"
SLX,Salt Cay Airport,Salt Cay,Turks and Caicos Islands,America/Grand_Turk,-4.0,"(21.333,-71.2)"
TTJ,Tottori,Tottori,Japan,Asia/Tokyo,9.0,"(35.530069,134.166553)"
DOH,Doha Intl,Doha,Qatar,Asia/Qatar,3.0,"(25.261153,51.61377)"
XOZ,Doha Free Zone Airport,Doha,Qatar,Asia/Qatar,3.0,"(24.8333,50.9166)"
XJD,Al Udeid AB,Doha,Qatar,Asia/Qatar,3.0,"(25.1174,51.3228)"
DIA,Doha International Airport(OLD),Doha,Qatar,Asia/Qatar,3.0,"(25.261111,51.565)"
EIL,Eielson Afb,"Fairbanks, Alaska",United States of America,America/Anchorage,-8.0,"(64.665667,-147.1015)"
FBK,Ladd Aaf,"Fairbanks, Alaska",United States of America,America/Anchorage,-8.0,"(64.8375,-147.614444)"
FAI,Fairbanks Intl,"Fairbanks, Alaska",United States of America,America/Anchorage,-8.0,"(64.815114,-147.856267)"
MIJ,Mili Island Airport,Mili Island,Marshall Islands,Pacific/Majuro,12.0,"(6.08333,171.733)"
AOJ,Aomori,Aomori,Japan,Asia/Tokyo,9.0,"(40.734722,140.690833)"
RNO,Reno Tahoe Intl,"Reno, NV",United States of America,America/Los_Angeles,-7.0,"(39.499108,-119.768108)"
WEH,Weihai Airport,Weihai,China,Asia/Shanghai,8.0,"(37.1871,122.229)"
YIH,Yichang Airport,Yichang,China,Asia/Shanghai,8.0,"(30.671,111.441)"
CGR,Campo Grande,Campo Grande,Brazil,America/Campo_Grande,-4.0,"(-20.468667,-54.6725)"
NMG,San miguel          ,San Miguel,Panama,America/Panama,-5.0,"(0.0,0.0)"
WMD,Mandabe             ,Mandabe,Madagascar,Indian/Antananarivo,3.0,"(-21.033,44.95)"
BIO,Bilbao,Bilbao,Spain,Europe/Madrid,2.0,"(43.301097,-2.910608)"
YJI,Abando railway station,Bilbao,Spain,Europe/Madrid,2.0,"(43.261389,-2.927778)"
BFB,BILBAO BUS STATION,Bilbao,Spain,Europe/Madrid,2.0,"(43.26112,-2.94908)"
RJK,Rijeka,Rijeka,Croatia,Europe/Zagreb,2.0,"(45.216889,14.570267)"
PPC,Prospect Creek Airport,"Prospect Creek, Alaska",United States of America,America/Anchorage,-8.0,"(66.814167,-150.643611)"
XMU,Montbeugny,Moulin Sur Allier,France,Europe/Paris,2.0,"(46.534581,3.423725)"
MEH,Mehamn,Mehamn,Norway,Europe/Oslo,2.0,"(71.029722,27.826667)"
YSM,Fort Smith,Fort Smith,Canada,America/Yellowknife,-6.0,"(60.020278,-111.961944)"
CLY,Saint Catherine,Calvi,France,Europe/Paris,2.0,"(42.530753,8.793189)"
SLI,Solwezi Airport,Solwezi,Zambia,Africa/Lusaka,2.0,"(-12.1737,26.3651)"
MRB,Eastern WV Regional Airport,"Martinsburg, West Virginia",United States of America,America/New_York,-4.0,"(39.2407,-77.591)"
LAF,Purude University Airport,"Lafayette, Indiana",United States of America,America/Indiana/Indianapolis,-4.0,"(40.4123056,-86.9368889)"
YGX,Gillam Airport,Gillam,Canada,America/Winnipeg,-5.0,"(56.3575,-94.7106)"
TLH,Tallahassee Rgnl,"Tallahassee, Florida",United States of America,America/New_York,-4.0,"(30.396528,-84.350333)"
LGZ,Leguizamo           ,Leguizamo,Colombia,America/Bogota,-5.0,"(0.0,0.0)"
UUA,Bugulma Airport,Bugulma,Russian Federation,Europe/Moscow,3.0,"(54.64,52.8017)"
GWY,Galway,Galway,Ireland,Europe/Dublin,1.0,"(53.300175,-8.941592)"
SNV,Santa Elena Airport,Santa Elena,Venezuela,America/Caracas,-4.0,"(4.554722,-61.144922)"
AAX,Araxa Airport,Araxa,Brazil,America/Sao_Paulo,-3.0,"(-19.563056,-46.960278)"
BKH,Barking Sands Pmrf,"Kekaha, Hawaii",United States of America,Pacific/Honolulu,-10.0,"(22.022833,-159.785)"
GAJ,Yamagata,Yamagata,Japan,Asia/Tokyo,9.0,"(38.411894,140.371331)"
NCS,Newcastle,Newcastle,South Africa,Africa/Johannesburg,2.0,"(-27.770586,29.976894)"
MFN,Milford Sound Airport,Milford Sound,New Zealand,Pacific/Auckland,12.0,"(-44.67333,167.92333)"
BXN,Imsik,Bodrum,Turkey,Europe/Istanbul,3.0,"(37.140144,27.669717)"
BJV,Bodrum - Milas,Bodrum,Turkey,Europe/Istanbul,3.0,"(37.249,27.667)"
MSN,Dane Co Rgnl Truax Fld,"Madison, WI",United States of America,America/Chicago,-5.0,"(43.139858,-89.337514)"
PKW,Selebi Phikwe,Selebi Phikwe,Botswana,Africa/Gaborone,2.0,"(-22.05835,27.828767)"
LUW,Bubung,Luwuk,Indonesia,Asia/Makassar,8.0,"(-1.038919,122.771906)"
DNV,Danville            ,"Danville, Illinois",United States of America,America/Chicago,-5.0,"(40.1992,-87.5953)"
LKY,Lake Manyara,Lake Manyara,Tanzania,Africa/Dar_es_Salaam,3.0,"(-3.376306,35.818278)"
CUA,Ciudad Constitución Airport,Ciudad Constitucion,Mexico,America/Mazatlan,-7.0,"(25.0538,-111.615)"
BAM,Bamberg BF,"Battle Mountain, Nevada",United States of America,America/Los_Angeles,-7.0,"(49.911,10.9)"
IVA,Ambanja Airport,Ambanja,Madagascar,Indian/Antananarivo,3.0,"(-13.65,48.467)"
KUG,Kubin Airport,Kubin Island,Australia,Australia/Brisbane,10.0,"(-10.225,142.218)"
ZMA,Mannheim Railway,Mansfield,Great Britain (United Kingdom),Europe/London,1.0,"(49.479633,8.469858)"
TIR,Tirupati,Tirupati,India,Asia/Kolkata,5.5,"(13.632492,79.543256)"
EDI,Edinburgh,Edinburgh,Great Britain (United Kingdom),Europe/London,1.0,"(55.95,-3.3725)"
ZXE,Edinburgh Waverly Station,Edinburgh,Great Britain (United Kingdom),Europe/London,1.0,"(55.952,-3.189)"
YPS,Port hawkesbury,Port Hawkesbury,Canada,America/Halifax,-3.0,"(45.65667,-61.36806)"
MAU,Maupiti,Maupiti,French Polynesia,Pacific/Tahiti,-10.0,"(-16.426486,-152.243669)"
JHQ,Shute Harbour,Shute Harbour,Australia,Australia/Brisbane,10.0,"(-20.278299,148.757004)"
KOT,Kotlik Airport,"Kotlik, Alaska",United States of America,America/Nome,-8.0,"(63.030556,-163.532778)"
YTX,Telegraph creek     ,Telegraph Creek,Canada,America/Vancouver,-7.0,"(0.0,0.0)"
YFX,St. Lewis (Fox Harbour) Airport,Fox Harbour,Canada,America/St_Johns,-2.5,"(52.3728,-55.6739)"
TUF,Val De Loire,Tours,France,Europe/Paris,2.0,"(47.432222,0.727606)"
XSH,Saint-Pierre-des-Corps,Tours,France,Europe/Paris,2.0,"(47.385626,0.723347)"
UKU,Nuku Airport,Nuku,Papua New Guinea,Asia/Vladivostok,10.0,"(-3.667,142.483)"
SCX,Salina Cruz Naval Air Station,Salina Cruz,Mexico,America/Mexico_City,-6.0,"(16.2126,-95.2016)"
BCO,Baco Airport,Jinka,Ethiopia,Africa/Addis_Ababa,3.0,"(5.78287,36.562)"
MKY,Mackay,Mackay,Australia,Australia/Brisbane,10.0,"(-21.171667,149.179722)"
IBZ,Ibiza,Ibiza,Spain,Europe/Madrid,2.0,"(38.872858,1.373117)"
LOF,Loen                ,Loen,Marshall Islands,Pacific/Majuro,12.0,"(0.0,0.0)"
VDB,Leirin,Fagernes,Norway,Europe/Oslo,2.0,"(61.015556,9.288056)"
RGA,Rio Grande,Rio Grande,Argentina,America/Argentina/Ushuaia,-3.0,"(-53.777667,-67.749389)"
IRP,Matari,Isiro,"Congo, Democratic Republic of the",Africa/Lubumbashi,2.0,"(2.827606,27.588253)"
BXH,Balkhash Airport,Balkhash,Kazakhstan,Asia/Qyzylorda,5.0,"(46.8933,75.005)"
NFO,Mata'aho Airport,Niuafo Ou,Tonga,Pacific/Tongatapu,13.0,"(-15.5708,-175.633)"
DWB,Soalala Airport,Soalala,Madagascar,Indian/Antananarivo,3.0,"(-16.083,45.367)"
HSL,Huslia Airport,"Huslia, Alaska",United States of America,America/Anchorage,-8.0,"(65.697778,-156.351389)"
PPS,Puerto Princesa,Puerto Princesa,Philippines,Asia/Manila,8.0,"(9.742119,118.758731)"
HEI,Heide-Büsum Airport,Heide Buesum,Germany,Europe/Berlin,2.0,"(54.1533,8.90167)"
BNJ,Hauptbahnhof,Cologne,Germany,Europe/Berlin,2.0,"(50.731944,7.096944)"
QKL,Cologne Railway,Cologne,Germany,Europe/Berlin,2.0,"(50.9425,6.958056)"
CGN,Koln Bonn,Cologne,Germany,Europe/Berlin,2.0,"(50.865917,7.142744)"
QKU,MESSE DEUTZ RAIL STN,Cologne,Germany,Europe/Berlin,2.0,"(0.0,0.0)"
QBB,Bonn Thomastr. Bus Stn,Cologne,Germany,Europe/Berlin,2.0,"(0.0,0.0)"
MOL,Aro,Molde,Norway,Europe/Oslo,2.0,"(62.744722,7.2625)"
KIM,Kimberley,Kimberley,South Africa,Africa/Johannesburg,2.0,"(-28.802834,24.765167)"
SGA,Sheghnan            ,Sheghnan,Afghanistan,Asia/Kabul,4.5,"(37.567,71.5)"
AFY,Afyon,Afyon,Turkey,Europe/Istanbul,3.0,"(38.726425,30.601114)"
UAS,Samburu South Airport,Samburu,Kenya,Africa/Nairobi,3.0,"(0.530583,37.5342)"
FRP,St Lucie County International Airport,"Fresh Water Bay, Alaska",United States of America,America/Anchorage,-8.0,"(27.497472,-80.372638)"
LEY,Lelystad Airport,Lelystad,Netherlands (Holland),Europe/Amsterdam,2.0,"(52.4603,5.52722)"
RVD,General leite de Castro Airport,Rio Verde,Brazil,America/Sao_Paulo,-3.0,"(-17.790278,-50.918333)"
FLD,Fond Du Lac County Airport,"Fond Du Lac, Wisconsin",United States of America,America/Chicago,-5.0,"(43.7711667,-88.4884167)"
YYW,Armstrong,Armstrong,Canada,America/Toronto,-4.0,"(50.290279,-88.909721)"
ROO,Rondonopolis Airport,Rondonopolis,Brazil,America/Cuiaba,-4.0,"(-16.466667,-54.633333)"
KKN,Hoybuktmoen,Kirkenes,Norway,Europe/Oslo,2.0,"(69.725781,29.891295)"
UVO,Uvol                ,Uvol,Papua New Guinea,Pacific/Port_Moresby,10.0,"(0.0,0.0)"
COS,City Of Colorado Springs Muni,"Colorado Springs, Colorado",United States of America,America/Denver,-6.0,"(38.805805,-104.700778)"
FCS,Butts Aaf,"Colorado Springs, Colorado",United States of America,America/Denver,-6.0,"(38.678394,-104.756581)"
VOH,Vohimarina,Vohemar,Madagascar,Indian/Antananarivo,3.0,"(-13.375834,50.002777)"
DIY,Diyarbakir,Diyarbakir,Turkey,Europe/Istanbul,3.0,"(37.893897,40.201019)"
ULE,Sule                ,Sule,Papua New Guinea,Asia/Vladivostok,10.0,"(-4.97472,151.297)"
TXF,Teixeira de Freitas,Teixeira Freitas,Brazil,America/Fortaleza,-3.0,"(-17.524167,-39.669722)"
EMK,Emmonak Airport,"Emmonak, Alaska",United States of America,America/Nome,-8.0,"(62.786111,-164.490833)"
PWE,Pevek,Pevek,Russian Federation,Asia/Anadyr,12.0,"(69.783283,170.597006)"
MZI,Ambodedjo,Mopti,Mali,Africa/Bamako,0.0,"(14.512803,-4.079561)"
MWP,Mountain Airport,Mountain,Nepal,,,"(28.0,85.333)"
HTY,Hatay Airport,Hatay,Turkey,Europe/Istanbul,3.0,"(36.362778,36.282222)"
MAZ,Eugenio Maria De Hostos,Mayaguez,Puerto Rico,America/Puerto_Rico,-4.0,"(18.255694,-67.148472)"
LOM,Lagos de moreno     ,Lagos De Moreno,Mexico,America/Mexico_City,-6.0,"(0.0,0.0)"
MXS,Maota Airport,Maota Savaii Is,Samoa,Pacific/Apia,13.0,"(-13.733,-172.3)"
OIR,Okushiri,Okushiri,Japan,Asia/Tokyo,9.0,"(42.071667,139.432911)"
TGJ,Tiga Airport,Tiga,New Caledonia,Pacific/Noumea,11.0,"(-21.0961,167.804)"
CRL,Brussels South,Brussels,Belgium,Europe/Brussels,2.0,"(50.459197,4.453817)"
BRU,Brussels Natl,Brussels,Belgium,Europe/Brussels,2.0,"(50.901389,4.484444)"
ZYR,Brussels Gare du Midi,Brussels,Belgium,Europe/Brussels,2.0,"(50.8,4.4)"
TTH,Thumrait,Thumrait,Oman,Asia/Muscat,4.0,"(17.666,54.024612)"
DMS,Sabto bus station,Dammam,Saudi Arabia,Asia/Riyadh,3.0,"(0.0,0.0)"
DMM,King Fahd Intl,Dammam,Saudi Arabia,Asia/Riyadh,3.0,"(26.471161,49.79789)"
TIV,Tivat,Tivat,Montenegro,Europe/Podgorica,2.0,"(42.404664,18.723286)"
TKN,Tokunoshima,Tokunoshima,Japan,Asia/Tokyo,9.0,"(27.836381,128.881253)"
TZN,South andros        ,South Andros,Bahamas,America/Panama,-5.0,"(0.0,0.0)"
UOL,Buol                ,Buol,Indonesia,Asia/Makassar,8.0,"(1.15905,121.428)"
IXP,Pathankot,Pathankot,India,Asia/Kolkata,5.5,"(32.233778,75.634628)"
IAS,Iasi,Iasi,Romania,Europe/Bucharest,3.0,"(47.178492,27.620631)"
MKW,Rendani,Manokwari,Indonesia,Asia/Jayapura,9.0,"(-0.891833,134.049183)"
KUV,Kunsan Air Base,Gunsan,Korea (South),Asia/Seoul,9.0,"(35.903756,126.615906)"
MUO,Mountain Home Afb,"Mountain Home, Idaho",United States of America,America/Boise,-6.0,"(43.043603,-115.872431)"
DAU,Daru Airport,Daru,Papua New Guinea,Pacific/Port_Moresby,10.0,"(-9.08676,143.208)"
TTS,Tsaratanana Airport,Tsaratanana,Madagascar,Indian/Antananarivo,3.0,"(-16.75,47.617)"
DAY,James M Cox Dayton Intl,"Dayton, Ohio",United States of America,America/New_York,-4.0,"(39.902375,-84.219375)"
FFO,Wright Patterson Afb,"Dayton, Ohio",United States of America,America/New_York,-4.0,"(39.826111,-84.048332)"
RHI,Rhinelander Oneida County Airport,"Rhinelander, WI",United States of America,America/Chicago,-5.0,"(45.6312,-89.4675)"
RMF,Marsa Alam Intl,Marsa Alam,Egypt,Africa/Cairo,3.0,"(25.557111,34.583711)"
ARW,Arad,Arad,Romania,Europe/Bucharest,3.0,"(46.17655,21.262022)"
TAR,Grottaglie,Taranto,Italy,Europe/Rome,2.0,"(40.517514,17.403212)"
GUL,Goulburn Airport,Goulburn,Australia,Australia/Sydney,10.0,"(-34.8103,149.726)"
SHI,Shimojishima,Shimojishima,Japan,Asia/Tokyo,9.0,"(24.826667,125.144722)"
PGA,Page Municipal Airport,"Page, Arizona",United States of America,America/Denver,-6.0,"(36.9261,-111.4483)"
ERI,Erie Intl Tom Ridge Fld,"Erie, PA",United States of America,America/New_York,-4.0,"(42.082022,-80.176217)"
TYD,Tynda,Tynda,Russian Federation,Asia/Yakutsk,9.0,"(55.2843,124.7825)"
AGH,Ängelholm-Helsingborg Airport,Helsingborg,Sweden,Europe/Stockholm,2.0,"(56.2961,12.8471)"
JHE,Helsingborg Cruise Port,Helsingborg,Sweden,Europe/Stockholm,2.0,"(56.0419,12.6912)"
UIN,Quincy Regional Baldwin Field,"Quincy, IL",United States of America,America/Chicago,-5.0,"(39.9427,-91.1946)"
TGG,Sultan Mahmud,Kuala Terengganu,Malaysia,Asia/Kuala_Lumpur,8.0,"(5.382639,103.10336)"
ELE,EL Real Airport,El Real,Panama,America/Panama,-5.0,"(8.133,-77.7)"
GMI,Gasmata Island Airport,Gasmata Island,Papua New Guinea,Asia/Vladivostok,10.0,"(-6.27111,150.331)"
SUB,Juanda,Surabaya,Indonesia,Asia/Jakarta,7.0,"(-7.379831,112.786858)"
DHX,DHOHO INTERNATIONAL,Surabaya,Indonesia,Asia/Jakarta,7.0,"(-7.761672,111.951521)"
SBH,Saint Barthelemy,Saint Barthelemy,Guadeloupe,America/St_Barthelemy,-4.0,"(17.9023,-62.8324)"
MUQ,Munich HBF,Muccan,Australia,Australia/Perth,8.0,"(48.1408,11.555)"
ZLO,Playa De Oro Intl,Manzanillo,Mexico,America/Mexico_City,-6.0,"(19.144778,-104.558631)"
AMH,Arba Minch,Arba Mintch,Ethiopia,Africa/Addis_Ababa,3.0,"(6.039389,37.590453)"
ALF,Alta,Alta,Norway,Europe/Oslo,2.0,"(69.976111,23.371667)"
AWB,Awaba Airport,Awaba,Papua New Guinea,Asia/Vladivostok,10.0,"(-8.014,142.75)"
ISW,Alexander Field South Wood County Airport,"Wisconsin Rapids, Wisconsin",United States of America,America/Chicago,-5.0,"(44.3606456,-89.8381412)"
LWY,Lawas Airport,Lawas,Malaysia,Asia/Kuching,8.0,"(4.84917,115.408)"
HVN,Tweed-New Haven Airport,"New Haven, CT",United States of America,America/New_York,-4.0,"(41.26375,-72.886806)"
ZVE,New Haven Rail Station,"New Haven, CT",United States of America,America/New_York,-4.0,"(41.298669,-72.925992)"
POL,Pemba,Pemba,Mozambique,Africa/Maputo,2.0,"(-12.986753,40.522492)"
SPI,Abraham Lincoln Capital,"Springfield, Illinois",United States of America,America/Chicago,-5.0,"(39.8441,-89.677889)"
YJT,Stephenville,Stephenville,Canada,America/St_Johns,-2.5,"(48.544167,-58.549999)"
KCM,Kahramanmaras Airport,Kahramanmaras,Turkey,Europe/Istanbul,3.0,"(37.539,36.9534)"
LCH,Lake Charles Rgnl,"Lake Charles, Louisiana",United States of America,America/Chicago,-5.0,"(30.126112,-93.223335)"
KUK,Kasigluk Airport,"Kasigluk, Alaska",United States of America,America/Nome,-8.0,"(60.873333,-162.524444)"
DHT,Dalhart Muni,"Dalhart, Texas",United States of America,America/Chicago,-5.0,"(36.022586,-102.547278)"
YOG,Ogoki Post Airport,Ogoki,Canada,America/Toronto,-4.0,"(51.6586,-85.9017)"
HZL,Hazleton Municipal,"Hazleton, Pennsylvania",United States of America,America/New_York,-4.0,"(40.989167,-76.0025)"
KRN,Kiruna,Kiruna,Sweden,Europe/Stockholm,2.0,"(67.821986,20.336764)"
AGX,Agatti,Agatti Island,India,Asia/Kolkata,5.5,"(10.823656,72.176042)"
KKU,Ekuk                ,"Ekuk, Alaska",United States of America,America/Anchorage,-8.0,"(58.81168,-158.56106)"
PKR,Pokhara,Pokhara,Nepal,Asia/Kathmandu,5.75,"(28.200881,83.982056)"
PSC,Tri Cities Airport,"Pasco, Washington",United States of America,America/Los_Angeles,-7.0,"(46.2647,-119.119)"
TLE,Toliara,Tulear,Madagascar,Indian/Antananarivo,3.0,"(-23.383369,43.728453)"
MKL,Mc Kellar Sipes Rgnl,"Jackson, Tennessee",United States of America,America/Chicago,-5.0,"(35.599889,-88.915611)"
HAA,Hasvik,Hasvik,Norway,Europe/Oslo,2.0,"(70.486675,22.139744)"
UKY,Kyoto,Kyoto,Japan,Asia/Tokyo,9.0,"(35.016667,135.766667)"
PCP,Principe,Principe,Sao Tomea and Principe,Africa/Sao_Tome,0.0,"(1.662936,7.411742)"
UNG,Kiunga Airport,Kiunga,Papua New Guinea,Pacific/Port_Moresby,10.0,"(-6.12571,141.282)"
BAL,Batman,Batman,Turkey,Europe/Istanbul,3.0,"(37.928969,41.116583)"
TAK,Takamatsu,Takamatsu,Japan,Asia/Tokyo,9.0,"(34.214167,134.015556)"
GUM,Guam Intl,Guam,Guam,Pacific/Guam,10.0,"(13.48345,144.795983)"
UAM,Andersen Afb,Guam,Guam,Pacific/Guam,10.0,"(13.583953,144.930025)"
ZGS,Gethsemani          ,Gethsemani,Canada,,,"(50.2573,-60.66925)"
BVS,Breves Airport,Breves,Brazil,America/Belem,-3.0,"(-1.681944,-50.48)"
BBJ,Bautzen,Bitburg,Germany,Europe/Berlin,2.0,"(51.193531,14.519747)"
HOD,Hodeidah Intl,Hodeidah,Yemen,Asia/Aden,3.0,"(14.753,42.976336)"
SQQ,Siauliai Intl,Siauliai,Lithuania,Europe/Vilnius,3.0,"(55.893886,23.394975)"
KDA,Kolda               ,Kolda,Senegal,Africa/Dakar,0.0,"(12.88333,-14.96667)"
URO,Vallee De Seine,Rouen,France,Europe/Paris,2.0,"(49.384172,1.1748)"
CHX,Cap Manuel Nino Intl,Changuinola,Panama,America/Panama,-5.0,"(9.458636,-82.516806)"
VGA,Vijayawada,Vijayawada,India,Asia/Kolkata,5.5,"(16.530433,80.796847)"
MDZ,El Plumerillo,Mendoza,Argentina,America/Argentina/Mendoza,-3.0,"(-32.831717,-68.792856)"
SOG,Sogndal Airport,Sogndal,Norway,Europe/Oslo,2.0,"(61.1561,7.13778)"
CQD,Shahre Kord Airport,Shahre-Kord,Iran,Asia/Tehran,3.5,"(32.2972,50.8422)"
ZRJ,Round Lake (Weagamow Lake) Airport,Round Lake,Canada,America/Winnipeg,-5.0,"(52.9436,-91.3128)"
FUN,Funafuti International,Funafuti Atol,Tuvalu,Pacific/Funafuti,12.0,"(-8.525,179.196389)"
MCP,Macapa,Macapa,Brazil,America/Belem,-3.0,"(0.050664,-51.072178)"
SOD,Sorocaba Airport,Sorocaba,Brazil,America/Sao_Paulo,-3.0,"(-23.478,-47.49)"
MOO,Moomba,Moomba,Australia,Australia/Adelaide,9.5,"(-28.1,140.2)"
HVB,Hervey Bay Airport,Hervey Bay,Australia,Australia/Brisbane,10.0,"(-25.318889,152.880278)"
BTV,Burlington Intl,"Burlington, Vermont",United States of America,America/New_York,-4.0,"(44.471861,-73.153278)"
LGN,Linga linga         ,Linga Linga,Papua New Guinea,Asia/Vladivostok,10.0,"(0.0,0.0)"
NKC,Nouakchott,Nouakchott,Mauritania,Africa/Nouakchott,0.0,"(18.097856,-15.947956)"
KPV,Perryville Airport,"Perryville, Alaska",United States of America,America/Anchorage,-8.0,"(55.906667,-159.160833)"
HYN,Huangyan Luqiao Airport,Taizhou (Zhejiang),China,Asia/Shanghai,8.0,"(28.5622,121.429)"
RYB,Staroselye Airport,Rybinsk,Russian Federation,Europe/Moscow,3.0,"(58.1042,38.9294)"
BFS,Belfast Intl,Belfast,Great Britain (United Kingdom),Europe/London,1.0,"(54.6575,-6.215833)"
BHD,Belfast City,Belfast,Great Britain (United Kingdom),Europe/London,1.0,"(54.618056,-5.8725)"
RUH,King Khaled Intl,Riyadh,Saudi Arabia,Asia/Riyadh,3.0,"(24.95764,46.698776)"
OTH,Southwest Oregon Regional Airport,"North Bend, Oregon",United States of America,America/Los_Angeles,-7.0,"(43.4171,-124.246)"
KFG,Kalkgurung Airport,Kalkurung,Australia,Australia/Darwin,9.5,"(-17.4319,130.808)"
EDW,Edwards Afb,"Edwards Afb, California",United States of America,America/Los_Angeles,-7.0,"(34.905417,-117.883739)"
BIL,Billings Logan International Airport,"Billings, Montana",United States of America,America/Denver,-6.0,"(45.80921,-108.537654)"
DYR,Ugolny Airport,Anadyr,Russian Federation,Asia/Anadyr,12.0,"(64.73495,177.741483)"
SBW,Sibu,Sibu,Malaysia,Asia/Kuching,8.0,"(2.261603,111.985322)"
TPJ,Taplejung,Taplejung,Nepal,Asia/Kathmandu,5.75,"(27.35,84.667)"
BNU,Aeroporto Blumenau,Blumenau,Brazil,America/Sao_Paulo,-3.0,"(-26.834239,-49.091696)"
TCU,Thaba nchu          ,Thaba Nchu,South Africa,Africa/Johannesburg,2.0,"(-29.3178,26.8228)"
TCN,Tehuacan,Tehuacan,Mexico,America/Mexico_City,-6.0,"(18.497189,-97.419942)"
AZD,Yazd Shahid Sadooghi,Yazd,Iran,Asia/Tehran,3.5,"(31.904908,54.276503)"
CMI,Champaign,"Champaign, Illinois",United States of America,America/Chicago,-5.0,"(40.03925,-88.278056)"
KSO,Aristotelis,Kastoria,Greece,Europe/Athens,3.0,"(40.446294,21.282186)"
ZWL,Wollaston Lake Airport,Wollaston Lake,Canada,America/Regina,-6.0,"(58.1069,-103.172)"
TUV,Tucupita,Tucupita,Venezuela,America/Caracas,-4.0,"(9.088994,-62.094175)"
KUQ,Kuri                ,Kuri,Papua New Guinea,Pacific/Port_Moresby,10.0,"(0.0,0.0)"
MLA,Luqa,Malta,Malta,Europe/Malta,2.0,"(35.857497,14.4775)"
IRC,Circle City Airport,"Circle, Alaska",United States of America,America/Anchorage,-8.0,"(65.827778,-144.076111)"
BGI,Grantley Adams Intl,Bridgetown,Barbados,America/Barbados,-4.0,"(13.074603,-59.492456)"
GHU,Gualeguaychu,Gualeguaychu,Argentina,America/Argentina/Cordoba,-3.0,"(-33.010278,-58.613056)"
IPA,Ipota Airport,Ipota,Vanuatu,Pacific/Efate,11.0,"(-18.8783,169.308)"
CJB,Coimbatore,Coimbatore,India,Asia/Kolkata,5.5,"(11.030031,77.043383)"
SXB,Entzheim,Strasbourg,France,Europe/Paris,2.0,"(48.538319,7.628233)"
XER,Strasbourg          ,Strasbourg,France,Europe/Paris,2.0,"(0.0,0.0)"
XWG,Gare de Strasbourg,Strasbourg,France,Europe/Paris,2.0,"(48.585068,7.734547)"
ZLP,Zurich hbf railway station,Zuerich,Switzerland,Europe/Zurich,2.0,"(0.0,0.0)"
ZRH,Zurich,Zuerich,Switzerland,Europe/Zurich,2.0,"(47.464722,8.549167)"
ZEU,GOETTINGEN,Goettingen,Germany,Europe/Berlin,2.0,"(51.536631,9.926776)"
SNO,Sakon Nakhon,Sakon Nakhon,Thailand,Asia/Bangkok,7.0,"(17.195142,104.118625)"
WPR,Aeropuerto Capitan Fuentes Martinez,Porvenir,Chili,America/Santiago,-4.0,"(-53.2537,-70.319228)"
CDW,Caldwell Essex County Airport,"Caldwell, New Jersey",United States of America,America/New_York,-4.0,"(40.8752222,-74.2813611)"
LGG,Liege,Liege,Belgium,Europe/Brussels,2.0,"(50.637417,5.443222)"
XHN,Liege-Guillemins Railway Station,Liege,Belgium,Europe/Brussels,2.0,"(50.6333,5.56667)"
BZL,Barisal Airport,Barisal,Bangladesh,Asia/Dhaka,6.0,"(22.801,90.3012)"
GRM,Grand Marais Cook County Airport,"Grand Marais, Minnesota",United States of America,America/Detroit,-4.0,"(47.8383333,-90.3829444)"
FOC,Changle,Fuzhou,China,Asia/Shanghai,8.0,"(25.935064,119.663272)"
IQM,Qiemo Airport,Qiemo,China,Asia/Urumqi,6.0,"(38.1494,85.5328)"
NRK,Kungsangen,Norrkoeping,Sweden,Europe/Stockholm,2.0,"(58.586253,16.250622)"
XYK,NORRKOPING,Norrkoeping,Sweden,Europe/Stockholm,2.0,"(58.577157,16.245069)"
ORJ,Orinduik Airport,Orinduik,Guyana,America/Boa_Vista,-4.0,"(4.7,-60.016667)"
SUV,Nausori Intl,Suva,Fiji,Pacific/Fiji,12.0,"(-18.043267,178.559228)"
MPY,Maripasoula Airport,Maripasoula,French Guyana,America/Cayenne,-3.0,"(3.6575,-54.037222)"
NAQ,Qaanaaq Airport,Qaanaaq,Greenland,America/Thule,-3.0,"(77.4886,-69.3887)"
HNH,Hoonah Airport,"Hoonah, Alaska",United States of America,America/Juneau,-8.0,"(58.096111,-135.409722)"
KUF,Kurumoch,Samara,Russian Federation,Europe/Samara,4.0,"(53.5,50.15)"
IAR,Tunoshna,Yaroslavl,Russian Federation,Europe/Moscow,3.0,"(57.56066668,40.15736945)"
,Yaroslavl Rail Stn,Yaroslavl,Russian Federation,Europe/Moscow,3.0,"(57.625583,39.835278)"
LYI,Shubuling Airport,Linyi,China,Asia/Shanghai,8.0,"(35.0461,118.412)"
EGS,Egilsstadir,Egilsstadir,Iceland,Atlantic/Reykjavik,0.0,"(65.283333,-14.401389)"
SXL,Sligo,Sligo,Ireland,Europe/Dublin,1.0,"(54.280214,-8.599206)"
BAG,Baguio,Baguio,Philippines,Asia/Manila,8.0,"(16.375103,120.619636)"
CCF,Salvaza,Carcassonne,France,Europe/Paris,2.0,"(43.215978,2.306317)"
HIO,Portland Hillsboro,"Hillsboro, Oregon",United States of America,America/Los_Angeles,-7.0,"(45.540394,-122.949825)"
HKG,Hong Kong Intl,Hong Kong,Hong Kong,Asia/Hong_Kong,8.0,"(22.308919,113.914603)"
HKM,HONG KONG ZHUHAI MACAO,Hong Kong,Hong Kong,Asia/Hong_Kong,8.0,"(22.283056,113.780556)"
FDD,SAN SEBASTIAN,San Sebastian,Spain,Europe/Madrid,2.0,"(43.301117,-1.980038)"
EAS,San Sebastian,San Sebastian,Spain,Europe/Madrid,2.0,"(43.356519,-1.790611)"
PFQ,Parsabade Moghan Airport,Parsabad,Iran,Asia/Tehran,3.5,"(39.603606,47.8815)"
YDI,Davis inlet         ,Davis Inlet,Canada,America/Halifax,-3.0,"(0.0,0.0)"
FEL,Furstenfeldbruck,Fuerstenfeldbruck,Germany,Europe/Berlin,2.0,"(48.205667,11.267)"
RWI,Rocky Mount Wilson Regional Airport,"Rocky Mount, NC",United States of America,America/New_York,-4.0,"(35.8563,-77.8919)"
CMD,Cootamundra         ,Cootamundra,Australia,Australia/Sydney,10.0,"(-34.6239,148.028)"
TSJ,Tsushima,Tsushima,Japan,Asia/Tokyo,9.0,"(34.284889,129.33055)"
SIA,Xi\\'An Xiguan,Xi An Xiguan,China,Asia/Chongqing,8.0,"(34.3767,109.12)"
GJT,Grand Junction Regional,"Grand Junction, Colorado",United States of America,America/Denver,-6.0,"(39.122413,-108.526735)"
ULO,Ulaangom Airport,Ulaangom,Mongolia,Asia/Hovd,7.0,"(49.973333,92.079722)"
IMF,Imphal,Imphal,India,Asia/Kolkata,5.5,"(24.75995,93.896697)"
LQN,Qala-nau            ,Qala Nau,Afghanistan,Asia/Kabul,4.5,"(34.985,63.1178)"
PTD,Port alexander      ,"Port Alexander, Alaska",United States of America,America/Sitka,-8.0,"(0.0,0.0)"
CNL,Sindal Airport,Sindal,Denmark,Europe/Copenhagen,2.0,"(57.503525,10.229372)"
YLJ,Meadow Lake,Meadow Lake,Canada,America/Regina,-6.0,"(54.125278,-108.522778)"
POW,Portoroz,Portoroz,Slovenia,Europe/Ljubljana,2.0,"(45.473353,13.614978)"
DSK,Dera Ismael Khan Airport,Dera Ismail Khan,Pakistan,Asia/Karachi,5.0,"(31.909422,70.896639)"
MDK,Mbandaka,Mbandaka,"Congo, Democratic Republic of the",Africa/Kinshasa,1.0,"(0.0226,18.288744)"
LWO,Lviv Intl,Lvov,Ukraine,Europe/Kiev,3.0,"(49.8125,23.956111)"
PQI,Northern Maine Rgnl At Presque Isle,"Presque Isle, Maine",United States of America,America/New_York,-4.0,"(46.688958,-68.044797)"
LTK,Bassel Al Assad Intl,Latakia,Syria,Asia/Damascus,3.0,"(35.401094,35.948681)"
HYL,Hollis Seaplane Base,"Hollis, Alaska",United States of America,America/Anchorage,-8.0,"(55.481667,-132.646111)"
TVS,Sannvhe,Tangshan,China,Asia/Shanghai,8.0,"(39.717444,118.002389)"
HMV,Hemavan Airport,Hemavan,Sweden,Europe/Stockholm,2.0,"(65.806111,15.082778)"
TNQ,Teraina             ,Teraina,Kiribati,Pacific/Kiritimati,14.0,"(0.0,0.0)"
SUH,Sur                 ,Sur,Oman,Asia/Muscat,4.0,"(0.0,0.0)"
AJI,Agri Airport,Agri,Turkey,Europe/Istanbul,3.0,"(39.6546,43.0271)"
HIR,Honiara International,Honiara,Solomon Islands,Pacific/Guadalcanal,11.0,"(-9.428,160.054789)"
CZN,Chisana Airport,"Chisana, Alaska",United States of America,America/Anchorage,-8.0,"(62.071111,-142.048333)"
YVM,Qikiqtarjuaq,Qikiqtarjuaq,Canada,America/Pangnirtung,-4.0,"(67.545833,-64.031389)"
CDP,Cuddapah,Cuddapah,India,Asia/Kolkata,5.5,"(14.509961,78.772833)"
SDC,Williamson-Sodus Airport,Sandcreek,Guyana,America/Guyana,-4.0,"(43.2347904,-77.119444)"
NQN,Presidente Peron,Neuquen,Argentina,America/Argentina/Salta,-3.0,"(-38.949,-68.155711)"
HPA,Lifuka Island Airport,Ha Apai,Tonga,Pacific/Tongatapu,13.0,"(-19.777,-174.341)"
CMP,Campo Alegre Airport,Santana Do Aragua,Brazil,America/Belem,-3.0,"(-9.505,-50.625)"
CCM,Forquilhinha,Criciuma,Brazil,America/Sao_Paulo,-3.0,"(-28.725817,-49.424739)"
MUH,Mersa Matruh,Mersa Matruh,Egypt,Africa/Cairo,3.0,"(31.325356,27.221689)"
SLH,Sola Airport,Sola,Vanuatu,Pacific/Efate,11.0,"(-13.8517,167.537)"
BYN,Bayankhongor Airport,Bayankhongor,Mongolia,Asia/Ulaanbaatar,8.0,"(46.1633,100.704)"
NIP,Jacksonville Nas,"Jacksonville, Florida",United States of America,America/New_York,-4.0,"(30.235834,-81.680556)"
JAX,Jacksonville Intl,"Jacksonville, Florida",United States of America,America/New_York,-4.0,"(30.494056,-81.687861)"
VQQ,Cecil Field,"Jacksonville, Florida",United States of America,America/New_York,-4.0,"(30.2187,-81.8767)"
KAL,Kaltag Airport,"Kaltag, Alaska",United States of America,America/Anchorage,-8.0,"(64.3191,-158.741)"
CRP,Corpus Christi Intl,"Corpus Christi, Texas",United States of America,America/Chicago,-5.0,"(27.770361,-97.501222)"
KLC,Kaolack,Kaolack,Senegal,Africa/Dakar,0.0,"(14.146881,-16.051297)"
TRD,Vaernes,Trondheim,Norway,Europe/Oslo,2.0,"(63.457556,10.92425)"
YVB,Bonaventure Airport,Bonaventure,Canada,America/Montreal,-4.0,"(48.0711,-65.4603)"
LZO,Luzhou Airport,Luzhou,China,Asia/Chongqing,8.0,"(28.8522,105.393)"
TGM,Transilvania Targu Mures,Tirgu Mures,Romania,Europe/Bucharest,3.0,"(46.467714,24.412525)"
KNH,Shang Yi,Kinmen,Taiwan,Asia/Taipei,8.0,"(24.427892,118.359197)"
SMI,Samos,Samos,Greece,Europe/Athens,3.0,"(37.689999,26.911667)"
GDT,JAGS McCartney International Airport,Grand Turk Is,Turks and Caicos Islands,America/Grand_Turk,-4.0,"(21.4445,-71.1423)"
FLF,Flensburg Schaferhaus,Flensburg,Germany,Europe/Berlin,2.0,"(54.771772,9.378214)"
MFI,Marshfield Municipal Airport,"Marshfield, Wisconsin",United States of America,America/Chicago,-5.0,"(44.6368797,-90.1893267)"
DOL,St Gatien,Deauville,France,Europe/Paris,2.0,"(49.365339,0.154306)"
ASH,Boire Field Airport,"Nashua, New Hampshire",United States of America,America/New_York,-4.0,"(42.78175,-71.5147778)"
TSF,Treviso,Venice,Italy,Europe/Rome,2.0,"(45.6484,12.194422)"
VCE,Marco Polo di Tessera,Venice,Italy,Europe/Rome,2.0,"(45.505278,12.351944)"
XVQ,Santa Lucia Rail Stn,Venice,Italy,Europe/Rome,2.0,"(0.0,0.0)"
XVY,Mestre Railway Station,Venice,Italy,Europe/Rome,2.0,"(0.0,0.0)"
IPL,Imperial Co,"El Centro, CA",United States of America,America/Los_Angeles,-7.0,"(32.834219,-115.578744)"
NJK,El Centro Naf,"El Centro, CA",United States of America,America/Los_Angeles,-7.0,"(32.829222,-115.671667)"
DRO,Durango La Plata Co,"Durango, Colorado",United States of America,America/Denver,-6.0,"(37.151516,-107.75377)"
SKK,Shaktoolik Airport,"Shaktoolik, Alaska",United States of America,America/Anchorage,-8.0,"(64.371111,-161.223889)"
AMY,Ambatomainty Airport,Ambatomainty,Madagascar,Africa/Juba,2.0,"(-17.1667,47.1833)"
ALP,Aleppo Intl,Aleppo,Syria,Asia/Damascus,3.0,"(36.180675,37.224358)"
TER,Lajes,Terceira Island,Portugal,Atlantic/Azores,0.0,"(38.761842,-27.090797)"
HAP,Long island         ,Long Island,Australia,Asia/Vladivostok,10.0,"(0.0,0.0)"
PWQ,Pavlodar,Pavlodar,Kazakhstan,Asia/Qyzylorda,5.0,"(52.195,77.073889)"
FRI,Marshall Aaf,"Fort Riley, Kansas",United States of America,America/Chicago,-5.0,"(39.055275,-96.764453)"
SBK,Armor,Saint Brieuc,France,Europe/Paris,2.0,"(48.537777,-2.854445)"
OBU,Kobuk Airport,"Kobuk, Alaska",United States of America,America/Anchorage,-8.0,"(66.912222,-156.897222)"
CIP,Chipata Airport,Chipata,Zambia,Africa/Lusaka,2.0,"(-13.5583,32.5872)"
CSC,Codela Airport,Canas,Costa Rica,America/Costa_Rica,-6.0,"(10.414,-85.0917)"
UIK,Ust-Ilimsk,Ust Ilimsk,Russian Federation,Asia/Irkutsk,8.0,"(58.135,102.566)"
AKS,Auki Airport,Auki,Solomon Islands,Pacific/Guadalcanal,11.0,"(-8.70257,160.682)"
ZGU,Gaua Island Airport,Gaua,Vanuatu,Pacific/Efate,11.0,"(-14.2181,167.587)"
PNZ,Senador Nilo Coelho,Petrolina,Brazil,America/Recife,-3.0,"(-9.362411,-40.569097)"
BES,Guipavas,Brest,France,Europe/Paris,2.0,"(48.447911,-4.418539)"
CIS,Canton,Canton Island,Kiribati,Pacific/Enderbury,13.0,"(-2.768122,-171.710394)"
MMI,McMinn Co,"Athens, Tennessee",United States of America,America/New_York,-4.0,"(35.39919,-84.56177)"
LMO,Lossiemouth,Lossiemouth,Great Britain (United Kingdom),Europe/London,1.0,"(57.705214,-3.339169)"
KYD,Lanyu,Orchid Island,Taiwan,Asia/Taipei,8.0,"(22.028842,121.533642)"
QXG,Angers St Laud,Angers,France,America/Chicago,-5.0,"(47.464714,-0.556405)"
ANE,Angers-Loire Airport,Angers,France,America/Chicago,-5.0,"(47.5603,-0.312222)"
VNX,Vilankulo,Vilanculos,Mozambique,Africa/Maputo,2.0,"(-22.018431,35.313297)"
BMK,Borkum,Borkum,Germany,Europe/Berlin,2.0,"(53.5955,6.709167)"
WAE,Wadi Al Dawasir Airport,Wadi Ad Dawasir,Saudi Arabia,Asia/Riyadh,3.0,"(20.504275,45.199556)"
RIX,Riga Intl,Riga,Latvia,Europe/Riga,3.0,"(56.923611,23.971111)"
CEE,Cherepovets Airport,Cherepovets,Russian Federation,Europe/Moscow,3.0,"(59.279593,38.022102)"
SYO,Shonai Airport,Shonai,Japan,Asia/Tokyo,9.0,"(38.812222,139.787222)"
ZAJ,Zaranj Airport,Zaranj,Afghanistan,Asia/Kabul,4.5,"(30.969167,61.866944)"
OSZ,Koszalin - Zegrze Pomorskie Airport,Koszalin,Poland,Europe/Warsaw,2.0,"(54.041,16.266)"
CCV,Craig Cove Airport,Craig Cove,Vanuatu,Pacific/Efate,11.0,"(-16.265,167.924)"
CHG,Chaoyang Airport,Chaoyang(Liaoning),China,Asia/Shanghai,8.0,"(41.5381,120.435)"
HRO,Boone Co,"Harrison, Arkansas",United States of America,America/Chicago,-5.0,"(36.261519,-93.154728)"
RDZ,Marcillac,Rodez,France,Europe/Paris,2.0,"(44.407869,2.482672)"
SDQ,Las Americas Intl,Santo Domingo,Dominican Republic,America/Santo_Domingo,-4.0,"(18.429664,-69.668925)"
JBQ,Dr Joaquin Balaguer International Airport,Santo Domingo,Dominican Republic,America/Santo_Domingo,-4.0,"(18.5725,-69.9856)"
CUF,Levaldigi,Cuneo,Italy,Europe/Rome,2.0,"(44.547019,7.623217)"
PQM,Palenque            ,Palenque,Mexico,America/Mexico_City,-6.0,"(17.5334,-91.9845)"
PVC,Provincetown Muni,"Provincetown, Massachusetts",United States of America,America/New_York,-4.0,"(42.071945,-70.22139)"
USI,Mabaruma Airport,Mabaruma,Guyana,America/Guyana,-4.0,"(8.2,-59.783333)"
CGM,Camiguin Airport,Camiguin,Philippines,Asia/Manila,8.0,"(9.25352,124.707)"
GJL,Jijel,Jijel,Algeria,Africa/Algiers,1.0,"(36.795136,5.873608)"
OSB,Mosul International Airport,"Osage Beach, Missouri",United States of America,America/Montreal,-4.0,"(36.305833,43.1475)"
MAF,Midland Intl,"Midland, Texas",United States of America,America/Chicago,-5.0,"(31.942528,-102.201914)"
FDE,Forde Bringeland,Forde,Norway,Europe/Oslo,2.0,"(61.392,5.763)"
SRE,Juana Azurduy De Padilla,Sucre,Bolivia,America/La_Paz,-4.0,"(-19.007083,-65.288747)"
DOU,Dourados Airport,Dourados,Brazil,America/Campo_Grande,-4.0,"(-22.220833,-54.805833)"
EKI,Elkhart Municipal,"Elkhart, Indiana",United States of America,America/Indiana/Indianapolis,-4.0,"(41.719444,-86.003333)"
NNY,Nanyang Airport,Nanyang,China,Asia/Shanghai,8.0,"(32.9808,112.615)"
SFN,Sauce Viejo,Santa Fe,Argentina,America/Argentina/Cordoba,-3.0,"(-31.711666,-60.811668)"
KAE,Kake Seaplane Base,"Kake, Alaska",United States of America,America/Sitka,-8.0,"(56.973056,-133.945556)"
LEW,Lewiston Maine,"Lewiston, Maine",United States of America,America/New_York,-4.0,"(44.0484728,-70.2835075)"
YLE,Whatì Airport,Wha Ti Lac La Matre,Canada,America/Yellowknife,-6.0,"(63.1317,-117.246)"
MHV,Mojave,"Mojave, California",United States of America,America/Los_Angeles,-7.0,"(35.059364,-118.151856)"
TEX,Telluride,"Telluride, Colorado",United States of America,America/Denver,-6.0,"(37.953759,-107.90848)"
EDB,Eldebba             ,Eldebba,Sudan,Africa/Khartoum,2.0,"(18.025,30.9583)"
YOO,Oshawa Airport,Oshawa,Canada,America/Toronto,-4.0,"(43.9228,-78.895)"
RBV,Ramata Airport,Ramata,Solomon Islands,Pacific/Guadalcanal,11.0,"(-8.16806,157.643)"
YEN,Estevan,Estevan,Canada,America/Regina,-6.0,"(49.210278,-102.965833)"
SPZ,Silver Springs Airport,"Springdale, Arkansas",United States of America,America/Chicago,-5.0,"(39.4030278,-119.2511944)"
BDN,Talhar,Badin,Pakistan,Asia/Karachi,5.0,"(24.841519,68.838408)"
EDA,Edna bay            ,"Edna Bay, Alaska",United States of America,America/Anchorage,-8.0,"(55.95002,-133.66662)"
WMP,Mampikony Airport,Mampikony,Madagascar,Indian/Antananarivo,3.0,"(-16.049,47.622)"
IDY,Île d'Yeu Airport,Ile D Yeu,France,Europe/Paris,2.0,"(46.718611,-2.391111)"
MSQ,Minsk 2,Minsk,Belarus,Europe/Minsk,3.0,"(53.882469,28.030731)"
MHP,Minsk 1,Minsk,Belarus,Europe/Minsk,3.0,"(53.864472,27.539683)"
VOL,Nea Anchialos,Volos,Greece,Europe/Athens,3.0,"(39.219619,22.794339)"
RAO,Leite Lopes,Ribeirao Preto,Brazil,America/Sao_Paulo,-3.0,"(-21.134167,-47.774189)"
TTD,Portland Troutdale,"Troutdale, Oregon",United States of America,America/Los_Angeles,-7.0,"(45.54937,-122.401253)"
LAI,Lannion,Lannion,France,Europe/Paris,2.0,"(48.754378,-3.471656)"
ASF,Astrakhan,Astrakhan,Russian Federation,Europe/Volgograd,3.0,"(46.283333,48.006278)"
OUR,Batouri             ,Batouri,Cameroon,Africa/Douala,1.0,"(4.46667,14.36667)"
XCR,Vatry,Chalons En Champagne,France,Europe/Paris,2.0,"(48.776072,4.184492)"
PHW,Phalaborwa,Phalaborwa,South Africa,Africa/Johannesburg,2.0,"(-23.937166,31.15539)"
RKS,Rock Springs Sweetwater County Airport,"Rock Springs, Wyoming",United States of America,America/Denver,-6.0,"(41.5942,-109.065)"
YYY,Mont Joli,Mont Joli,Canada,America/Montreal,-4.0,"(48.608612,-68.208056)"
WOE,Woensdrecht,Bergen Op Zoom,Netherlands (Holland),Europe/Amsterdam,2.0,"(51.449092,4.342031)"
IFJ,Isafjordur,Isafjordur,Iceland,Atlantic/Reykjavik,0.0,"(66.058056,-23.135278)"
YDN,Dauphin Barker,Dauphin,Canada,America/Winnipeg,-5.0,"(51.100834,-100.0525)"
QYP,APELDOORN,Apeldoorn,Netherlands (Holland),Europe/Amsterdam,2.0,"(52.212419,5.965886)"
KOP,Nakhon Phanom,Nakhon Phanom,Thailand,Asia/Bangkok,7.0,"(17.383794,104.643022)"
ABU,Atambua             ,Atambua,Indonesia,Asia/Makassar,8.0,"(-9.07305,124.905)"
SLE,McNary Field,"Salem, Oregon",United States of America,America/Los_Angeles,-7.0,"(44.9095,-123.003)"
UKS,Belbek Sevastopol International Airport,Sevastopol,Russian Federation,Europe/Simferopol,3.0,"(44.691431,33.57567)"
INF,In guezzam          ,In Guezzam,Algeria,Africa/Algiers,1.0,"(19.56667,5.75)"
WIO,Wilcannia,Wilcannia,Australia,Australia/Sydney,10.0,"(-31.51749992,143.3789978)"
TGZ,Angel Albino Corzo,Tuxtla Gutierrez,Mexico,America/Mexico_City,-6.0,"(16.561822,-93.026081)"
RGN,Yangon Intl,Yangon,Myanmar,Asia/Rangoon,6.5,"(16.907305,96.133222)"
TED,Thisted,Thisted,Denmark,Europe/Copenhagen,2.0,"(57.0688,8.705225)"
TNE,New Tanegashima,Tanegashima,Japan,Asia/Tokyo,9.0,"(30.605067,130.991231)"
RNL,Rennell/Tingoa Airport,Rennell,Solomon Islands,Pacific/Guadalcanal,11.0,"(-11.5339,160.063)"
LKB,Lakeba Island Airport,Lakeba,Fiji,Pacific/Fiji,12.0,"(-18.1992,-178.817)"
JEF,Jefferson City Memorial Airport,"Jefferson City, Missouri",United States of America,America/Chicago,-5.0,"(38.5912,-92.1561)"
GDW,Gladwin Zettel Memorial Airport,"Gladwin, Michigan",United States of America,America/Detroit,-4.0,"(43.9705893,-84.47502)"
RMS,Ramstein Ab,Ramstein,Germany,Europe/Berlin,2.0,"(49.436911,7.600283)"
GIY,Giyani              ,Giyani,South Africa,Africa/Johannesburg,2.0,"(-23.2833,30.65)"
BDO,Husein Sastranegara,Bandung,Indonesia,Asia/Jakarta,7.0,"(-6.900625,107.576294)"
CPT,Cape Town Intl,Cape Town,South Africa,Africa/Johannesburg,2.0,"(-33.964806,18.601667)"
PSL,Perth Scone Airport,Perth,Great Britain (United Kingdom),Europe/London,1.0,"(56.439722,-3.371389)"
SAX,Sambu Airport,Sambu,Panama,America/Panama,-5.0,"(8.017,-78.2)"
GVT,Majors,"Greenville, Texas",United States of America,America/Chicago,-5.0,"(33.067839,-96.065333)"
IXR,Birsa Munda,Ranchi,India,Asia/Kolkata,5.5,"(23.31425,85.321675)"
NCE,Cote D'Azur,Nice,France,Europe/Paris,2.0,"(43.658411,7.215872)"
NВИ,Nice ville,Nice,France,Europe/Paris,2.0,"(0.0,0.0)"
SMQ,Sampit(Hasan) Airport,Sampit,Indonesia,Asia/Pontianak,7.0,"(-2.499194,112.974992)"
ELG,El Golea,El Golea,Algeria,Africa/Algiers,1.0,"(30.571294,2.859586)"
USU,Busuanga,Busuanga,Philippines,Asia/Manila,8.0,"(12.121458,120.100031)"
BWK,Brac,Brac,Croatia,Europe/Zagreb,2.0,"(43.285719,16.679719)"
YNJ,Yanji Airport,Yanji,China,Asia/Harbin,8.0,"(42.8828,129.451258)"
QOW,Imo Airport,Owerri,Nigeria,Africa/Lagos,1.0,"(5.42706,7.20603)"
GRX,Granada,Granada,Spain,Europe/Madrid,2.0,"(37.188731,-3.777356)"
SGO,St George Airport,Saint George,Australia,Australia/Brisbane,10.0,"(-28.0497,148.595)"
SGY,Skagway Airport,"Skagway, Alaska",United States of America,America/Juneau,-8.0,"(59.4601,-135.316)"
KLL,Levelock Airport,"Levelock, Alaska",United States of America,America/Anchorage,-8.0,"(59.128056,-156.858611)"
GDZ,Gelendzik,Gelendzik,Russian Federation,Europe/Moscow,3.0,"(44.594111,38.025575)"
WAQ,Antsalova Airport,Antsalova,Madagascar,Indian/Antananarivo,3.0,"(-18.7,44.617)"
QQX,Bath Spa railway station,Bath,Great Britain (United Kingdom),Europe/London,1.0,"(51.3775,-2.3564)"
TDL,Tandil,Tandil,Argentina,America/Argentina/Buenos_Aires,-3.0,"(-37.237392,-59.227922)"
NLG,Nelson Lagoon,"Nelson Lagoon, Alaska",United States of America,America/Anchorage,-8.0,"(56.0075,-161.160278)"
DOG,Dongola,Dongola,Sudan,Africa/Khartoum,2.0,"(19.153867,30.430094)"
PSV,Papa Stour Airport,Papa Stour,Great Britain (United Kingdom),Europe/London,1.0,"(60.3217,-1.69306)"
OMO,Mostar,Mostar,Bosnia & Herzegovina,Europe/Sarajevo,2.0,"(43.2829,17.845878)"
CTA,Catania Fontanarossa,Catania,Italy,Europe/Rome,2.0,"(37.466781,15.0664)"
EXM,Exmouth Airport,Exmouth Gulf,Australia,Australia/Perth,8.0,"(-21.933,114.128)"
BOM,Chhatrapati Shivaji Intl,Mumbai,India,Asia/Kolkata,5.5,"(19.088686,72.867919)"
YCG,Castlegar,Castlegar,Canada,America/Vancouver,-7.0,"(49.296389,-117.6325)"
PPW,Papa Westray Airport,Papa Westray,Great Britain (United Kingdom),Europe/London,1.0,"(59.3517,-2.90028)"
YXX,Abbotsford,Abbotsford,Canada,America/Vancouver,-7.0,"(49.025278,-122.360556)"
VEE,Venetie Airport,"Venetie, Alaska",United States of America,America/Anchorage,-8.0,"(67.008611,-146.366389)"
TJA,Capitan Oriel Lea Plaza,Tarija,Bolivia,America/La_Paz,-4.0,"(-21.555736,-64.701325)"
JAD,Perth Jandakot,Jandakot,Australia,Australia/Perth,8.0,"(-32.0975,115.881111)"
HAD,Halmstad,Halmstad,Sweden,Europe/Stockholm,2.0,"(56.691128,12.820211)"
HUK,Hukuntsi,Hukuntsi,Botswana,Africa/Harare,2.0,"(-23.9897,21.7581)"
SON,Santo Pekoa International Airport,Espiritu Santo,Vanuatu,Pacific/Efate,11.0,"(-15.505033,167.219742)"
NEK,Nekemt              ,Nekemt,Ethiopia,Africa/Addis_Ababa,3.0,"(9.05,36.6)"
PZO,General Manuel Carlos Piar,Puerto Ordaz,Venezuela,America/Caracas,-4.0,"(8.288528,-62.760361)"
LES,Leuterschach BF,Lesobeng,Lesotho,Africa/Maseru,2.0,"(47.75,10.601)"
VLI,Port Vila Bauerfield,Port Vila,Vanuatu,Pacific/Efate,11.0,"(-17.699325,168.319794)"
SZS,Ryans Creek Aerodrome,Stewart Island,New Zealand,Pacific/Auckland,12.0,"(-46.899693,168.101592)"
PAC,Marcos A Gelabert Intl,Panama City,Panama,America/Panama,-5.0,"(8.973339,-79.555583)"
PTY,Tocumen Intl,Panama City,Panama,America/Panama,-5.0,"(9.071364,-79.383453)"
QYD,Gdynia,Gdynia,Poland,Europe/Paris,2.0,"(54.5797,18.5172)"
FNC,Madeira,Funchal,Portugal,Atlantic/Madeira,1.0,"(32.697889,-16.774453)"
BBR,Baillif Airport,Basse Terre,Guadeloupe,America/Guadeloupe,-4.0,"(16.0133,-61.7422)"
QXZ,BUS STATION,Woergl,Austria,Europe/Vienna,2.0,"(0.0,0.0)"
BOC,Bocas Del Toro Intl,Bocas Del Toro,Panama,America/Panama,-5.0,"(9.340853,-82.250842)"
DEM,Dembidollo Airport,Dembidollo,Ethiopia,Africa/Addis_Ababa,3.0,"(8.554,34.858)"
ABZ,Dyce,Aberdeen,Great Britain (United Kingdom),Europe/London,1.0,"(57.201944,-2.197778)"
ZXA,Aberdeen Railway Station,Aberdeen,Great Britain (United Kingdom),Europe/London,1.0,"(57.1474915,-2.095397)"
RWL,Rawlins Municipal Airport-Harvey Field,"Rawlins, Wyoming",United States of America,America/Denver,-6.0,"(41.8055975,-107.19994)"
PES,Petrozavodsk Airport,Petrozavodsk,Russian Federation,Europe/Moscow,3.0,"(61.8852,34.1547)"
YGB,Texada Gillies Bay Airport,Gillies Bay,Canada,America/Vancouver,-7.0,"(49.6942,-124.518)"
MBH,Maryborough Airport,Maryborough,Australia,Australia/Brisbane,10.0,"(-25.5133,152.715)"
YYN,Swift Current,Swift Current,Canada,America/Regina,-6.0,"(50.291944,-107.690556)"
MKZ,Malacca,Malacca,Malaysia,Asia/Kuala_Lumpur,8.0,"(2.263361,102.251553)"
PUZ,Puerto Cabezas,Puerto Cabezas,Nicaragua,America/Managua,-6.0,"(14.047194,-83.386722)"
BFD,Bradford Regional Airport,"Bradford, Pennsylvania",United States of America,America/New_York,-4.0,"(41.8031,-78.6401)"
GVA,Geneve Cointrin,Geneve,Switzerland,Europe/Zurich,2.0,"(46.238064,6.10895)"
ZHT,Geneva railway station,Geneve,Switzerland,Europe/Zurich,2.0,"(46.210217,6.142447)"
KHT,FOB Salerno,Khost,Afghanistan,Asia/Kabul,4.5,"(33.3334,69.952)"
ZQS,Queen charlotte     ,Queen Charlotte Is,Canada,America/Vancouver,-7.0,"(0.0,0.0)"
KWZ,Kolwezi,Kolwezi,"Congo, Democratic Republic of the",Africa/Lubumbashi,2.0,"(-10.765886,25.505714)"
TIZ,Tari Airport,Tari,Papua New Guinea,Pacific/Port_Moresby,10.0,"(-5.845,142.948)"
CGD,Changde Airport,Changde,China,Asia/Shanghai,8.0,"(28.9189,111.64)"
KDH,Kandahar,Kandahar,Afghanistan,Asia/Kabul,4.5,"(31.505756,65.847822)"
BEB,Benbecula,Benbecula,Great Britain (United Kingdom),Europe/London,1.0,"(57.481111,-7.362778)"
WAK,Ankazoabo           ,Ankazoabo,Madagascar,Indian/Antananarivo,3.0,"(0.0,0.0)"
QNX,Charnay,Macon,France,Europe/Paris,2.0,"(46.295103,4.795767)"
MGJ,Orange County Airport,"Montgomery, New York",United States of America,America/New_York,-4.0,"(41.5099884,-74.2646444)"
MCV,McArthur River Mine Airport,Mcarthur River,Australia,Australia/Darwin,9.5,"(-16.4425,136.084)"
KOE,El Tari,Kupang,Indonesia,Asia/Makassar,8.0,"(-10.171583,123.671136)"
BCN,Barcelona,Barcelona,Spain,Europe/Madrid,2.0,"(41.297078,2.078464)"
YJD,FRANCA RAILWAY STN,Barcelona,Spain,Europe/Madrid,2.0,"(0.0,0.0)"
YJB,Saints Railway Stn,Barcelona,Spain,Europe/Madrid,2.0,"(0.0,0.0)"
HLD,Dongshan,Hailar,China,Asia/Shanghai,8.0,"(49.204997,119.825)"
GRD,Greenwood,"Greenwood, South Carolina",United States of America,America/New_York,-4.0,"(34.24957,-82.1579)"
CWL,Cardiff,Cardiff,Great Britain (United Kingdom),Europe/London,1.0,"(51.396667,-3.343333)"
CFW,Cardiff railway station,Cardiff,Great Britain (United Kingdom),Europe/London,1.0,"(-32.94174,151.662891)"
WUG,Wau                 ,Wau,Papua New Guinea,Pacific/Port_Moresby,10.0,"(0.0,0.0)"
MVQ,Mogilev Airport,Mogilyov,Belarus,Europe/Minsk,3.0,"(53.9549,30.0951)"
CRU,Lauriston Airport,Carriacou Is,Grenada,America/Grenada,-4.0,"(12.4761,-61.4728)"
KRW,Turkmenbashi,Turkmanbashi,Turkmenistan,Asia/Ashgabat,5.0,"(40.063333,53.007222)"
ILF,Ilford Airport,Ilford,Canada,America/Winnipeg,-5.0,"(56.0614,-95.6139)"
ZZU,Mzuzu,Mzuzu,Malawi,Africa/Blantyre,2.0,"(-11.44475,34.011776)"
KVA,Megas Alexandros Intl,Kavala,Greece,Europe/Athens,3.0,"(40.913306,24.619223)"
WHK,Whakatane,Whakatane,New Zealand,Pacific/Auckland,12.0,"(-37.920556,176.914167)"
MCN,Middle Georgia Rgnl,"Macon, Georgia",United States of America,America/New_York,-4.0,"(32.69285,-83.649211)"
INY,Singita Sabi Sands,Inyati,South Africa,Africa/Kigali,2.0,"(-24.815,31.42)"
PSK,New river valley,"Dublin, Virginia",United States of America,America/Havana,-4.0,"(37.13829,-80.68105)"
OKB,Orchid Beach,Orchid Beach,Australia,Asia/Vladivostok,10.0,"(-24.95841,153.3145)"
CHO,Charlottesville-Albemarle,"Charlottesville, Virginia",United States of America,America/New_York,-4.0,"(38.138639,-78.452861)"
YCB,Cambridge Bay,Cambridge Bay,Canada,America/Cambridge_Bay,-6.0,"(69.108055,-105.138333)"
LAL,Lakeland Linder Regional Airport,"Lakeland, Florida",United States of America,America/New_York,-4.0,"(27.9889167,-82.0185556)"
MJV,Murcia San Javier,Murcia,Spain,Europe/Madrid,2.0,"(37.774972,-0.812389)"
XUT,RAILWAY STATION,Murcia,Spain,Europe/Madrid,2.0,"(0.0,0.0)"
RMU,INTL REGION DE MURCIA,Murcia,Spain,Europe/Madrid,2.0,"(37.802583,-1.125389)"
GMB,Gambella,Gambela,Ethiopia,Africa/Addis_Ababa,3.0,"(8.128764,34.563131)"
JNG,Jining Airport,Jining,China,Asia/Shanghai,8.0,"(35.417,116.533)"
PMW,Palmas,Palmas,Brazil,America/Araguaina,-3.0,"(-10.241667,-48.35278)"
PDO,Pendopo Airport,Pendopo,Indonesia,Asia/Jakarta,7.0,"(-3.286069,103.8796)"
LLN,Kelila              ,Kelila,Indonesia,Asia/Jayapura,9.0,"(-3.75,138.66667)"
FIG,Fria,Fria,Guinea,Africa/Conakry,0.0,"(10.350556,-13.569167)"
PBJ,Tavie Airport,Paama,Vanuatu,Pacific/Efate,11.0,"(-16.439,168.257)"
PXU,Pleiku Airport,Pleiku,Viet Nam,Asia/Ho_Chi_Minh,7.0,"(14.004522,108.017158)"
BLK,Blackpool,Blackpool,Great Britain (United Kingdom),Europe/London,1.0,"(53.771667,-3.028611)"
WSR,Wasior              ,Wasior,Indonesia,Asia/Jayapura,9.0,"(-2.73359,134.51801)"
MBS,Mbs Intl,"Saginaw, Michigan",United States of America,America/Detroit,-4.0,"(43.532913,-84.079647)"
DJB,Sultan Thaha,Jambi,Indonesia,Asia/Jakarta,7.0,"(-1.638017,103.644378)"
OGZ,Beslan Airport,Vladikavkaz,Russian Federation,Europe/Moscow,3.0,"(43.2051,44.6066)"
MZV,Mulu,Mulu,Malaysia,Asia/Kuching,8.0,"(4.048333,114.805)"
AMS,Schiphol,Amsterdam,Netherlands (Holland),Europe/Amsterdam,2.0,"(52.308613,4.763889)"
ZYA,Amsterdam Centraal,Amsterdam,Netherlands (Holland),Europe/Amsterdam,2.0,"(52.3787,4.899931)"
LPA,Gran Canaria,Gran Canaria,Spain,Atlantic/Canary,1.0,"(27.931886,-15.386586)"
RTA,Rotuma Airport,Rotuma Island,Fiji,Pacific/Fiji,12.0,"(-12.4825,177.071)"
BBK,Kasane,Kasane,Botswana,Africa/Gaborone,2.0,"(-17.832875,25.1624)"
BIM,South Bimini,Bimini,Bahamas,America/Nassau,-4.0,"(25.699881,-79.264656)"
NSB,Bimini North Seaplane Base,Bimini,Bahamas,America/Nassau,-4.0,"(25.767,-79.25)"
KTM,Tribhuvan Intl,Kathmandu,Nepal,Asia/Kathmandu,5.75,"(27.696583,85.3591)"
WSY,Whitsunday Airstrip,Airlie Beach,Australia,Asia/Vladivostok,10.0,"(-20.276,148.755)"
OSC,Oscoda Wurtsmith,"Oscoda, Michigan",United States of America,America/Detroit,-4.0,"(44.451558,-83.394053)"
BDQ,Vadodara,Vadodara,India,Asia/Kolkata,5.5,"(22.336164,73.226289)"
ELJ,El recreo           ,El Recreo,Colombia,America/Rio_Branco,-5.0,"(0.0,0.0)"
ZNF,Hanau Aaf,Hanau,Germany,Europe/Berlin,2.0,"(50.169189,8.961586)"
YQT,Thunder Bay,Thunder Bay,Canada,America/Thunder_Bay,-4.0,"(48.371944,-89.323889)"
NLC,Lemoore Nas,"Lemoore, California",United States of America,America/Los_Angeles,-7.0,"(36.333012,-119.95208)"
RDO,Radom,Radom,Poland,Europe/Warsaw,2.0,"(51.39,21.21)"
PIF,Pingtung South,Pingtung,Taiwan,Asia/Taipei,8.0,"(22.672367,120.461728)"
FGL,Fox Glacier Airstrip,Fox Glacier,New Zealand,Pacific/Auckland,12.0,"(-43.4,170.033)"
XAP,Chapeco,Chapeco,Brazil,America/Sao_Paulo,-3.0,"(-27.134219,-52.656553)"
SKZ,Sukkur,Sukkur,Pakistan,Asia/Karachi,5.0,"(27.721989,68.791683)"
BLV,Scott Afb Midamerica,"Belleville, Illinois",United States of America,America/Chicago,-5.0,"(38.545178,-89.835183)"
WWK,Wewak Intl,Wewak,Papua New Guinea,Pacific/Port_Moresby,10.0,"(-3.583828,143.669186)"
HGL,Helgoland-Düne Airport,Helgoland,Germany,Europe/Berlin,2.0,"(54.1853,7.91583)"
TPE,Taiwan Taoyuan Intl,Taipei,Taiwan,Asia/Taipei,8.0,"(25.077731,121.232822)"
TSA,Sungshan,Taipei,Taiwan,Asia/Taipei,8.0,"(25.069722,121.5525)"
BNY,Bellona,Bellona,Solomon Islands,Pacific/Guadalcanal,11.0,"(-11.302,159.8)"
PAF,Pakuba Airport,Pakuba,Uganda,Africa/Kampala,3.0,"(2.3275,31.5)"
SCQ,Santiago,Santiago,Spain,Europe/Madrid,2.0,"(42.896333,-8.415144)"
LBL,Liberal Muni,"Liberal, Kansas",United States of America,Asia/Kuching,8.0,"(37.044222,-100.95986)"
BBO,Berbera,Berbera,Somali,Africa/Mogadishu,3.0,"(10.389167,44.941106)"
YGR,Iles De La Madeleine,Iles De La Madele,Canada,America/Halifax,-3.0,"(47.424721,-61.778056)"
UMY,Сумы                ,Sumi,Ukraine,Europe/Kiev,3.0,"(50.8583,34.7625)"
JYV,Jyvaskyla,Jyvaskyla,Finland,Europe/Helsinki,3.0,"(62.399453,25.678253)"
LLF,Yongzhou Lingling Airport,Ling Ling,China,Asia/Shanghai,8.0,"(26.345556,111.612222)"
NDG,Qiqihar Sanjiazi Airport,Qiqihar,China,Asia/Harbin,8.0,"(47.239628,123.918131)"
WTN,Waddington,Waddington,Great Britain (United Kingdom),Europe/London,1.0,"(53.166167,-0.523811)"
ARK,Arusha,Arusha,Tanzania,Africa/Dar_es_Salaam,3.0,"(-3.367794,36.633333)"
DJG,Tiska,Djanet,Algeria,Africa/Algiers,1.0,"(24.292767,9.452444)"
TIW,Tacoma Narrows Airport,"Tacoma, Washington",United States of America,America/Vancouver,-7.0,"(47.267944,-122.57811)"
GRF,Gray Aaf,"Tacoma, Washington",United States of America,America/Vancouver,-7.0,"(47.079217,-122.580783)"
TCM,Mc Chord Afb,"Tacoma, Washington",United States of America,America/Vancouver,-7.0,"(47.137678,-122.476475)"
TNK,Tununak Airport,"Tununak, Alaska",United States of America,America/Anchorage,-8.0,"(60.575556,-165.271667)"
SFQ,Sanliurfa Airport,Sanliurfa,Turkey,Europe/Istanbul,3.0,"(37.094261,38.847103)"
GNY,Sanliurfa GAP,Sanliurfa,Turkey,Europe/Istanbul,3.0,"(37.45,38.9)"
TWD,Jefferson County Intl,"Port Townsend, Washington",United States of America,America/Los_Angeles,-7.0,"(48.0314,-122.4838)"
CRA,Craiova,Craiova,Romania,Europe/Bucharest,3.0,"(44.318139,23.888611)"
YGT,Igloolik Airport,Igloolik,Canada,America/Iqaluit,-4.0,"(69.3647,-81.8161)"
SYU,Warraber Island Airport,Sue Island,Australia,Australia/Brisbane,10.0,"(-10.2083,142.825)"
SGC,Surgut,Surgut,Russian Federation,Asia/Yekaterinburg,5.0,"(61.340905,73.408628)"
SLQ,Sleetmute Airport,"Sleetmute, Alaska",United States of America,America/Anchorage,-8.0,"(61.700566,-157.165833)"
LGB,Long Beach,"Long Beach, California",United States of America,America/Los_Angeles,-7.0,"(33.817722,-118.151611)"
YTR,Trenton,Trenton,Canada,America/Toronto,-4.0,"(44.118889,-77.528056)"
CUN,Cancun Intl,Cancun,Mexico,America/Cancun,-5.0,"(21.036528,-86.877083)"
YCW,Chilliwack,Chilliwack,Canada,America/Vancouver,-7.0,"(49.152779,-121.93889)"
FLV,Sherman Aaf,"Fort Leavenworth, Kansas",United States of America,America/Chicago,-5.0,"(39.368332,-94.914686)"
BJX,Guanajuato Intl,Leon,Mexico,America/Mexico_City,-6.0,"(20.993464,-101.480847)"
VEL,Vernal Regional Airport,"Vernal, Utah",United States of America,America/Denver,-6.0,"(40.440833,-109.51)"
JUM,Jumla,Jumla,Nepal,Asia/Kathmandu,5.75,"(29.274167,82.193333)"
MCD,Mackinac Island Airport,"Mackinac Island, Michigan",United States of America,America/Toronto,-4.0,"(45.8649344,-84.637344)"
QVL,Villach Hauptbahnhof,Villach,Austria,,,"(46.618333,13.848333)"
AKY,Sittwe,Sittwe,Myanmar,Asia/Rangoon,6.5,"(20.132708,92.872628)"
VEV,Barakoma            ,Barakoma,Solomon Islands,Pacific/Guadalcanal,11.0,"(-7.91278,156.70599)"
JDH,Jodhpur,Jodhpur,India,Asia/Kolkata,5.5,"(26.251092,73.048869)"
KUY,Kamusi Airport,Kamusi,Papua New Guinea,,,"(-7.42035,143.122)"
SFD,San Fernando De Apure,San Fernando De Apure,Venezuela,America/Caracas,-4.0,"(7.883317,-67.444025)"
HVR,Havre City Co,"Havre, MO",United States of America,America/Denver,-6.0,"(48.542983,-109.762342)"
UAP,Ua Pou Airport,Ua Pou,French Polynesia,Pacific/Marquesas,-9.5,"(-9.35167,-140.078)"
OWB,Owensboro Daviess County Airport,"Owensboro, KY",United States of America,America/Chicago,-5.0,"(37.7401,-87.1668)"
TBJ,7 Novembre,Tabarka,Tunisia,Africa/Tunis,1.0,"(36.978333,8.876389)"
YUB,Tuktoyaktuk,Tuktoyaktuk,Canada,America/Yellowknife,-6.0,"(69.433334,-133.026389)"
ADY,Alldays Airport,Alldays,South Africa,Africa/Johannesburg,2.0,"(-22.678889,29.055278)"
IUE,Niue International Airport,Niue Island,Niue,Pacific/Niue,-11.0,"(-19.080028,-169.925639)"
WSJ,San Juan - Uganik Seaplane Base,"San Juan, Alaska",United States of America,America/Anchorage,-8.0,"(57.730278,-153.320556)"
BEN,Benina,Benghazi,Libyan Arab Jamahiriya,Africa/Tripoli,2.0,"(32.096786,20.269472)"
YTF,Alma Airport,Alma,Canada,America/Montreal,-4.0,"(48.508611,-71.641389)"
REL,Almirante Zar,Trelew,Argentina,America/Argentina/Catamarca,-3.0,"(-43.2105,-65.270319)"
HRB,Taiping,Harbin,China,Asia/Harbin,8.0,"(45.623403,126.250328)"
IRI,Iringa,Iringa,Tanzania,Africa/Dar_es_Salaam,3.0,"(-7.668633,35.752114)"
YZF,Yellowknife,Yellowknife,Canada,America/Yellowknife,-6.0,"(62.462778,-114.440278)"
AAA,Anaa,Anaa,French Polynesia,Pacific/Tahiti,-10.0,"(-17.352606,-145.509956)"
NNJ,Fajardo             ,Fajardo,Puerto Rico,America/Puerto_Rico,-4.0,"(0.0,0.0)"
FAJ,Diego Jimenez Torres,Fajardo,Puerto Rico,America/Puerto_Rico,-4.0,"(18.308889,-65.661861)"
RIG,Rio Grande,Rio Grande,Brazil,America/Sao_Paulo,-3.0,"(-32.082617,-52.166542)"
YMJ,Moose Jaw Air Vice Marshal C M Mcewen,Moose Jaw,Canada,America/Regina,-6.0,"(50.330278,-105.559167)"
PKC,Yelizovo,Petropavlovsk Kamchatsky,Russian Federation,Asia/Kamchatka,12.0,"(53.169342,158.425544)"
WRY,Westray Airport,Westray,Great Britain (United Kingdom),Europe/London,1.0,"(59.3503,-2.95)"
ESC,Delta County Airport,"Escanaba, Michigan",United States of America,America/Detroit,-4.0,"(45.722778,-87.093611)"
PMV,Del Caribe Intl Gen Santiago Marino,Porlamar,Venezuela,America/Caracas,-4.0,"(10.912926,-63.967581)"
NVA,Benito Salas,Neiva,Colombia,America/Bogota,-5.0,"(2.95015,-75.294)"
BKI,Kota Kinabalu Intl,Kota Kinabalu,Malaysia,Asia/Kuching,8.0,"(5.937208,116.051181)"
BQT,Brest,Brest,Belarus,Europe/Minsk,3.0,"(52.06,23.53)"
OGX,Ouargla,Ouargla,Algeria,Africa/Algiers,1.0,"(31.917223,5.412778)"
PCM,Playa del Carmen Airport,Playa Del Carmen,Mexico,America/Vancouver,-7.0,"(20.6225,-87.082221)"
AGT,Ciudad del Este,Ciudad Del Este,Paraguay,America/Asuncion,-3.0,"(-25.4555,-54.843592)"
SRQ,Sarasota Bradenton Intl,"Sarasota, Florida",United States of America,America/New_York,-4.0,"(27.395444,-82.554389)"
QPA,Padova,Padova,Italy,Europe/Rome,2.0,"(45.395767,11.847903)"
LPL,Liverpool,Liverpool,Great Britain (United Kingdom),Europe/London,1.0,"(53.333611,-2.849722)"
QЛС,Liverpool lime street,Liverpool,Great Britain (United Kingdom),Europe/London,1.0,"(0.0,0.0)"
LXC,CENTRAL RAILWAY STN,Liverpool,Great Britain (United Kingdom),Europe/London,1.0,"(53.4045,-2.9797)"
LXL,Liverpool Lime Street railway station,Liverpool,Great Britain (United Kingdom),Europe/London,1.0,"(53.4075,-2.9784)"
AGN,Angoon Seaplane Base,"Angoon, Alaska",United States of America,America/Juneau,-8.0,"(57.503611,-134.585)"
RDD,Redding Muni,"Redding, California",United States of America,America/Los_Angeles,-7.0,"(40.509,-122.293389)"
MQQ,Moundou,Moundou,Chad,Africa/Ndjamena,1.0,"(8.624406,16.071419)"
RNJ,Yoron,Yoronjima,Japan,Asia/Tokyo,9.0,"(27.043964,128.401517)"
CAF,Carauari Airport,Carauari,Brazil,America/Manaus,-4.0,"(-4.871389,-66.8975)"
FUB,Fulleborn           ,Fulleborn,Papua New Guinea,Asia/Vladivostok,10.0,"(0.0,0.0)"
BKC,Buckland Airport,"Buckland, Alaska",United States of America,America/Anchorage,-8.0,"(65.981667,-161.149167)"
MRN,Foothills Regional Airport,"Morganton, North Carolina",United States of America,America/New_York,-4.0,"(35.8202336,-81.6115119)"
MWK,Matak Airport,Matak,Indonesia,Asia/Jakarta,7.0,"(3.348119,106.25805)"
INL,Falls Intl,"International Falls, MN",United States of America,America/Chicago,-5.0,"(48.566186,-93.403067)"
WTE,Wotje Atoll Airport,Wotje Island,Marshall Islands,Pacific/Wallis,12.0,"(9.46667,170.233)"
KWP,West Point Village Seaplane Base,"West Point, Alaska",United States of America,America/Anchorage,-8.0,"(57.77,-153.548889)"
LVM,Mission Field Airport,"Livingston, Montana",United States of America,America/Denver,-6.0,"(45.6993889,-110.4483056)"
KLZ,Kleinsee,Kleinzee,South Africa,Africa/Johannesburg,2.0,"(-29.688403,17.094006)"
DMD,Doomadgee Airport,Doomadgee,Australia,Australia/Brisbane,10.0,"(-17.9403,138.822)"
KIA,Kaieteur International Airport,Kaiapit,Papua New Guinea,America/Guyana,-4.0,"(5.163333,-59.483333)"
MRE,Mara Serena Airport,Mara Lodges,Kenya,Africa/Nairobi,3.0,"(-1.406111,35.008056)"
MQN,Røssvoll Airport,Mo I Rana,Norway,Europe/Oslo,2.0,"(66.3639,14.3014)"
PDL,Ponta Delgada,Ponta Delgada Azores,Portugal,Atlantic/Azores,0.0,"(37.741184,-25.69787)"
LIR,Daniel Oduber Quiros Intl,Liberia,Costa Rica,America/Costa_Rica,-6.0,"(10.593289,-85.544408)"
EAA,Eagle Airport,"Eagle, Alaska",United States of America,America/Anchorage,-8.0,"(64.778056,-141.149722)"
NKY,Nkayi               ,Nkayi,Congo,Africa/Brazzaville,1.0,"(0.0,0.0)"
SCY,San Cristóbal Airport,San Cristobal,Ecuador,Pacific/Galapagos,-6.0,"(-0.910206,-89.61745)"
LWN,Gyumri,Gyumri,Armenia,Asia/Yerevan,4.0,"(40.750369,43.859342)"
CIT,Shymkent,Shimkent,Kazakhstan,Asia/Qyzylorda,5.0,"(42.368454,69.482007)"
NSY,Sigonella,Sigonella,Italy,Europe/Rome,2.0,"(37.401664,14.922358)"
DLZ,Dalanzadgad Airport,Dalanzagdad,Mongolia,Asia/Ulaanbaatar,8.0,"(43.5917,104.43)"
LCI,Laconia             ,"Laconia, New Hampshire",United States of America,America/Iqaluit,-4.0,"(43.57296,-71.41818)"
FAF,Felker Aaf,"Fort Eustis, Virginia",United States of America,America/New_York,-4.0,"(37.1325,-76.608841)"
ZVK,Savannakhet,Savannakhet,Lao People's Democratic Republic,Asia/Vientiane,7.0,"(16.556594,104.759531)"
ENT,Eniwetok Airport,Enewetak Island,Marshall Islands,Pacific/Majuro,12.0,"(11.34075,162.327861)"
SWA,Wai Sha Airport,Shantou,China,Asia/Shanghai,8.0,"(23.4,116.683)"
LWS,Lewiston Nez Perce Co,"Lewiston, Idaho",United States of America,America/Los_Angeles,-7.0,"(46.3745,-117.015389)"
MLD,Malad City,"Malad City, Idaho",United States of America,America/Boise,-6.0,"(42.17,-112.289)"
ADM,Ardmore Muni,"Ardmore, Oklahoma",United States of America,America/Chicago,-5.0,"(34.300833,-97.008889)"
KOV,Kokshetau Airport,Kokshetau,Kazakhstan,Asia/Qyzylorda,5.0,"(53.3291,69.5946)"
YUX,Hall Beach,Hall Beach,Canada,America/Iqaluit,-4.0,"(68.776111,-81.243611)"
PYM,Plymouth Municipal Airport,"Plymouth, Massachusetts",United States of America,America/New_York,-4.0,"(41.9090278,-70.7287778)"
MMG,Mount Magnet Airport,Mount Magnet,Australia,Australia/Perth,8.0,"(-28.1161,117.842)"
OSS,Osh,Osh,Kyrgyzstan,Asia/Bishkek,6.0,"(40.608989,72.793269)"
GST,Gustavus Airport,"Gustavus, Alaska",United States of America,America/Juneau,-8.0,"(58.4253,-135.707)"
AKU,Aksu Airport,Aksu,China,Asia/Kashgar,6.0,"(41.2625,80.2917)"
TLL,Tallinn,Tallinn,Estonia,Europe/Tallinn,3.0,"(59.413317,24.832844)"
QUF,Pirita harbor       ,Tallinn,Estonia,Europe/Tallinn,3.0,"(0.0,0.0)"
BZK,Bryansk,Bryansk,Russian Federation,Europe/Moscow,3.0,"(53.214194,34.176447)"
SOQ,Jefman,Sorong,Indonesia,Asia/Jayapura,9.0,"(-0.926358,131.121194)"
TVL,Lake Tahoe Airport,"Lake Tahoe South, California",United States of America,America/Los_Angeles,-7.0,"(38.893889,-119.995278)"
CEO,Waco kungo          ,Waco Kungo,Angola,Africa/Luanda,1.0,"(0.0,0.0)"
QUL,HBF RAILWAY STATION,Ulm,Germany,Europe/Berlin,2.0,"(0.0,0.0)"
GNV,Gainesville Rgnl,"Gainesville, Florida",United States of America,America/New_York,-4.0,"(29.690056,-82.271778)"
GMC,Guerima             ,Guerima,Colombia,America/Cayman,-5.0,"(0.0,0.0)"
SNN,Shannon,Shannon,Ireland,Europe/Dublin,1.0,"(52.701978,-8.924817)"
BJR,Bahir Dar,Bahar Dar,Ethiopia,Africa/Addis_Ababa,3.0,"(11.608075,37.321644)"
WKK,Aleknagik Airport,"Aleknagik, Alaska",United States of America,America/Anchorage,-8.0,"(59.2826,-158.618)"
KTU,Kota,Kota,India,Asia/Kolkata,5.5,"(25.160219,75.845631)"
SEN,Southend,Southend,Great Britain (United Kingdom),Europe/London,1.0,"(51.571389,0.695556)"
DTR,Decatur island      ,"Decatur Island, Washington",United States of America,America/Los_Angeles,-7.0,"(0.0,0.0)"
EGO,Belgorod International Airport,Belgorod,Russian Federation,Europe/Moscow,3.0,"(50.6438,36.5901)"
FKI,Kisangani Simisini,Kisangani,"Congo, Democratic Republic of the",Africa/Lubumbashi,2.0,"(0.5175,25.155014)"
CME,Ciudad Del Carmen Intl,Ciudad Del Carmen,Mexico,America/Merida,-6.0,"(18.653739,-91.799017)"
SMO,Santa Monica Municipal Airport,"Santa Monica, California",United States of America,America/Los_Angeles,-7.0,"(34.0158333,-118.4513056)"
NTT,Kuini Lavenia Airport,Niuatoputapu,Tonga,Pacific/Tongatapu,13.0,"(-15.9767,-173.755)"
MCW,Mason City Municipal,"Mason City, Iowa",United States of America,America/Chicago,-5.0,"(43.2247,-93.4067)"
ZQW,Zweibruecken,Saarbruecken,Germany,Europe/Berlin,2.0,"(49.209445,7.401323)"
QFZ,Mainz Finthen,Saarbruecken,Germany,Europe/Berlin,2.0,"(0.0,0.0)"
SCN,Saarbrucken,Saarbruecken,Germany,Europe/Berlin,2.0,"(49.214553,7.109508)"
DKI,Dunk Island Airport,Dunk Island,Australia,Australia/Brisbane,10.0,"(-17.939722,146.141944)"
AGR,Agra,Agra,India,Asia/Kolkata,5.5,"(27.155831,77.960892)"
BAZ,Barcelos Airport,Barbelos,Brazil,America/Manaus,-4.0,"(-0.975,-62.923889)"
MEA,Macaé Airport,Macae,Brazil,America/Sao_Paulo,-3.0,"(-22.343,-41.766)"
CMW,Ignacio Agramonte Intl,Camaguey,Cuba,America/Havana,-4.0,"(21.420428,-77.847433)"
BJA,Soummam,Bejaia,Algeria,Africa/Algiers,1.0,"(36.711997,5.069922)"
WMO,White Mountain Airport,"White Mountain, Alaska",United States of America,America/Nome,-8.0,"(64.689167,-163.412778)"
ZQN,Queenstown,Queenstown,New Zealand,Pacific/Auckland,12.0,"(-45.021111,168.739167)"
ONS,Onslow ,Onslow,Australia,Australia/Perth,8.0,"(-21.667,115.116)"
SMX,Santa Maria Pub Cpt G Allan Hancock Airport,"Santa Maria, California",United States of America,America/Los_Angeles,-7.0,"(34.8989,-120.457)"
MDP,Mindiptana          ,Mindiptana,Indonesia,Asia/Jayapura,9.0,"(-5.75,140.367)"
KMW,Kostroma Sokerkino,Kostroma,Russian Federation,Europe/Moscow,3.0,"(57.807752,41.013047)"
BWN,Brunei Intl,Bandar Seri Begaw,Brunei Darussalam,Asia/Brunei,8.0,"(4.9442,114.928353)"
MFF,Moanda              ,Moanda,Gabon,Africa/Libreville,1.0,"(-1.53333,13.26667)"
AUB,Augsburg HBF,Itauba,Brazil,America/Sao_Paulo,-3.0,"(48.3655,10.886)"
RIL,Garfield County Regional Airport,"Rifle, Colorado",United States of America,America/Denver,-6.0,"(39.5263056,-107.7269444)"
FAV,Fakarava,Fakarava,French Polynesia,Pacific/Tahiti,-10.0,"(-16.05415,-145.656994)"
IXY,Kandla,Kandla,India,Asia/Kolkata,5.5,"(23.112719,70.100289)"
FRG,Long island ref fiel,"Farmingdale, New York",United States of America,America/New_York,-4.0,"(40.72871,-73.4129)"
IXD,Allahabad,Allahabad,India,Asia/Kolkata,5.5,"(25.440064,81.733872)"
KNW,New Stuyahok Airport,"New Stuyahok, Alaska",United States of America,America/Anchorage,-8.0,"(59.4499,-157.328)"
RIJ,Rioja               ,Rioja,Peru,America/Lima,-5.0,"(-6.06786,-77.15998)"
PNY,Pondicherry,Pondicherry,India,Asia/Kolkata,5.5,"(11.968722,79.810058)"
EUG,Mahlon Sweet Fld,"Eugene, Oregon",United States of America,America/Los_Angeles,-7.0,"(44.124583,-123.211972)"
YIB,Atikokan Muni,Atikokan,Canada,America/Atikokan,-5.0,"(48.773888,-91.638611)"
KYS,Kayes Dag Dag,Kayes,Mali,Africa/Bamako,0.0,"(14.481233,-11.404397)"
UKA,Ukunda Airport,Ukunda,Kenya,Africa/Nairobi,3.0,"(-4.29694,39.5714)"
LPI,Saab,Linkoeping,Sweden,Europe/Stockholm,2.0,"(58.40615,15.680508)"
NAW,Narathiwat,Narathiwat,Thailand,Asia/Bangkok,7.0,"(6.519922,101.7434)"
BJB,Bojnourd Airport,Bojnord,Iran,Asia/Tehran,3.5,"(37.492958,57.308219)"
YAX,Wapekeka Airport,Angling Lake,Canada,America/Winnipeg,-5.0,"(53.8492,-89.5794)"
EVE,Evenes,Harstad-Narvik,Norway,Europe/Oslo,2.0,"(68.4913,16.678108)"
LIT,Adams Fld,"Little Rock, Arkansas",United States of America,America/Chicago,-5.0,"(34.729444,-92.224306)"
AUW,Wausau Downtown Airport,"Wausau, Wisconsin",United States of America,America/Chicago,-5.0,"(44.9262845,-89.6270018)"
CWA,Central Wisconsin,"Wausau, Wisconsin",United States of America,America/Chicago,-5.0,"(44.772726,-89.646635)"
SAI,SIEM REAP ANGKOR,Siem Reap,Cambodia,Asia/Phnom_Penh,7.0,"(13.410666,103.81284)"
REP,Siem Reap,Siem Reap,Cambodia,Asia/Phnom_Penh,7.0,"(13.410666,103.81284)"
EDM,Les Ajoncs,La Roche,France,Europe/Paris,2.0,"(46.701944,-1.378625)"
SKN,Skagen,Stokmarknes,Norway,Europe/Oslo,2.0,"(68.580833,15.026111)"
KOU,Koulamoutou Airport,Koulamoutou,Gabon,Africa/Libreville,1.0,"(-1.18461,12.4413)"
BEW,Beira,Beira,Mozambique,Africa/Maputo,2.0,"(-19.796419,34.907556)"
EUA,Kaufana Airport,Eua,Tonga,Pacific/Tongatapu,13.0,"(-21.3783,-174.958)"
BGA,Palonegro,Bucaramanga,Colombia,America/Bogota,-5.0,"(7.1265,-73.184778)"
CET,Le Pontreau,Cholet,France,Europe/Paris,2.0,"(47.082136,-0.877064)"
GLK,Galcaio Airport,Galcaio,Somali,Africa/Mogadishu,3.0,"(6.78083,47.4547)"
SQG,Susilo Airport,Sintang,Indonesia,Asia/Pontianak,7.0,"(0.063619,111.473428)"
OTR,Coto 47,Coto 47,Costa Rica,America/Costa_Rica,-6.0,"(8.601556,-82.968614)"
FKS,Fukushima Airport,Fukushima,Japan,Asia/Tokyo,9.0,"(37.2274,140.431)"
MIU,Maiduguri,Maiduguri,Nigeria,Africa/Lagos,1.0,"(11.855347,13.08095)"
TPC,Tarapoa,Tarapoa,Ecuador,America/Guayaquil,-5.0,"(-0.122956,-76.33775)"
ELP,El Paso Intl,"El Paso, Texas",United States of America,America/Denver,-6.0,"(31.80725,-106.377583)"
BIF,Biggs Aaf,"El Paso, Texas",United States of America,America/Denver,-6.0,"(31.849528,-106.380039)"
TCZ,Tengchong Tuofeng Airport,Tsetserleg,Mongolia,Asia/Ulaanbaatar,8.0,"(24.938651,98.483591)"
RNI,Corn Island Airport,Corn Island,Nicaragua,America/Managua,-6.0,"(12.168611,-83.0675)"
ORP,Orapa Airport,Orapa,Botswana,Africa/Gaborone,2.0,"(-21.2667,25.3167)"
DTD,Datadawai Airport,Datadawai,Indonesia,Asia/Makassar,8.0,"(0.717,116.483)"
STC,Saint Cloud Regional Airport,"Saint Cloud, MN",United States of America,America/Chicago,-5.0,"(45.546556,-94.059889)"
RME,Griffiss Afld,"Rome, New York",United States of America,America/New_York,-4.0,"(43.2338,-75.407033)"
PTG,Polokwane International,Pietersburg,South Africa,Africa/Johannesburg,2.0,"(-23.926089,29.484422)"
HDY,Hat Yai Intl,Hat Yai,Thailand,Asia/Bangkok,7.0,"(6.933206,100.392975)"
PHF,Newport News Williamsburg Intl,"Newport News Hamp, Virginia",United States of America,America/New_York,-4.0,"(37.131894,-76.492989)"
JED,King Abdulaziz Intl,Jeddah,Saudi Arabia,Asia/Riyadh,3.0,"(21.679564,39.156536)"
SOU,Southampton,Southampton,Great Britain (United Kingdom),Europe/London,1.0,"(50.950261,-1.356803)"
GER,Rafael Cabrera,Nueva Gerona,Cuba,America/Havana,-4.0,"(21.834689,-82.783819)"
PNK,Supadio,Pontianak,Indonesia,Asia/Pontianak,7.0,"(-0.150711,109.403892)"
EMI,Emirau              ,Emirau,Papua New Guinea,Asia/Vladivostok,10.0,"(0.0,0.0)"
FRU,Manas,Bishkek,Kyrgyzstan,Asia/Bishkek,6.0,"(43.061306,74.477556)"
IRK,Kirksville Regional Airport,"Kirksville, Missouri",United States of America,America/Chicago,-5.0,"(40.0935,-92.5449)"
CPE,Ingeniero Alberto Acuna Ongay Intl,Campeche,Mexico,America/Merida,-6.0,"(19.816794,-90.500314)"
LUN,Lusaka Intl,Lusaka,Zambia,Africa/Lusaka,2.0,"(-15.330817,28.452628)"
MKT,Mankato municipal ap,"Mankato, MN",United States of America,America/Chicago,-5.0,"(44.22164,-93.91874)"
UNI,Union Island International Airport,Union Island,Saint Vincent and the Grenadines,America/St_Vincent,-4.0,"(12.583,-61.417)"
MJE,Majkin Airport,Majkin,Marshall Islands,Pacific/Wallis,12.0,"(7.833,168.167)"
SUX,Sioux Gateway Col Bud Day Fld,"Sioux City, IA",United States of America,America/Chicago,-5.0,"(42.402603,-96.384367)"
ABI,Abilene Rgnl,"Abilene, Texas",United States of America,America/Chicago,-5.0,"(32.411319,-99.681897)"
DYS,Dyess Afb,"Abilene, Texas",United States of America,America/Chicago,-5.0,"(32.420756,-99.8546)"
HKT,Phuket Intl,Phuket,Thailand,Asia/Bangkok,7.0,"(8.1132,98.316872)"
ZQL,Donaueschingen Villingen,Villingen Schwenningen,Germany,Europe/Monaco,2.0,"(47.973331,8.522223)"
ELQ,Gassim,Gassim,Saudi Arabia,Asia/Riyadh,3.0,"(26.302822,43.773911)"
KUH,Kushiro Airport,Kushiro,Japan,Asia/Tokyo,9.0,"(43.041,144.193)"
SME,Lake Cumberland Regional Airport,"Somerset, Kentucky",United States of America,America/New_York,-4.0,"(37.053611,-84.615556)"
DLL,Baraboo Wisconsin Dells Airport,"Dillon, South Carolina",United States of America,America/New_York,-4.0,"(43.5217843,-89.7709266)"
ZLT,La Tabatière Airport,La Tabatiere,Canada,America/Blanc-Sablon,-4.0,"(50.8308,-58.9756)"
ATA,Comandante Fap German Arias Graziani,Anta,Peru,America/Lima,-5.0,"(-9.347444,-77.598392)"
ZKG,Kegaska Airport,Kegaska,Canada,America/Blanc-Sablon,-4.0,"(50.195833,-61.265833)"
SVZ,San Antonio Del Tachira,San Antonio,Venezuela,America/Caracas,-4.0,"(7.840831,-72.439742)"
KON,Kontum Airport,Kontum,Viet Nam,Asia/Vientiane,7.0,"(14.35,108.017)"
DOM,Melville Hall,Dominica,Dominica,America/Dominica,-4.0,"(15.547028,-61.3)"
DCF,Canefield,Dominica,Dominica,America/Dominica,-4.0,"(15.336719,-61.392211)"
BDH,Bandar Lengeh,Bandar Lengeh,Iran,Asia/Tehran,3.5,"(26.532,54.824847)"
AGC,Allegheny County Airport,"Pittsburgh, Pennsylvania",United States of America,America/New_York,-4.0,"(40.3544,-79.9302)"
CVA,Civic ar hpt        ,"Pittsburgh, Pennsylvania",United States of America,America/New_York,-4.0,"(0.0,0.0)"
PIT,Pittsburgh Intl,"Pittsburgh, Pennsylvania",United States of America,America/New_York,-4.0,"(40.491467,-80.232872)"
LTX,Cotopaxi International Airport,Latacunga,Ecuador,America/Guayaquil,-5.0,"(-0.5425,-78.3657)"
YIK,Ivujivik Airport,Ivujivik,Canada,America/Montreal,-4.0,"(62.4173,-77.9253)"
MTF,Mizan Teferi Airport,Mizan Teferi,Ethiopia,Africa/Addis_Ababa,3.0,"(6.967,35.533)"
KKJ,Kitakyushu,Kitakyushu,Japan,Asia/Tokyo,9.0,"(33.845942,131.034689)"
HNS,Haines Airport,"Haines, Alaska",United States of America,America/Juneau,-8.0,"(59.2438,-135.524)"
BWA,Bhairahawa,Bhairawa,Nepal,Asia/Kathmandu,5.75,"(27.505703,83.41625)"
MAA,Chennai Intl,Chennai,India,Asia/Kolkata,5.5,"(12.994414,80.180517)"
SMV,Samedan,Saint Moritz,Switzerland,Europe/Zurich,2.0,"(46.534075,9.884106)"
GAE,Gabes,Gabes,Tunisia,Africa/Tunis,1.0,"(33.876919,10.103333)"
ODN,Long Seridan Airport,Long Seridan,Malaysia,Asia/Kuching,8.0,"(3.967,115.05)"
RCN,American river      ,American River,Australia,Australia/Adelaide,9.5,"(0.0,0.0)"
SYR,Syracuse Hancock Intl,"Syracuse, New York",United States of America,America/New_York,-4.0,"(43.111187,-76.106311)"
MIG,Mianyang Nanjiao Airport,Mianyang,China,Asia/Chongqing,8.0,"(31.4281,104.741)"
KRZ,Basango Mboliasa Airport,Kiri,"Congo, Democratic Republic of the",Africa/Kinshasa,1.0,"(-1.435,19.024)"
CNS,Cairns Intl,Cairns,Australia,Australia/Brisbane,10.0,"(-16.885833,145.755278)"
ESE,Ensenada,Ensenada,Mexico,America/Tijuana,-7.0,"(31.795281,-116.602772)"
HAR,Harrisburg          ,"Harrisburg, Pennsylvania",United States of America,America/New_York,-4.0,"(40.22056,-76.85354)"
MDT,Harrisburg Intl,"Harrisburg, Pennsylvania",United States of America,America/New_York,-4.0,"(40.193494,-76.763403)"
EWN,Craven Co Rgnl,"New Bern, North Carolina",United States of America,America/New_York,-4.0,"(35.072972,-77.042944)"
KBV,Krabi,Krabi,Thailand,Asia/Bangkok,7.0,"(8.095969,98.988764)"
CIO,Aeroclub Cioca,Concepcion,Paraguay,America/Asuncion,-3.0,"(45.471009,21.111967)"
NDU,Rundu,Rundu,Namibia,Africa/Windhoek,2.0,"(-17.956461,19.719439)"
XLB,Lac Brochet Airport,Lac Brochet,Canada,America/Winnipeg,-5.0,"(58.614167,-101.468889)"
DIJ,Longvic,Dijon,France,Europe/Paris,2.0,"(47.26889,5.09)"
ITO,Hilo Intl,"Hilo, Hawaii",United States of America,Pacific/Honolulu,-10.0,"(19.721375,-155.048469)"
SKC,Suki Airport,Suki,Papua New Guinea,Asia/Vladivostok,10.0,"(-8.033,141.717)"
BKN,Balkanabat,Birni Nkoni,Niger,Africa/Niamey,1.0,"(39.481389,54.362778)"
DRI,Beauregard Rgnl,"De Ridder, Louisiana",United States of America,America/Chicago,-5.0,"(30.831722,-93.339917)"
CIJ,Heroes Del Acre,Cobija,Bolivia,America/La_Paz,-4.0,"(-11.040436,-68.782972)"
SIX,Singleton           ,Singleton,Australia,Australia/Sydney,10.0,"(-32.6167,151.2)"
CJA,Mayor General FAP Armando Revoredo Iglesias Airport,Cajamarca,Peru,America/Lima,-5.0,"(-7.139183,-78.4894)"
LOU,Bowman Fld,"Louisville, KY",United States of America,America/New_York,-4.0,"(38.228,-85.663722)"
LJC,Intercont           ,"Louisville, KY",United States of America,America/New_York,-4.0,"(0.0,0.0)"
SDF,Louisville International Airport,"Louisville, KY",United States of America,America/New_York,-4.0,"(38.1740858,-85.7364989)"
THX,Turukhansk,Turukhansk,Russian Federation,Asia/Krasnoyarsk,7.0,"(65.798132,87.934742)"
YLT,Alert,Alert,Canada,America/Pangnirtung,-4.0,"(82.517778,-62.280556)"
CEC,Del Norte County Airport,"Crescent City, California",United States of America,America/Los_Angeles,-7.0,"(41.7802,-124.237)"
ABT,Al Baha,Al Baha,Saudi Arabia,Asia/Riyadh,3.0,"(20.296139,41.634277)"
SVB,Sambava,Sambava,Madagascar,Indian/Antananarivo,3.0,"(-14.278611,50.174721)"
UCT,Ukhta,Ukhta,Russian Federation,Europe/Moscow,3.0,"(63.555363,53.80534)"
NHK,Patuxent River Nas,"Patuxent River, Maryland",United States of America,America/New_York,-4.0,"(38.285981,-76.411781)"
HAE,Haeju Airport,"Havasupai, Arizona",United States of America,America/Phoenix,-7.0,"(38.00543,125.77863)"
KDN,N'dende             ,Ndende,Gabon,Africa/Libreville,1.0,"(-2.4,11.367)"
MJI,Mitiga Airport,Mitiga,Libyan Arab Jamahiriya,Africa/Tripoli,2.0,"(32.8941,13.276)"
BEL,Val De Cans Intl,Belem,Brazil,America/Belem,-3.0,"(-1.37925,-48.476292)"
CVG,Cincinnati Northern Kentucky Intl,"Cincinnati, Ohio",United States of America,America/New_York,-4.0,"(39.048836,-84.667822)"
LUK,Cincinnati Muni Lunken Fld,"Cincinnati, Ohio",United States of America,America/New_York,-4.0,"(39.103333,-84.418611)"
PBK,Pack creek          ,"Pack Creek, Alaska",United States of America,America/Anchorage,-8.0,"(0.0,0.0)"
BKS,Fatmawati Soekarno,Bengkulu,Indonesia,Asia/Jakarta,7.0,"(-3.8637,102.339036)"
CYZ,Cauayan Airport,Cauayan,Philippines,Asia/Manila,8.0,"(16.929861,121.753036)"
DUD,Dunedin,Dunedin,New Zealand,Pacific/Auckland,12.0,"(-45.928055,170.198333)"
LPB,El Alto Intl,La Paz,Bolivia,America/La_Paz,-4.0,"(-16.513339,-68.192256)"
DLG,Dillingham,"Dillingham, Alaska",United States of America,America/Anchorage,-8.0,"(59.044667,-158.5055)"
BHS,Bathurst Airport,Bathurst,Australia,Australia/Sydney,10.0,"(-33.4094,149.652)"
NBX,Nabire,Nabire,Indonesia,Asia/Jayapura,9.0,"(-3.368183,135.496406)"
KSL,Kassala,Kassala,Sudan,Africa/Khartoum,2.0,"(15.387494,36.328842)"
ABR,Aberdeen Regional Airport,"Aberdeen, SD",United States of America,America/Chicago,-5.0,"(45.4491,-98.4218)"
LAU,Lamu Manda,Lamu,Kenya,Africa/Nairobi,3.0,"(-2.252417,40.913097)"
CGQ,Changchun,Changchun,China,Asia/Harbin,8.0,"(43.5412,125.1201)"
VWB,Changchun Railway Station,Changchun,China,Asia/Harbin,8.0,"(43.908167,125.317761)"
PTL,Port armstrong      ,"Port Armstrong, Alaska",United States of America,America/Anchorage,-8.0,"(0.0,0.0)"
CAI,Cairo Intl,Cairo,Egypt,Africa/Cairo,3.0,"(30.121944,31.405556)"
YQG,Windsor,Windsor,Canada,America/Toronto,-4.0,"(42.275556,-82.955556)"
TNN,Tainan,Tainan,Taiwan,Asia/Taipei,8.0,"(22.950361,120.205778)"
CPO,Copiapo,Copiapo,Chili,America/Santiago,-4.0,"(-27.0,-70.0)"
ENE,H Hasan Aroeboesman,Ende,Indonesia,Asia/Makassar,8.0,"(-8.849294,121.660644)"
MSE,Manston,Manston,Great Britain (United Kingdom),Europe/London,1.0,"(51.342222,1.346111)"
TIK,Tinker Afb,"Oklahoma City, OK",United States of America,America/Chicago,-5.0,"(35.414739,-97.386633)"
OKC,Will Rogers World,"Oklahoma City, OK",United States of America,America/Chicago,-5.0,"(35.393089,-97.600733)"
IYK,Inyokern Airport,"Inyokern, California",United States of America,America/Los_Angeles,-7.0,"(35.658889,-117.829444)"
VXE,Sao Pedro,Sao Vicente,Cape Verde,Atlantic/Cape_Verde,-1.0,"(16.833689,-25.054661)"
OSK,Oskarshamn,Oskarshamn,Sweden,Europe/Stockholm,2.0,"(57.350453,16.497972)"
WXN,Wanxian Airport,Wanxian,China,Asia/Chongqing,8.0,"(30.8361,108.406)"
YMX,Montreal Intl Mirabel,Montreal,Canada,America/Montreal,-4.0,"(45.681944,-74.005278)"
YHU,St Hubert,Montreal,Canada,America/Montreal,-4.0,"(45.5175,-73.416944)"
YMY,Central Railway Station,Montreal,Canada,America/Montreal,-4.0,"(45.499722,-73.566111)"
YUL,Pierre Elliott Trudeau Intl,Montreal,Canada,America/Montreal,-4.0,"(45.470556,-73.740833)"
XAX,Dorval Railway Station,Montreal,Canada,America/Montreal,-4.0,"(45.448611,-73.74111)"
GYN,Santa Genoveva,Goiania,Brazil,America/Sao_Paulo,-3.0,"(-16.632033,-49.220686)"
AKD,Akola,Akola,India,Asia/Kolkata,5.5,"(20.699006,77.058628)"
PKB,Mid-Ohio Valley Regional Airport,"Parkersburg, West Virginia",United States of America,America/New_York,-4.0,"(39.3451039,-81.4392031)"
GAO,Mariana Grajales,Guantanamo,Cuba,America/Havana,-4.0,"(20.085419,-75.158328)"
PAG,Pagadian,Pagadian,Philippines,Asia/Manila,8.0,"(7.827197,123.458294)"
PMK,Palm Island Airport,Palm Island,Australia,Australia/Brisbane,10.0,"(-18.7553,146.581)"
ADF,Adiyaman Airport,Adiyaman,Turkey,Europe/Istanbul,3.0,"(37.7314,38.4689)"
CCC,Cayo Coco Airport,Cayo Coco,Cuba,America/Havana,-4.0,"(22.5132,-78.511)"
CUL,Culiacan Intl,Culiacan,Mexico,America/Mazatlan,-7.0,"(24.764547,-107.474717)"
TJQ,H As Hanandjoeddin,Tanjung Pendan,Indonesia,Asia/Jakarta,7.0,"(-2.745722,107.754917)"
HOG,Frank Pais Intl,Holguin,Cuba,America/Havana,-4.0,"(20.785589,-76.315108)"
MJT,Mitilini,Mytilene,Greece,Europe/Athens,3.0,"(39.056667,26.598333)"
XBN,Biniguni,Biniguni,Papua New Guinea,Asia/Vladivostok,10.0,"(0.0,0.0)"
JPA,Presidente Castro Pinto,Joao Pessoa,Brazil,America/Fortaleza,-3.0,"(-7.148381,-34.950681)"
KHU,Kremenchug          ,Kremenchug,Ukraine,Europe/Kiev,3.0,"(0.0,0.0)"
KBR,Sultan Ismail Petra,Kota Bharu,Malaysia,Asia/Kuala_Lumpur,8.0,"(6.16685,102.293014)"
PTP,Le Raizet,Pointe A Pitre,Guadeloupe,America/Guadeloupe,-4.0,"(16.265306,-61.531806)"
GUQ,Guanare,Guanare,Venezuela,America/Caracas,-4.0,"(9.026944,-69.75515)"
LLU,Alluitsup Paa Heliport,Alluitsup Paa,Greenland,America/Godthab,-1.0,"(60.4644,-45.5778)"
HGS,Hastings Airport,Freetown,Sierra Leone,Africa/Freetown,0.0,"(8.39713,-13.1291)"
FNA,Freetown Lungi,Freetown,Sierra Leone,Africa/Freetown,0.0,"(8.616444,-13.195489)"
WYA,Whyalla Airport,Whyalla,Australia,Australia/Adelaide,9.5,"(-33.0589,137.514)"
TGI,Tingo maria         ,Tingo Maria,Peru,America/Lima,-5.0,"(-9.13333,-75.95)"
YHA,Port Hope Simpson Airport,Port Hope Simpson,Canada,America/St_Johns,-2.5,"(52.5281,-56.2861)"
EGM,Sege Airport,Sege,Solomon Islands,Pacific/Guadalcanal,11.0,"(-8.57889,157.876)"
PGZ,Sant ana ponta gross,Ponta Grossa,Brazil,America/Sao_Paulo,-3.0,"(-25.1847,-50.1441)"
YBT,Brochet Airport,Brochet,Canada,America/Winnipeg,-5.0,"(57.889444,-101.679167)"
TFL,Teofilo otoni       ,Teofilo Otoni,Brazil,America/Sao_Paulo,-3.0,"(-17.8923,-41.5136)"
GDA,Gounda Airport,Gounda,Central African Republic,Africa/Niamey,1.0,"(9.272222,21.197222)"
CMX,Houghton County Memorial Airport,"Hancock, Michigan",United States of America,America/Detroit,-4.0,"(47.1684,-88.4891)"
WFK,Northern Aroostook Regional Airport,"Frenchville, Maine",United States of America,America/New_York,-4.0,"(47.285556,-68.312778)"
MPN,Mount Pleasant,Mount Pleasant,Falkland (Malvinas) Islands,Atlantic/Stanley,-3.0,"(-51.822777,-58.447222)"
KVC,King Cove Airport,"King Cove, Alaska",United States of America,America/Nome,-8.0,"(55.1163,-162.266)"
PML,Port Moller Airport,"Port Moller, Alaska",United States of America,America/Anchorage,-8.0,"(56.006111,-160.560833)"
RBQ,Rurrenabaque Airport,Rurrenabaque,Bolivia,America/La_Paz,-4.0,"(-14.4275,-67.498056)"
SNU,Abel Santamaria,Santa Clara,Cuba,America/Havana,-4.0,"(22.492192,-79.943611)"
COD,Yellowstone Rgnl,"Cody, WY",United States of America,America/Denver,-6.0,"(44.520194,-109.023806)"
VIX,Goiabeiras,Vitoria,Brazil,America/Sao_Paulo,-3.0,"(-20.258056,-40.286389)"
SLY,Salekhard Airport,Salehard,Russian Federation,Asia/Yekaterinburg,5.0,"(66.590753,66.611042)"
NYE,Nyeri               ,Nyeri,Kenya,Africa/Nairobi,3.0,"(-0.5,36.96667)"
CHA,Lovell Fld,"Chattanooga, TN",United States of America,America/New_York,-4.0,"(35.035278,-85.203808)"
LAD,Luanda 4 De Fevereiro,Luanda,Angola,Africa/Luanda,1.0,"(-8.858375,13.231178)"
NBJ,Dr Antonio Agostinho Neto,Luanda,Angola,Africa/Luanda,1.0,"(-9.046778,13.507194)"
YTH,Thompson,Thompson,Canada,America/Winnipeg,-5.0,"(55.801111,-97.864166)"
TRE,Tiree,Tiree,Great Britain (United Kingdom),Europe/London,1.0,"(56.499167,-6.869167)"
FRL,Forli,Forli,Italy,Europe/Rome,2.0,"(44.194753,12.070094)"
CIY,Comiso,Comiso,Italy,Europe/Rome,2.0,"(36.9984,14.6069)"
OTD,Contadora Airport,Contadora,Panama,America/Panama,-5.0,"(8.62876,-79.0347)"
MEC,Eloy Alfaro Intl,Manta,Ecuador,America/Guayaquil,-5.0,"(-0.946078,-80.678808)"
CJC,El Loa,Calama,Chili,America/Santiago,-4.0,"(-22.498175,-68.903575)"
PPQ,Paraparaumu,Paraparaumu,New Zealand,Pacific/Auckland,12.0,"(-40.904722,174.989167)"
KIJ,Niigata,Niigata,Japan,Asia/Tokyo,9.0,"(37.5711,139.0646)"
MYR,Myrtle Beach Intl,"Myrtle Beach, South Carolina",United States of America,America/New_York,-4.0,"(33.67975,-78.928333)"
MTS,Matsapha,Manzini,Swaziland,Asia/Seoul,9.0,"(-26.529022,31.307519)"
SHO,Sokcho,Manzini,Swaziland,Asia/Seoul,9.0,"(38.142614,128.598556)"
WKN,Wakunai             ,Wakunai,Papua New Guinea,Asia/Vladivostok,10.0,"(0.0,0.0)"
ILU,Kilaguni,Kilaguni,Kenya,Africa/Nairobi,3.0,"(-2.9,38.073889)"
HGD,Hughenden Airport,Hughenden,Australia,Australia/Brisbane,10.0,"(-20.815,144.225)"
LAA,Lamar Muni,"Lamar, Colorado",United States of America,America/Denver,-6.0,"(38.069694,-102.6885)"
CTM,Chetumal Intl,Chetumal,Mexico,America/Cancun,-5.0,"(18.504667,-88.326847)"
OHR,Wyk auf Foehr,Wyk Auf Foehr,Germany,Europe/Berlin,2.0,"(54.411,8.3145)"
PAP,Toussaint Louverture Intl,Port Au Prince,Haiti,America/Port-au-Prince,-4.0,"(18.58005,-72.292542)"
QCU,Akunnaaq Heliport,Akunnaaq,Greenland,America/Godthab,-1.0,"(68.75,-52.3333)"
BXD,Bade                ,Bade,Indonesia,Asia/Jayapura,9.0,"(-7.71463,139.575)"
PNI,Pohnpei Intl,Pohnpei,Federated States of Micronesia,Pacific/Pohnpei,11.0,"(6.9851,158.208989)"
QSR,Salerno Pontecagnano Airport,Salerno,Italy,Europe/Rome,2.0,"(40.6204,14.911294)"
ISR,Salerno railway station,Salerno,Italy,Europe/Rome,2.0,"(40.683333,14.766667)"
YGP,Gaspe,Gaspe,Canada,America/Montreal,-4.0,"(48.775278,-64.478611)"
EZV,Berezovo,Berezovo,Russian Federation,Asia/Yekaterinburg,5.0,"(63.921,65.0305)"
CAQ,Juan H. White,Caucasia,Colombia,America/Bogota,-5.0,"(7.968333,-75.198333)"
BHI,Comandante Espora,Bahia Blanca,Argentina,America/Argentina/Buenos_Aires,-3.0,"(-38.724967,-62.169317)"
TZL,Tuzla,Tuzla,Bosnia & Herzegovina,Europe/Sarajevo,2.0,"(44.45866,18.72478)"
CBZ,Cabin creek         ,"Cabin Creek, Alaska",United States of America,America/Anchorage,-8.0,"(0.0,0.0)"
BRA,Barreiras Airport,Barreiras,Brazil,America/Bahia,-3.0,"(-12.083333,-45.0)"
YNG,Youngstown Warren Rgnl,"Youngstown Warren, Ohio",United States of America,America/New_York,-4.0,"(41.260736,-80.679097)"
COT,Cotulla Lasalle Co,"Cotulla, Texas",United States of America,America/Chicago,-5.0,"(28.456694,-99.220294)"
KXA,Kasaan              ,"Kasaan, Alaska",United States of America,America/Anchorage,-8.0,"(55.53684,-132.39937)"
WRG,Wrangell Airport,"Wrangell, Alaska",United States of America,America/Sitka,-8.0,"(56.4843,-132.37)"
KIK,Kirkuk AB,Kirkuk,Iraq,Asia/Baghdad,3.0,"(35.17,44.3483)"
HMN,Holloman Afb,"Alamogordo, New Mexico",United States of America,America/Denver,-6.0,"(32.852519,-106.106525)"
ALM,Alamogordo White Sands Regional Airport,"Alamogordo, New Mexico",United States of America,America/Denver,-6.0,"(32.8399,-105.991)"
FNE,Fane Airport,Fane,Papua New Guinea,Asia/Vladivostok,10.0,"(-8.55,147.083)"
PDA,Obando Airport,Puerto Inirida,Colombia,America/Bogota,-5.0,"(3.85,-67.91)"
MCM,Monaco,Monte Carlo,Monaco,Europe/Monaco,2.0,"(43.73333333,7.41666666)"
TMX,Timimoun,Timimoun,Algeria,Africa/Algiers,1.0,"(29.237119,0.276033)"
MFA,Mafia,Mafia,Tanzania,Africa/Dar_es_Salaam,3.0,"(-7.913889,39.665)"
IKS,Tiksi Airport,Tiksi,Russian Federation,Asia/Yakutsk,9.0,"(71.6977,128.903)"
OXD,Miami University Airport,"Oxford, Ohio",United States of America,America/Indiana/Indianapolis,-4.0,"(39.5022607,-84.7843814)"
KRS,Kjevik,Kristiansand,Norway,Europe/Oslo,2.0,"(58.204214,8.085369)"
VCD,Victoria River Downs Airport,Victoria River Do,Australia,Australia/Darwin,9.5,"(-16.4033,131.002)"
TNH,Tonghua Sanyuanpu,Tonghua,China,Asia/Harbin,8.0,"(42.253889,125.703889)"
PZB,Pietermaritzburg,Pietermaritzburg,South Africa,Africa/Johannesburg,2.0,"(-29.648975,30.398667)"
ANC,Ted Stevens Anchorage Intl,"Anchorage, Alaska",United States of America,America/Anchorage,-8.0,"(61.174361,-149.996361)"
MRI,Merrill Fld,"Anchorage, Alaska",United States of America,America/Anchorage,-8.0,"(61.213544,-149.844447)"
EDF,Elmendorf Afb,"Anchorage, Alaska",United States of America,America/Anchorage,-8.0,"(61.250986,-149.806503)"
YCL,Charlo,Charlo,Canada,America/Moncton,-3.0,"(47.990833,-66.330278)"
CJS,Abraham Gonzalez Intl,Ciudad Juarez,Mexico,America/Ojinaga,-5.0,"(31.636133,-106.428667)"
SDD,Lubango,Lubango,Angola,Africa/Luanda,1.0,"(-14.924733,13.575022)"
URG,Rubem Berta,Uruguaiana,Brazil,America/Sao_Paulo,-3.0,"(-29.782178,-57.038189)"
YKM,Yakima Air Terminal McAllister Field,"Yakima, Washington",United States of America,America/Los_Angeles,-7.0,"(46.5682,-120.544)"
CAT,New Bight Airport,Cat Island,Bahamas,America/Cayman,-5.0,"(24.315292,-75.452331)"
GLI,Glen Innes,Glen Innes,Australia,Australia/Sydney,10.0,"(-29.675,151.69)"
SVW,Sparrevohn Lrrs,"Sparrevohn, Alaska",United States of America,America/Anchorage,-8.0,"(61.097369,-155.574228)"
NVS,Fourchambault,Nevers,France,Europe/Paris,2.0,"(47.002625,3.113333)"
KKZ,Koh kong            ,Koh Kong,Cambodia,Asia/Phnom_Penh,7.0,"(11.6134,102.99708)"
HLH,Ulanhot Airport,Ulanhot,China,Asia/Shanghai,8.0,"(46.083,122.017)"
ECN,Ercan International Airport,Ercan,Cyprus,Asia/Nicosia,3.0,"(35.1547,33.4961)"
UIO,Mariscal Sucre Intl,Quito,Ecuador,America/Guayaquil,-5.0,"(-0.141144,-78.488214)"
MSR,Mus Airport,Mus,Turkey,Europe/Istanbul,3.0,"(38.747769,41.661236)"
BEO,Belmont Airport,Newcastle,Australia,Australia/Sydney,10.0,"(-33.066667,151.648333)"
NTL,Newcastle Airport,Newcastle,Australia,Australia/Sydney,10.0,"(-32.78,151.83)"
KVB,Skovde,Skovde,Sweden,Europe/Stockholm,2.0,"(58.4564,13.972672)"
BEI,Beica Airport,Beica,Ethiopia,Africa/Addis_Ababa,3.0,"(9.38639,34.5219)"
WAA,Wales Airport,"Wales, Alaska",United States of America,America/Nome,-8.0,"(65.6225,-168.095)"
SDM,Brown Field Municipal Airport,"San Diego, California",United States of America,America/Los_Angeles,-7.0,"(32.5722722,-116.9801611)"
SEE,Gillespie,"San Diego, California",United States of America,America/Los_Angeles,-7.0,"(32.8262222,-116.9724444)"
NKX,Miramar Mcas,"San Diego, California",United States of America,America/Los_Angeles,-7.0,"(32.867694,-117.14175)"
MYF,Montgomery Field,"San Diego, California",United States of America,America/Los_Angeles,-7.0,"(32.4759,117.759)"
NZY,North Island Nas,"San Diego, California",United States of America,America/Los_Angeles,-7.0,"(32.699219,-117.21531)"
CLD,McClellan-Palomar Airport,"San Diego, California",United States of America,America/Los_Angeles,-7.0,"(33.0742,-117.1648)"
SAN,San Diego Intl,"San Diego, California",United States of America,America/Los_Angeles,-7.0,"(32.733556,-117.189667)"
ZFR,Frankfurt Oder Hbf,Frankfurt Oder,Germany,Europe/Monaco,2.0,"(52.336944,14.547222)"
SSW,Stuart island       ,"Stuart Island, Washington",United States of America,America/Whitehorse,-7.0,"(0.0,0.0)"
CBE,Greater Cumberland Rgnl.,"Cumberland, Maryland",United States of America,America/New_York,-4.0,"(39.615278,-78.760556)"
SKV,St Catherine Intl,Santa Katarina,Egypt,Africa/Cairo,3.0,"(28.685278,34.0625)"
YBL,Campbell River,Campbell River,Canada,America/Vancouver,-7.0,"(49.950832,-125.270833)"
LLI,Lalibella,Lalibela,Ethiopia,Africa/Addis_Ababa,3.0,"(11.975014,38.979969)"
ZNE,Newman Airport,Newman,Australia,Australia/Perth,8.0,"(-23.4178,119.803)"
SDG,Sanandaj,Sanandaj,Iran,Asia/Tehran,3.5,"(35.245856,47.009247)"
YUT,Repulse Bay,Repulse Bay,Canada,America/Rankin_Inlet,-5.0,"(66.521389,-86.224722)"
AAO,Anaco,Anaco,Venezuela,America/Caracas,-4.0,"(9.430225,-64.470725)"
TIJ,General Abelardo L Rodriguez Intl,Tijuana,Mexico,America/Tijuana,-7.0,"(32.541064,-116.970158)"
BTR,Baton Rouge Metro Ryan Fld,"Baton Rouge, Louisiana",United States of America,America/Chicago,-5.0,"(30.533167,-91.149639)"
SRH,Sarh Airport,Sarh,Chad,Africa/Ndjamena,1.0,"(9.14444,18.3744)"
VLG,Villa Gesell,Villa Gesell,Argentina,America/Argentina/Buenos_Aires,-3.0,"(-37.235408,-57.029239)"
OCJ,Boscobel,Ocho Rios,Jamaica,America/Jamaica,-5.0,"(18.404247,-76.969017)"
AIM,Ailuk Airport,Ailuk Island,Marshall Islands,Pacific/Wallis,12.0,"(10.2168,169.983)"
BDM,Bandirma,Bandirma,Turkey,Europe/Istanbul,3.0,"(40.317972,27.977694)"
YYR,Goose Bay,Goose Bay,Canada,America/Goose_Bay,-3.0,"(53.319168,-60.425833)"
CUK,Caye Caulker Airport,Caye Caulker,Belize,America/Costa_Rica,-6.0,"(17.7347,-88.0325)"
YQH,Watson Lake,Watson Lake,Canada,America/Whitehorse,-7.0,"(60.116389,-128.8225)"
USM,Samui,Koh Samui,Thailand,Asia/Bangkok,7.0,"(9.547794,100.062272)"
DJJ,Sentani,Jayapura,Indonesia,Asia/Jayapura,9.0,"(-2.576953,140.516372)"
MOQ,Morondava,Morondava,Madagascar,Indian/Antananarivo,3.0,"(-20.28475,44.317614)"
BNS,Barinas,Barinas,Venezuela,America/Caracas,-4.0,"(8.619575,-70.220825)"
SUG,Surigao Airport,Surigao,Philippines,Asia/Manila,8.0,"(9.757567,125.479328)"
NNT,Nan,Nan,Thailand,Asia/Bangkok,7.0,"(18.807914,100.783419)"
ZDP,Burgdorf rail,Burgdorf,Switzerland,Europe/Monaco,2.0,"(0.0,0.0)"
OLP,Olympic Dam Airport,Olympic Dam,Australia,Australia/Adelaide,9.5,"(-30.485,136.877)"
DPO,Devonport Airport,Devonport,Australia,Australia/Hobart,10.0,"(-41.1697,146.43)"
IXB,Bagdogra,Bagdogra,India,Asia/Kolkata,5.5,"(26.681206,88.328567)"
CEK,Balandino,Chelyabinsk,Russian Federation,Asia/Yekaterinburg,5.0,"(55.305836,61.503333)"
LSP,Josefa Camejo,Las Piedras,Venezuela,America/Caracas,-4.0,"(11.780775,-70.151497)"
ZAH,Zahedan Intl,Zahedan,Iran,Asia/Tehran,3.5,"(29.475686,60.906189)"
LYE,Lyneham,Lyneham,Great Britain (United Kingdom),Europe/London,1.0,"(51.505144,-1.993428)"
MTI,Mosteiros           ,Mosteiros,Cape Verde,Atlantic/Cape_Verde,-1.0,"(15.045,-24.3392)"
KNF,Marham,Kings Lynn,Great Britain (United Kingdom),Europe/London,1.0,"(52.648353,0.550692)"
TBI,The bight           ,The Bight,Bahamas,America/Nassau,-4.0,"(24.31425,-75.45882)"
AAE,Annaba,Annaba,Algeria,Africa/Algiers,1.0,"(36.822225,7.809167)"
HCR,Holy Cross Airport,"Holy Cross, Alaska",United States of America,America/Anchorage,-8.0,"(62.1883,-159.775)"
PWM,Portland Intl Jetport,"Portland, Maine",United States of America,America/New_York,-4.0,"(43.646161,-70.309281)"
CSA,Colonsay Airport,Colonsay Is,Great Britain (United Kingdom),Europe/London,1.0,"(56.0575,-6.243056)"
LIV,Livingood Airport,"Livengood, Alaska",United States of America,America/Anchorage,-8.0,"(65.531111,-148.541111)"
MSH,Masirah,Masirah,Oman,Asia/Muscat,4.0,"(20.675434,58.890467)"
PBI,Palm Beach Intl,"West Palm Beach, Florida",United States of America,America/New_York,-4.0,"(26.683161,-80.095589)"
LNA,Palm Beach Co Park,"West Palm Beach, Florida",United States of America,America/New_York,-4.0,"(26.593,-80.085056)"
WPT,WEST PALM BEACH,"West Palm Beach, Florida",United States of America,America/New_York,-4.0,"(26.712311,-80.062297)"
NCA,North Caicos,North Caicos,Turks and Caicos Islands,America/Grand_Turk,-4.0,"(21.917475,-71.939561)"
RMO,Chisinau Intl,Chisinau,Moldova,Europe/Chisinau,3.0,"(46.927744,28.930978)"
POF,Poplar Bluff Municipal Airport,"Poplar Bluff, Missouri",United States of America,America/Chicago,-5.0,"(36.77394444,-90.3248611)"
WSP,Waspam Airport,Waspam,Nicaragua,America/Managua,-6.0,"(14.737778,-83.975833)"
BIE,Biessenhofen BF,"Beatrice, Nebraska",United States of America,America/Chicago,-5.0,"(47.851,10.634)"
DBO,Dubbo,Dubbo,Australia,Australia/Sydney,10.0,"(-32.216667,148.574722)"
EAU,Chippewa Valley Regional Airport,"Eau Claire, WI",United States of America,America/Chicago,-5.0,"(44.8658,-91.4843)"
BSB,Presidente Juscelino Kubitschek,Brasilia,Brazil,America/Sao_Paulo,-3.0,"(-15.8711,-47.918625)"
OLF,LM Clayton Airport,"Wolf Point, Montana",United States of America,America/Denver,-6.0,"(48.094444,-105.575)"
TMW,Tamworth,Tamworth,Australia,Australia/Sydney,10.0,"(-31.083889,150.846667)"
YYL,Lynn Lake,Lynn Lake,Canada,America/Winnipeg,-5.0,"(56.863888,-101.07611)"
KGN,Kasongo Lunda,Kasongo Lunda,"Congo, Democratic Republic of the",Africa/Lubumbashi,2.0,"(-6.583333,16.816668)"
PEC,Pelican Seaplane Base,"Pelican, Alaska",United States of America,America/Anchorage,-8.0,"(57.955278,-136.236389)"
MFG,Muzaffarabad,Muzaffarabad,Pakistan,Asia/Karachi,5.0,"(34.339022,73.508639)"
CAH,Ca Mau,Ca Mau,Viet Nam,Asia/Ho_Chi_Minh,7.0,"(9.188049,105.174721)"
HEN,Hernesaari Heliport,Hendon,Great Britain (United Kingdom),Europe/Jersey,1.0,"(60.1478,24.9244)"
SOI,South molle island  ,South Molle Islan,Australia,Australia/Brisbane,10.0,"(0.0,0.0)"
PVE,El Porvenir,El Porvenir,Panama,America/Panama,-5.0,"(9.559167,-78.971111)"
KMQ,Komatsu,Komatsu,Japan,Asia/Tokyo,9.0,"(36.394611,136.406544)"
WJR,Wajir,Wajir,Kenya,Africa/Nairobi,3.0,"(1.733239,40.091606)"
SIK,Sikeston Memorial Municipal,"Sikeston, Missouri",United States of America,America/Chicago,-5.0,"(36.8988889,-89.56175)"
ISP,Long Island Mac Arthur,"Islip, New York",United States of America,America/New_York,-4.0,"(40.79525,-73.100222)"
CUC,Camilo Daza,Cucuta,Colombia,America/Bogota,-5.0,"(7.927567,-72.511547)"
WYS,Yellowstone Airport,"West Yellowstone, Montana",United States of America,America/Denver,-6.0,"(44.688333,-111.1175)"
MII,Marília Airport,Marilia,Brazil,America/Sao_Paulo,-3.0,"(-22.196892,-49.9264)"
FLT,Flat                ,"Flat, Alaska",United States of America,America/Anchorage,-8.0,"(0.0,0.0)"
ZCO,Maquehue,Temuco,Chili,America/Santiago,-4.0,"(-38.766819,-72.637097)"
OXC,Waterbury-Oxford Airport,"Oxford, Connecticut",United States of America,America/New_York,-4.0,"(41.4785556,-73.13525)"
TIQ,Tinian Intl,Tinian,Northern Mariana Islands,Pacific/Saipan,10.0,"(14.999203,145.61935)"
NUS,Norsup Airport,Norsup,Vanuatu,Pacific/Efate,11.0,"(-16.0797,167.401)"
CKD,Crooked Creek Airport,"Crooked Creek, Alaska",United States of America,America/Anchorage,-8.0,"(61.867778,-158.135)"
MKG,Muskegon County Airport,"Muskegon, Michigan",United States of America,America/Detroit,-4.0,"(43.1695,-86.2382)"
PPK,Petropavlosk,Petropavlovsk,Kazakhstan,Asia/Qyzylorda,5.0,"(54.7747,69.1839)"
VCA,Trà Nóc Airport,Can Tho,Viet Nam,Asia/Ho_Chi_Minh,7.0,"(10.085119,105.711922)"
BHF,Ostbahnhof,Bahia Cupica,Colombia,America/Cayman,-5.0,"(52.51,13.434722)"
FLW,Flores,Flores Island,Portugal,Atlantic/Azores,0.0,"(39.455272,-31.131361)"
GMA,Gemena,Gemena,"Congo, Democratic Republic of the",Africa/Kinshasa,1.0,"(3.235369,19.771258)"
NUW,Whidbey Island Nas,"Whidbey Island, Washington",United States of America,America/Los_Angeles,-7.0,"(48.351803,-122.655906)"
VAR,Varna,Varna,Bulgaria,Europe/Sofia,3.0,"(43.232072,27.825106)"
PRS,Parasi              ,Parasi,Solomon Islands,Pacific/Guadalcanal,11.0,"(-9.64167,161.425)"
DLM,Dalaman,Dalaman,Turkey,Europe/Istanbul,3.0,"(36.713056,28.7925)"
CTL,Charleville,Charleville,Australia,Australia/Brisbane,10.0,"(-26.413334,146.2625)"
OGN,Yonaguni,Yonaguni Jima,Japan,Asia/Tokyo,9.0,"(24.466944,122.977778)"
PTX,Pitalito            ,Pitalito,Colombia,America/Bogota,-5.0,"(1.85777,-76.0857)"
XLS,Saint Louis,Saint Louis,Senegal,Africa/Dakar,0.0,"(16.050761,-16.463172)"
GNJ,Ganja Airport,Gyandzha,Azerbaijan,Asia/Baku,4.0,"(40.7377,46.3176)"
CBR,Canberra,Canberra,Australia,Australia/Sydney,10.0,"(-35.306944,149.195)"
LYX,Lydd,Lydd,Great Britain (United Kingdom),Europe/London,1.0,"(50.956111,0.939167)"
ODY,Oudomxay,Oudomxay,Lao People's Democratic Republic,Asia/Vientiane,7.0,"(20.6827,101.994)"
AKX,Aktyubinsk,Aktobe,Kazakhstan,Asia/Qyzylorda,5.0,"(50.245833,57.206667)"
ZGR,Little Grand Rapids Airport,Little Grand Rapids,Canada,America/Winnipeg,-5.0,"(52.045,-95.466111)"
MBJ,Sangster Intl,Montego Bay,Jamaica,America/Jamaica,-5.0,"(18.503717,-77.913358)"
PMP,Pompano Beach Airpark,Pimaga,Papua New Guinea,Asia/Vladivostok,10.0,"(26.2471389,-80.1110556)"
BCA,Gustavo Rizo,Baracoa,Cuba,America/Havana,-4.0,"(20.365317,-74.506206)"
DHA,King Abdulaziz Ab,Dhahran,Saudi Arabia,Asia/Riyadh,3.0,"(26.265417,50.152027)"
TSV,Townsville,Townsville,Australia,Australia/Brisbane,10.0,"(-19.2525,146.765278)"
ODW,Oak harbor          ,"Oak Harbor, Washington",United States of America,America/Los_Angeles,-7.0,"(0.0,0.0)"
OXB,Osvaldo Vieira International Airport,Bissau,Guinea-Bissau,Africa/Bissau,0.0,"(11.89485,-15.653681)"
TUU,Tabuk,Tabuk,Saudi Arabia,Asia/Riyadh,3.0,"(28.365417,36.618889)"
MYV,Yuba County Airport,"Marysville, California",United States of America,America/Los_Angeles,-7.0,"(39.0553,-121.3411)"
BAB,Beale Afb,"Marysville, California",United States of America,America/Los_Angeles,-7.0,"(39.136089,-121.436567)"
JIM,Jimma,Jimma,Ethiopia,Africa/Addis_Ababa,3.0,"(7.666094,36.816639)"
VAT,Vatomandry          ,Vatomandry,Madagascar,Indian/Antananarivo,3.0,"(-19.38333,48.95)"
AIN,Wainwright Airport,"Wainwright, Alaska",United States of America,America/Anchorage,-8.0,"(70.638056,-159.994722)"
K03,Wainwright As,"Wainwright, Alaska",United States of America,America/Anchorage,-8.0,"(70.613378,-159.86035)"
HUY,Humberside,Humberside,Great Britain (United Kingdom),Europe/London,1.0,"(53.574444,-0.350833)"
HYA,Barnstable Muni Boardman Polando Fld,"Hyannis, Massachusetts",United States of America,America/New_York,-4.0,"(41.669336,-70.280356)"
ZSA,San Salvador,San Salvador,Bahamas,America/Nassau,-4.0,"(24.063275,-74.523967)"
IGR,Cataratas Del Iguazu,Iguazu,Argentina,America/Argentina/Cordoba,-3.0,"(-25.737281,-54.473444)"
GZT,Oguzeli,Gaziantep,Turkey,Europe/Istanbul,3.0,"(36.947183,37.478683)"
KRR,Pashkovskiy,Krasnodar,Russian Federation,Europe/Moscow,3.0,"(45.034689,39.170539)"
SPD,Saidpur,Saidpur,Bangladesh,Asia/Dhaka,6.0,"(25.759228,88.908869)"
KDR,Kandrian Airport,Kandrian,Papua New Guinea,Asia/Vladivostok,10.0,"(-6.183,149.533)"
ROY,Rio mayo            ,Rio Mayo,Argentina,America/Argentina/Catamarca,-3.0,"(-45.7039,-70.2456)"
LDN,Lamidanda,Lamidanda,Nepal,Asia/Kathmandu,5.75,"(27.253117,86.670044)"
PLY,Gare de Lyon,"Plymouth, Indiana",United States of America,America/Havana,-4.0,"(48.844722,2.373611)"
BFM,Mobile Downtown,"Mobile, Alabama",United States of America,America/Chicago,-5.0,"(30.626783,-88.068092)"
MOB,Mobile Rgnl,"Mobile, Alabama",United States of America,America/Chicago,-5.0,"(30.691231,-88.242814)"
AXU,Axum,Axum,Ethiopia,Africa/Addis_Ababa,3.0,"(14.14675,38.772833)"
MKO,Davis Fld,"Muskogee, Oklahoma",United States of America,America/Chicago,-5.0,"(35.656489,-95.366656)"
SUL,Sui,Sui,Pakistan,Asia/Karachi,5.0,"(28.645142,69.176917)"
YNS,Nemiscau Airport,Nemiscau,Canada,America/Montreal,-4.0,"(51.6911,-76.1356)"
ZHI,Grenchen Sud railway station,Grenchen,Switzerland,Europe/Zurich,2.0,"(47.188694,7.398389)"
LRM,Casa De Campo Intl,La Romana,Dominican Republic,America/Santo_Domingo,-4.0,"(18.450711,-68.911833)"
CIZ,Coari Airport,Coari,Brazil,America/Manaus,-4.0,"(-4.085,-63.140833)"
BTU,Bintulu,Bintulu,Malaysia,Asia/Kuching,8.0,"(3.12385,113.020472)"
MQB,Macomb Municipal Airport,"Macomb, Illinois",United States of America,America/Merida,-6.0,"(40.5200833,-90.6523889)"
NIO,Nioki Airport,Nioki,"Congo, Democratic Republic of the",Africa/Kinshasa,1.0,"(-2.7175,17.6847)"
MEK,Bassatine,Meknes,Marocco,Africa/Casablanca,1.0,"(33.879067,-5.515125)"
PUW,Pullman-Moscow Rgnl,"Pullman, Washington",United States of America,America/Los_Angeles,-7.0,"(46.743861,-117.109583)"
RRG,Plaine Corail,Rodrigues Is,Mauritius,Indian/Mauritius,4.0,"(-19.757658,63.360983)"
TEA,Tela,Tela,Honduras,America/Tegucigalpa,-6.0,"(15.775864,-87.475847)"
TUZ,Tucuma              ,Tucuma,Brazil,,,"(0.0,0.0)"
KPK,Parks               ,"Parks, Alaska",United States of America,America/Anchorage,-8.0,"(0.0,0.0)"
LPQ,Luang Phabang Intl,Luang Prabang,Lao People's Democratic Republic,Asia/Vientiane,7.0,"(19.897914,102.160764)"
MOT,Minot Intl,"Minot, North Dakota",United States of America,America/Chicago,-5.0,"(48.259378,-101.280333)"
MIB,Minot Afb,"Minot, North Dakota",United States of America,America/Chicago,-5.0,"(48.415572,-101.357661)"
YOL,Yola,Yola,Nigeria,Africa/Lagos,1.0,"(9.257553,12.430422)"
EOI,Eday Airport,Eday,Great Britain (United Kingdom),Europe/London,1.0,"(59.1906,-2.77222)"
YAP,Yap Intl,Yap,Federated States of Micronesia,Pacific/Chuuk,10.0,"(9.498911,138.082497)"
YOD,Cold Lake,Cold Lake,Canada,America/Edmonton,-6.0,"(54.404999,-110.279444)"
BFT,Beaufort County,"Beaufort, South Carolina",United States of America,America/New_York,-4.0,"(32.410935,-80.634499)"
PSH,St. Peter-Ording Airport,Saint Peter,Germany,Europe/Berlin,2.0,"(54.3089,8.68694)"
GGS,Gobernador Gregores Airport,Gdor Gregores,Argentina,America/Argentina/Rio_Gallegos,-3.0,"(-48.7831,-70.15)"
OZH,Zaporizhzhia International Airport,Zaporizhia,Russian Federation,Europe/Zaporozhye,3.0,"(47.867,35.3157)"
CKS,Carajas Airport,Carajas,Brazil,America/Belem,-3.0,"(-6.11781,-50.0035)"
SFT,Skelleftea,Skelleftea,Sweden,Europe/Stockholm,2.0,"(64.624772,21.076892)"
AYP,Coronel Fap Alfredo Mendivil Duarte,Ayacucho,Peru,America/Lima,-5.0,"(-13.154819,-74.204417)"
SLF,Sulayel,Sulayel,Saudi Arabia,Asia/Riyadh,3.0,"(20.464744,45.619644)"
GNU,Goodnews Airport,"Goodnews Bay, Alaska",United States of America,America/Anchorage,-8.0,"(59.1175,-161.5775)"
TLS,Blagnac,Toulouse,France,Europe/Paris,2.0,"(43.629075,1.363819)"
XYT,Montaudran          ,Toulouse,France,Europe/Paris,2.0,"(0.0,0.0)"
VUS,Veliky Ustyug,Velikiy Ustyug,Russian Federation,Europe/Moscow,3.0,"(60.788333,46.26)"
ELH,North Eleuthera,North Eleuthera,Bahamas,America/Nassau,-4.0,"(25.474861,-76.683489)"
RDG,Reading Regional Carl A Spaatz Field,"Reading, Pennsylvania",United States of America,America/New_York,-4.0,"(40.3785,-75.9652)"
MAY,Mangrove cay        ,Mangrove Cay,Bahamas,America/Nassau,-4.0,"(0.0,0.0)"
JDZ,Jingdezhen Airport,Jingdezhen,China,Asia/Shanghai,8.0,"(29.3386,117.176)"
BZN,Gallatin Field,"Bozeman, Montana",United States of America,America/Denver,-6.0,"(45.777643,-111.160151)"
NAY,BEIJING NANYUAN,Beijing,China,Asia/Shanghai,8.0,"(39.7825,116.387778)"
PEK,BEIJING CAPITAL INTL,Beijing,China,Asia/Shanghai,8.0,"(40.080111,116.584556)"
BJS,Beijing,Beijing,China,Asia/Shanghai,8.0,"(39.904167,116.407222)"
PKX,BEIJING DAXING INTL,Beijing,China,Asia/Shanghai,8.0,"(39.509466,116.410919)"
ULK,Lensk,Lensk,Russian Federation,Asia/Yakutsk,9.0,"(60.723,114.825)"
CAC,Cascavel,Cascavel,Brazil,America/Sao_Paulo,-3.0,"(-25.000339,-53.500764)"
MAM,General Servando Canales Intl,Matamoros,Mexico,America/Matamoros,-5.0,"(25.769894,-97.525311)"
YPX,Puvirnituq Airport,Puvimitug,Canada,America/Montreal,-4.0,"(60.0506,-77.2869)"
RUM,Rumjatar,Rumjatar,Nepal,Asia/Kathmandu,5.75,"(27.303509,86.55043)"
CKZ,Canakkale Airport,Canakkale,Turkey,Europe/Istanbul,3.0,"(40.137722,26.426777)"
JSY,Syros Airport,Syros Island,Greece,Europe/Athens,3.0,"(37.422792,24.950936)"
YNE,Norway House Airport,Norway House,Canada,America/Winnipeg,-5.0,"(53.9583,-97.8442)"
ZMI,Central rr station  ,Naples,Italy,Europe/Rome,2.0,"(0.0,0.0)"
NAP,Capodichino,Naples,Italy,Europe/Rome,2.0,"(40.886033,14.290781)"
NHR,NAPOLI AFRAGOLA,Naples,Italy,Europe/Rome,2.0,"(40.931389,14.331111)"
INP,Cantral Railway Stn,Naples,Italy,Europe/Rome,2.0,"(0.0,0.0)"
ESR,Ricardo García Posada Airport,El Salvador,Chili,America/Santiago,-4.0,"(-26.3111,-69.7652)"
ISM,Kissimmee Gateway Airport,"Kissimmee, Florida",United States of America,America/New_York,-4.0,"(28.289806,-81.437083)"
NHT,Northolt,Northolt,Great Britain (United Kingdom),Europe/London,1.0,"(51.553,-0.418167)"
MPK,Mokpo Airport,Mokpo,Korea (South),Asia/Seoul,9.0,"(34.758906,126.379872)"
LEH,Octeville,Le Havre,France,Europe/Paris,2.0,"(49.533889,0.088056)"
CCP,Carriel Sur Intl,Concepcion,Chili,America/Santiago,-4.0,"(-36.77265,-73.063106)"
MJC,Man,Man,Cote d'Ivoire,Africa/Abidjan,0.0,"(7.272069,-7.587364)"
KHD,Khoram Abad Airport,Khorramabad,Iran,Asia/Tehran,3.5,"(33.435378,48.282889)"
KTD,Kitadaito,Kitadaito,Japan,Asia/Tokyo,9.0,"(25.944722,131.326944)"
OLN,Colonia Sarmiento,Colonia Sarmiento,Argentina,America/Maceio,-3.0,"(-45.6,-69.083333)"
DOK,Donetsk Intl,Donetsk (DNR),Russian Federation,Europe/Kiev,3.0,"(48.073611,37.739722)"
BLE,Borlange,Borlaenge,Sweden,Europe/Stockholm,2.0,"(60.422017,15.515211)"
UTW,Queenstown,Queenstown,South Africa,Africa/Johannesburg,2.0,"(-31.920197,26.882206)"
QRH,Centraal Station,Rotterdam,Netherlands (Holland),Europe/Amsterdam,2.0,"(51.924444,4.469444)"
RTM,Rotterdam,Rotterdam,Netherlands (Holland),Europe/Amsterdam,2.0,"(51.956944,4.437222)"
BVY,Beverly Municipal Airport,"Beverly, Massachusetts",United States of America,America/New_York,-4.0,"(42.584141,-70.9161444)"
PPE,Puerto Penasco,Puerto Penasco,Mexico,America/Hermosillo,-7.0,"(31.351878,-113.525728)"
VIG,Juan Pablo Pérez Alfonso Airport,El Vigia,Venezuela,America/Caracas,-4.0,"(8.6241,-71.672819)"
PVD,Theodore Francis Green State,"Providence, RI",United States of America,America/New_York,-4.0,"(41.732581,-71.420383)"
REC,Guararapes Gilberto Freyre Intl,Recife,Brazil,America/Recife,-3.0,"(-8.126794,-34.923039)"
HTN,Hotan,Hotan,China,Asia/Kashgar,6.0,"(37.038522,79.864933)"
AKR,Akure,Akure,Nigeria,Africa/Lagos,1.0,"(7.246739,5.301008)"
WHL,Welshpool           ,Welshpool,Australia,Australia/Perth,8.0,"(0.0,0.0)"
HOM,Homer,"Homer, Alaska",United States of America,America/Anchorage,-8.0,"(59.645556,-151.476583)"
CAN,Baiyun Intl,Guangzhou,China,Asia/Shanghai,8.0,"(23.392436,113.298786)"
ZTI,HUMEN FERRY PORT,Guangzhou,China,Asia/Shanghai,8.0,"(22.803613,113.587667)"
PFT,Pazhou Ferry Terminal airport,Guangzhou,China,Asia/Shanghai,8.0,"(23.1072,113.3531)"
ARD,Mali Airport,Alor Island,Indonesia,Asia/Makassar,8.0,"(-8.13234,124.597)"
AUG,Augusta State,"Augusta, Maine",United States of America,America/New_York,-4.0,"(44.320647,-69.797317)"
TKA,Talkeetna,"Talkeetna, Alaska",United States of America,America/Anchorage,-8.0,"(62.3205,-150.093694)"
LBQ,Lambarene,Lambarene,Gabon,Africa/Libreville,1.0,"(-0.704389,10.245722)"
CNY,Canyonlands Field,"Moab, Utah",United States of America,America/Denver,-6.0,"(38.755,-109.754722)"
INX,Inanwatan           ,Inanwatan,Indonesia,Asia/Jayapura,9.0,"(-2.1281,132.161)"
DKK,Chautauqua County-Dunkirk Airport,"Dunkirk, New York",United States of America,America/New_York,-4.0,"(42.4933353,-79.2720417)"
KXK,Komsomolsk-on-Amur Airport,Komsomolsk Na Amure,Russian Federation,Asia/Vladivostok,10.0,"(50.4094,136.934)"
MLC,Mc Alester Rgnl,"McAlester, OK",United States of America,America/Chicago,-5.0,"(34.882403,-95.783463)"
TBW,Tambow,Tambov,Russian Federation,Europe/Moscow,3.0,"(52.803787,41.491323)"
BYA,Boundary            ,"Boundary, Alaska",United States of America,America/Anchorage,-8.0,"(0.0,0.0)"
IAA,Igarka Airport,Igarka,Russian Federation,Asia/Krasnoyarsk,7.0,"(67.4372,86.6219)"
LTI,Altai Airport,Altai,Mongolia,Asia/Hovd,7.0,"(46.3764,96.2211)"
MHD,Mashhad,Mashad,Iran,Asia/Tehran,3.5,"(36.234,59.643)"
BEU,Bedourie Airport,Bedourie,Australia,Australia/Brisbane,10.0,"(-24.3461,139.46)"
ZGI,Gods River Airport,Gods River,Canada,America/Winnipeg,-5.0,"(54.8397,-94.0786)"
CTJ,West Georgia Regional Airport - O V Gray Field,Caserta,Italy,Europe/Monaco,2.0,"(33.6316964,-85.1522641)"
RDR,Grand Forks Afb,"Red River, North Dakota",United States of America,America/Chicago,-5.0,"(47.961098,-97.401194)"
SLC,Salt Lake City Intl,"Salt Lake City, Utah",United States of America,America/Denver,-6.0,"(40.788389,-111.977772)"
UNK,Unalakleet Airport,"Unalakleet, Alaska",United States of America,America/Anchorage,-8.0,"(63.888333,-160.798889)"
HUX,Bahias De Huatulco Intl,Huatulco,Mexico,America/Mexico_City,-6.0,"(15.775317,-96.262572)"
ESN,Easton-Newnam Field Airport,"Easton, Maryland",United States of America,America/New_York,-4.0,"(38.8041667,-76.069)"
BUX,Bunia,Bunia,"Congo, Democratic Republic of the",Africa/Lubumbashi,2.0,"(1.565719,30.220833)"
CIL,Council Airport,"Council, Alaska",United States of America,America/Anchorage,-8.0,"(64.897778,-163.703333)"
KIF,Kingfisher Lake Airport,Kingfisher Lake,Canada,America/Winnipeg,-5.0,"(53.0125,-89.8553)"
TVF,Thief River Falls,"Thief River Falls, MN",United States of America,America/Chicago,-5.0,"(48.065556,-96.185)"
LHE,Allama Iqbal Intl,Lahore,Pakistan,Asia/Karachi,5.0,"(31.521564,74.403594)"
MFX,Meribel Airport,Meribel,France,Europe/Paris,2.0,"(45.4069,6.58056)"
CHM,Teniente Jaime A De Montreuil Morales,Chimbote,Peru,America/Lima,-5.0,"(-9.149614,-78.52385)"
KMJ,Kumamoto,Kumamoto,Japan,Asia/Tokyo,9.0,"(32.837319,130.85505)"
LOK,Lodwar,Lodwar,Kenya,Africa/Nairobi,3.0,"(3.121967,35.608692)"
RWB,Rowan bay           ,"Rowan Bay, Alaska",United States of America,America/Anchorage,-8.0,"(0.0,0.0)"
POZ,Lawica,Poznan,Poland,Europe/Warsaw,2.0,"(52.421031,16.826325)"
ASO,Asosa,Asosa,Ethiopia,Africa/Addis_Ababa,3.0,"(10.01855,34.586253)"
LUP,Kalaupapa Airport,"Kalaupapa, Hawaii",United States of America,Pacific/Honolulu,-10.0,"(21.211,-156.974)"
YQC,Quaqtaq Airport,Quaqtaq,Canada,America/Montreal,-4.0,"(61.0464,-69.6178)"
REN,Orenburg,Orenburg,Russian Federation,Asia/Yekaterinburg,5.0,"(51.795786,55.456744)"
MNB,Muanda,Moanda,"Congo, Democratic Republic of the",Africa/Kinshasa,1.0,"(-5.930858,12.351789)"
INK,Winkler Co,"Wink, Texas",United States of America,America/Chicago,-5.0,"(31.779628,-103.201361)"
STY,Nueva Hesperides Intl,Salto,Uruguay,America/Montevideo,-3.0,"(-31.438481,-57.985294)"
OKR,Yorke Island Airport,Yorke Island,Australia,Australia/Brisbane,10.0,"(-9.75703,143.411)"
AGB,Augsburg,Munich,Germany,Europe/Berlin,2.0,"(48.425158,10.931764)"
ZMU,Munich Railway,Munich,Germany,Europe/Berlin,2.0,"(48.1408,11.555)"
MUC,Franz Josef Strauss,Munich,Germany,Europe/Berlin,2.0,"(48.353783,11.786086)"
YEC,Yecheon,Yecheon,Korea (South),Asia/Seoul,9.0,"(36.631933,128.35485)"
KDL,Kardla,Kardla,Estonia,Europe/Tallinn,3.0,"(58.990756,22.830733)"
AGF,La Garenne,Agen,France,Europe/Paris,2.0,"(44.174721,0.590556)"
BMW,Bordj Badji Mokhtar Airport,Bordj Badji Mokhtar,Algeria,Africa/Algiers,1.0,"(21.375,0.923889)"
KYP,Kyaukpyu,Kyaukpyu,Myanmar,Asia/Rangoon,6.5,"(19.426447,93.534836)"
HMJ,Khmeinitskiy,Khmelnitskiy,Ukraine,Europe/Kiev,3.0,"(49.366,26.933)"
OVB,Tolmachevo,Novosibirsk,Russian Federation,Asia/Novosibirsk,7.0,"(55.012622,82.650656)"
YZH,Slave Lake,Slave Lake,Canada,America/Edmonton,-6.0,"(55.293056,-114.777222)"
TMI,Tumling Tar,Tumling Tar,Nepal,Asia/Kathmandu,5.75,"(27.315,87.193333)"
SFL,Sao Filipe Airport,Sao Filipe,Cape Verde,Atlantic/Cape_Verde,-1.0,"(14.885,-24.48)"
ZGN,ZHONGSHAN FERRY PORT,Zhongshan,China,Asia/Shanghai,8.0,"(22.51666667,113.3666667)"
IXI,Lilabari,Lilabari,India,Asia/Kolkata,5.5,"(27.295494,94.09765)"
HEK,Heihe Airport,Heihe,China,Asia/Harbin,8.0,"(50.25,127.3)"
BQN,Rafael Hernandez,Aguadilla,Puerto Rico,America/Puerto_Rico,-4.0,"(18.494861,-67.129444)"
MVD,Carrasco Intl,Montevideo,Uruguay,America/Montevideo,-3.0,"(-34.838417,-56.030806)"
AYQ,Ayers Rock,Ayers Rock,Australia,Australia/Darwin,9.5,"(-25.186111,130.975556)"
BNN,Bronnoy,Bronnoysund,Norway,Europe/Oslo,2.0,"(65.461111,12.2175)"
PUD,Puerto Deseado,Puerto Deseado,Argentina,America/Argentina/Rio_Gallegos,-3.0,"(-47.735292,-65.904097)"
GHK,Gush katif          ,Gush Katif,Israel,Asia/Gaza,3.0,"(0.0,0.0)"
CZE,Jose Leonardo Chirinos,Coro,Venezuela,America/Caracas,-4.0,"(11.414867,-69.681656)"
MNI,John A. Osborne Airport,Montserrat,Montserrat,America/Montserrat,-4.0,"(16.791389,-62.193333)"
SQC,Southern cross      ,Southern Cross,Australia,Australia/Perth,8.0,"(-31.24,119.36)"
PLZ,Port Elizabeth Intl,Port Elizabeth,South Africa,Africa/Johannesburg,2.0,"(-33.984919,25.617275)"
YZS,Fairmont Hot Springs,Coral Harbour,Canada,America/Coral_Harbour,-5.0,"(64.193333,-83.359444)"
ISB,Benazir Bhutto INTL ,Islamabad,Pakistan,Asia/Karachi,5.0,"(33.616653,73.099233)"
BSC,Jose Celestino Mutis,Bahia Solano,Colombia,America/Bogota,-5.0,"(6.202917,-77.394675)"
RES,Resistencia,Resistencia,Argentina,America/Argentina/Cordoba,-3.0,"(-27.449986,-59.056125)"
KYK,Karuluk Airport,"Karluk, Alaska",United States of America,America/Anchorage,-8.0,"(57.566944,-154.450278)"
JXN,Reynolds Field,"Jackson, Michigan",United States of America,America/New_York,-4.0,"(42.260556,-84.460556)"
PDB,Pedro Bay Airport,"Pedro Bay, Alaska",United States of America,America/Anchorage,-8.0,"(59.782222,-154.1325)"
WBQ,Beaver Airport,"Beaver, Alaska",United States of America,America/Anchorage,-8.0,"(66.362222,-147.406667)"
XVV,Train Station,Belleville,Canada,America/Toronto,-4.0,"(44.1793,-77.3747)"
GQQ,Galion Municipal Airport,"Galion, Ohio",United States of America,America/New_York,-4.0,"(40.7533889,-82.7238056)"
AWD,Aniwa Airport,Aniwa,Vanuatu,Pacific/Efate,11.0,"(-19.24,169.605)"
CDJ,Conceicao Do Araguaia,Conceicao Do Arag,Brazil,America/Belem,-3.0,"(-8.348347,-49.301528)"
PTA,Port alsworth       ,"Port Alsworth, Alaska",United States of America,America/Anchorage,-8.0,"(60.20305,-154.31866)"
HGO,Korhogo,Korhogo,Cote d'Ivoire,Africa/Abidjan,0.0,"(9.387183,-5.556664)"
MTZ,Masada              ,Masada,Israel,Asia/Jerusalem,3.0,"(31.3282,35.3886)"
MOI,Mitiaro Island Airport,Mitiaro Island,Cook Islands,Pacific/Rarotonga,-10.0,"(-19.8425,-157.703)"
VOZ,Voronezh Chertovitskoye,Voronezh,Russian Federation,Europe/Moscow,3.0,"(51.812396,39.223984)"
PVS,Provideniya Bay,Provideniya,Russian Federation,Asia/Anadyr,12.0,"(64.378139,-173.243306)"
GHE,Garachine Airport,Garachine,Panama,America/Panama,-5.0,"(8.06,-78.36)"
APZ,ZAPALA,Zapala,Argentina,America/Argentina/Salta,-3.0,"(-38.9755,-70.113581)"
NTE,Nantes Atlantique,Nantes,France,Europe/Paris,2.0,"(47.153189,-1.610725)"
QJZ,Nantes railway,Nantes,France,Europe/Paris,2.0,"(0.0,0.0)"
ALJ,Alexander Bay,Alexander Bay,South Africa,Africa/Johannesburg,2.0,"(-28.575001,16.533333)"
CWS,Center island       ,"Center Island, Washington",United States of America,America/Los_Angeles,-7.0,"(0.0,0.0)"
OHO,Okhotsk Airport,Okhotsk,Russian Federation,Asia/Vladivostok,10.0,"(59.4101,143.057)"
CSB,Caransebes,Caransebes,Romania,Europe/Bucharest,3.0,"(45.42,22.253333)"
OBF,Oberpfaffenhofen,Oberpfaffenhofen,Germany,Europe/Berlin,2.0,"(48.081364,11.283067)"
BYK,Bouake,Bouake,Cote d'Ivoire,Africa/Abidjan,0.0,"(7.7388,-5.073667)"
PNH,Phnom Penh Intl,Phnom Penh,Cambodia,Asia/Phnom_Penh,7.0,"(11.546556,104.844139)"
TFI,Tufi Airport,Tufi,Papua New Guinea,Asia/Vladivostok,10.0,"(-9.07595,149.32)"
KJA,Красноярск,Krasnoyarsk,Russian Federation,Asia/Krasnoyarsk,7.0,"(56.18,92.475)"
KCY,Cheremshanka,Krasnoyarsk,Russian Federation,Asia/Krasnoyarsk,7.0,"(56.177381,92.524967)"
PEV,Pécs-Pogány Airport,Pecs,Hungary,Europe/Monaco,2.0,"(45.990928,18.240983)"
KEV,Halli,Kuorevesi,Finland,Europe/Helsinki,3.0,"(61.85605,24.7866)"
SDT,Saidu Sharif,Saidu Sharif,Pakistan,Asia/Karachi,5.0,"(34.813556,72.352814)"
XIL,Xilinhot Airport,Xilinhot,China,Asia/Shanghai,8.0,"(43.9156,115.964)"
URB,Urubupunga          ,Urubupunga,Brazil,,,"(0.0,0.0)"
RAL,Riverside Muni,"Riverside, California",United States of America,America/Los_Angeles,-7.0,"(33.951875,-117.445103)"
RIV,March Arb,"Riverside, California",United States of America,America/Los_Angeles,-7.0,"(33.880711,-117.259453)"
KAD,Kaduna,Kaduna,Nigeria,Africa/Lagos,1.0,"(10.696025,7.320114)"
LEC,Chapada Diamantina Airport,Lencois,Brazil,America/Bahia,-3.0,"(-12.4823,-41.277)"
GSB,Seymour Johnson Afb,"Goldsboro, North Carolina",United States of America,America/New_York,-4.0,"(35.339383,-77.960589)"
FME,Tipton,"Fort Meade, Maryland",United States of America,America/New_York,-4.0,"(39.085386,-76.759414)"
MTR,Los Garzones,Monteria,Colombia,America/Bogota,-5.0,"(8.823744,-75.825831)"
JAG,Jacobabad           ,Jacobabad,Pakistan,Asia/Karachi,5.0,"(28.28417,68.44971)"
IPT,Williamsport Rgnl,"Williamsport, Pennsylvania",United States of America,America/New_York,-4.0,"(41.241836,-76.921094)"
BOY,Bobo Dioulasso,Bobo Dioulasso,Burkina-Faso,Africa/Ouagadougou,0.0,"(11.160056,-4.330969)"
DGT,Dumaguete,Dumaguete,Philippines,Asia/Manila,8.0,"(9.333714,123.300472)"
ZTA,Tureia Airport,Tureira,French Polynesia,Pacific/Tahiti,-10.0,"(-20.7897,-138.57)"
AUA,Reina Beatrix Intl,Aruba,Aruba,America/Aruba,-4.0,"(12.501389,-70.015221)"
ECG,Elizabeth City Cgas Rgnl,"Elizabeth City, North Carolina",United States of America,America/New_York,-4.0,"(36.260581,-76.174572)"
IOW,Iowa City Municipal Airport,"Iowa City, Iowa",United States of America,America/Chicago,-5.0,"(41.639244,-91.546503)"
BZB,Bazaruto Island Airport,Bazaruto Island,Mozambique,Africa/Kigali,2.0,"(-21.542778,35.473056)"
KAN,Mallam Aminu Intl,Kano,Nigeria,Africa/Lagos,1.0,"(12.047589,8.524622)"
MGR,Moultrie Municipal Airport,"Moultrie, Georgia",United States of America,America/Havana,-4.0,"(31.0849167,-83.80325)"
POI,Capitan Nicolas Rojas,Potosi,Bolivia,America/La_Paz,-4.0,"(-19.543069,-65.723706)"
QQM,Piccadilly railway stn,Manchester,Great Britain (United Kingdom),Europe/London,1.0,"(0.0,0.0)"
MAN,Manchester,Manchester,Great Britain (United Kingdom),Europe/London,1.0,"(53.353744,-2.27495)"
ZMP,Bus stations,Manchester,Great Britain (United Kingdom),Europe/London,1.0,"(53.479054,-2.236841)"
EAT,Pangborn Field,"Wenatchee, Washington",United States of America,America/Los_Angeles,-7.0,"(47.398,-120.206)"
LYH,Lynchburg Regional Preston Glenn Field,"Lynchburg, Virginia",United States of America,America/New_York,-4.0,"(37.3267,-79.2004)"
ZPH,Municipal Airport,"Zephyrhills, Florida",United States of America,America/New_York,-4.0,"(28.228056,-82.155833)"
PMR,Palmerston North,Palmerston North,New Zealand,Pacific/Auckland,12.0,"(-40.320556,175.616944)"
MVZ,Masvingo Intl,Masvingo,Zimbabwe,Africa/Harare,2.0,"(-20.055333,30.859111)"
AUC,Santiago Perez,Arauca,Colombia,America/Bogota,-5.0,"(7.068881,-70.736925)"
SHJ,Sharjah Intl,Sharjah,United Arab Emirates,Asia/Dubai,4.0,"(25.328575,55.51715)"
BLI,Bellingham Intl,"Bellingham, Washington",United States of America,America/Los_Angeles,-7.0,"(48.792694,-122.537528)"
LPU,Long Apung Airport,Long Apung,Indonesia,,,"(0.583,115.6)"
AYK,Arkalyk,Arkalyk,Kazakhstan,Asia/Qyzylorda,5.0,"(50.2395,66.941)"
RAV,Cravo norte         ,Cravo Norte,Colombia,America/Bogota,-5.0,"(0.0,0.0)"
MCL,McKinley National Park Airport,"Mount McKinley, Alaska",United States of America,America/Anchorage,-8.0,"(63.732757,-148.91129)"
PSZ,Tte De Av Salvador Ogaya G,Puerto Suarez,Bolivia,America/La_Paz,-4.0,"(-18.975281,-57.820586)"
SCT,Socotra Intl,Socotra,Yemen,Asia/Aden,3.0,"(12.630672,53.905778)"
STB,Santa Barbara Del Zulia,Santa Barbara Ed,Venezuela,America/Caracas,-4.0,"(8.974425,-71.943014)"
GSO,Piedmont Triad,"Greensboro, North Carolina",United States of America,America/New_York,-4.0,"(36.09775,-79.937306)"
YAC,Cat Lake Airport,Cat Lake,Canada,America/Winnipeg,-5.0,"(51.7272,-91.8244)"
KME,Kamembe,Kamembe,Rwanda,Africa/Kigali,2.0,"(-2.462242,28.90795)"
LND,Lindau HBF,"Lander, Wyoming",United States of America,America/Denver,-6.0,"(47.5489,9.688)"
NWA,Bandaressalam,Moheli,Comoros,Indian/Comoro,3.0,"(-12.298108,43.7664)"
VNA,Saravane Airport,Saravane,Lao People's Democratic Republic,Asia/Vientiane,7.0,"(15.709444,106.411667)"
ILP,Île des Pins Airport,Ile Des Pins,New Caledonia,Pacific/Noumea,11.0,"(-22.5889,167.456)"
CLP,Clarks point        ,"Clarks Point, Alaska",United States of America,America/Anchorage,-8.0,"(58.83659,-158.52881)"
HUH,Huahine,Huahine,French Polynesia,Pacific/Tahiti,-10.0,"(-16.687242,-151.021667)"
TTB,Tortoli,Tortoli,Italy,Europe/Rome,2.0,"(39.918761,9.682981)"
POS,Piarco,Port Of Spain,Trinidad and Tobago,America/Port_of_Spain,-4.0,"(10.595369,-61.337242)"
SPR,San Pedro,San Pedro,Belize,America/Belize,-6.0,"(17.913936,-87.971075)"
ZPD,Oldenburg rail,Oldenburg,Germany,Europe/Monaco,2.0,"(0.0,0.0)"
SXR,Srinagar,Srinagar,India,Asia/Kolkata,5.5,"(33.987139,74.77425)"
GSQ,Sharq Al-Owainat Airport,Shark Alowainat,Egypt,Africa/Cairo,3.0,"(22.5806,28.7207)"
REY,Reyes Airport,Reyes,Bolivia,America/La_Paz,-4.0,"(-14.3044,-67.3534)"
AHN,Athens Ben Epps Airport,"Athens, Georgia",United States of America,America/New_York,-4.0,"(33.9486,-83.3263)"
RTS,Rottnest island     ,Rottnest Island,Australia,Australia/Perth,8.0,"(-32.0067,115.54)"
SFH,Sub Teniente Nestor Arias,San Felipe,Mexico,America/Santa_Isabel,-7.0,"(10.278728,-68.755211)"
EIK,Yeysk,Yeysk,Russian Federation,Europe/Moscow,3.0,"(46.686747,38.210793)"
RFN,Raufarhofn          ,Raufarhofn,Iceland,Atlantic/Reykjavik,0.0,"(66.45,-15.95)"
IXG,Belgaum,Belgaum,India,Asia/Kolkata,5.5,"(15.859286,74.618292)"
ORA,Oran,Oran,Argentina,America/Argentina/Salta,-3.0,"(-23.152779,-64.32917)"
CIU,Chippewa County International Airport,"Sault Ste Marie, Michigan",United States of America,America/Detroit,-4.0,"(46.2508,-84.4724)"
UMR,Woomera,Woomera,Australia,Australia/Adelaide,9.5,"(-31.144167,136.816944)"
XBK,Ceyzeriat,Bourg En Bresse,France,Europe/Paris,2.0,"(46.20089,5.292028)"
GAQ,Gao,Gao,Mali,Africa/Bamako,0.0,"(16.248433,-0.005456)"
ACI,Alderney,Alderney,Great Britain (United Kingdom),Europe/Guernsey,1.0,"(49.706111,-2.214722)"
VIE,Schwechat,Vienna,Austria,Europe/Vienna,2.0,"(48.110278,16.569722)"
XWW,Westbahnhof rail stn,Vienna,Austria,Europe/Vienna,2.0,"(0.0,0.0)"
XWC,Hauptbahnhof Rail Station,Vienna,Austria,Europe/Vienna,2.0,"(0.0,0.0)"
ESK,Eskisehir,Eskisehir,Turkey,Europe/Istanbul,3.0,"(39.784138,30.582111)"
AOE,Anadolu Airport,Eskisehir,Turkey,Europe/Istanbul,3.0,"(39.809858,30.519378)"
NVI,Navoi Airport,Navoi,Uzbekistan,Asia/Samarkand,5.0,"(40.1172,65.1708)"
YQX,Gander Intl,Gander,Canada,America/St_Johns,-2.5,"(48.936944,-54.568056)"
TPN,Tiputini,Tiputini,Ecuador,America/Guayaquil,-5.0,"(-0.766667,-75.53333)"
AUU,Aurukun Airport,Aurukun Mission,Australia,Australia/Brisbane,10.0,"(-13.3539,141.721)"
LEN,Leon Airport,Leon,Spain,Europe/Madrid,2.0,"(42.589,-5.655556)"
EEU,Leon Railway Station,Leon,Spain,Europe/Madrid,2.0,"(45.7605,4.86112)"
TCH,Tchibanga Airport,Tchibanga,Gabon,Africa/Libreville,1.0,"(-2.85,11.017)"
MWZ,Mwanza,Mwanza,Tanzania,Africa/Dar_es_Salaam,3.0,"(-2.444486,32.932667)"
KBY,Kurumoch,Streaky Bay,Australia,Australia/Adelaide,9.5,"(53.504858,50.164336)"
YPQ,Peterborough,Peterborough,Canada,America/Toronto,-4.0,"(44.23,-78.363333)"
FOG,Gino Lisa,Foggia,Italy,Europe/Rome,2.0,"(41.432917,15.535028)"
FOI,Foggia railway station,Foggia,Italy,Europe/Rome,2.0,"(41.465556,15.556111)"
FAT,Fresno Yosemite Intl,"Fresno, California",United States of America,America/Los_Angeles,-7.0,"(36.776194,-119.71814)"
WST,Westerly State Airport,"Westerly, Rhode Island",United States of America,America/New_York,-4.0,"(41.349722,-71.803333)"
NER,Neryungri           ,Neryungri,Russian Federation,Asia/Yakutsk,9.0,"(56.905457,124.899613)"
ULU,Gulu Airport,Gulu,Uganda,Africa/Kampala,3.0,"(2.805556,32.271792)"
VSA,C P A Carlos Rovirosa Intl,Villahermosa,Mexico,America/Mexico_City,-6.0,"(17.997,-92.817361)"
XFL,Flagler County Airport,Shawinigan,Canada,America/Toronto,-4.0,"(29.2821,-81.1212)"
SLK,Adirondack Regional Airport,"Saranac Lake, New York",United States of America,America/New_York,-4.0,"(44.3853,-74.2062)"
OFK,Norfolk             ,"Norfolk, Nebraska",United States of America,America/Chicago,-5.0,"(41.98528,-97.43533)"
LCR,La Chorrera Airport,La Chorrera,Colombia,America/Cayman,-5.0,"(-0.733333,-73.016667)"
YXN,Whale Cove Airport,Whale Cove,Canada,America/Rankin_Inlet,-5.0,"(62.24,-92.5981)"
GEL,Santo Angelo,Santo Angelo,Brazil,America/Sao_Paulo,-3.0,"(-28.281683,-54.169139)"
MLL,Marshall Don Hunter Sr. Airport,"Marshall, Alaska",United States of America,America/Anchorage,-8.0,"(61.8646418,-162.026111)"
LFR,La Fria,La Fria,Venezuela,America/Caracas,-4.0,"(8.239167,-72.271028)"
ULA,San Julian,San Julian,Argentina,America/Argentina/Rio_Gallegos,-3.0,"(-49.306775,-67.802589)"
FOA,Foula Airport,Foula,Great Britain (United Kingdom),Europe/Jersey,1.0,"(60.121,-2.052)"
YXE,Saskatoon J G Diefenbaker Intl,Saskatoon,Canada,America/Regina,-6.0,"(52.170834,-106.699722)"
KLN,Larsen Bay Airport,"Larsen Bay, Alaska",United States of America,America/Anchorage,-8.0,"(57.535,-153.976667)"
USN,Ulsan,Ulsan,Korea (South),Asia/Seoul,9.0,"(35.593494,129.351722)"
PAQ,Palmer Muni,"Palmer, Alaska",United States of America,America/Anchorage,-8.0,"(61.594914,-149.088711)"
YKU,Chisasibi Airport,Chisasibi,Canada,America/Montreal,-4.0,"(53.8056,-78.9169)"
TIN,Tindouf,Tindouf,Algeria,Africa/Algiers,1.0,"(27.700372,-8.167103)"
CFG,Jaime Gonzalez,Cienfuegos,Cuba,America/Havana,-4.0,"(22.15,-80.414167)"
TOD,Pulau Tioman,Tioman,Malaysia,Asia/Kuala_Lumpur,8.0,"(2.818183,104.160019)"
LET,Alfredo Vasquez Cobo,Leticia,Colombia,America/Bogota,-5.0,"(-4.193549,-69.943163)"
BTE,Sherbro International Airport,Bonthe,Sierra Leone,Africa/Freetown,0.0,"(7.53242,-12.5189)"
BYH,Arkansas Intl,"Blytheville, Arkansas",United States of America,America/Chicago,-5.0,"(35.964347,-89.943956)"
ENA,Kenai Muni,"Kenai, Alaska",United States of America,America/Anchorage,-8.0,"(60.573111,-151.245)"
VAV,Vavau Intl,Vava U,Tonga,Pacific/Tongatapu,13.0,"(-18.585336,-173.961717)"
IUL,Ilu                 ,Ilu,Indonesia,Asia/Jayapura,9.0,"(-3.73333,138.16667)"
RCE,Roche Harbor Seaplane Base,"Roche Harbor, Washington",United States of America,America/Vancouver,-7.0,"(48.608056,-123.159722)"
NNM,Naryan-Mar,Naryan Mar,Russian Federation,Europe/Moscow,3.0,"(67.633284,53.085705)"
POM,Port Moresby Jacksons Intl,Port Moresby,Papua New Guinea,Pacific/Port_Moresby,10.0,"(-9.443383,147.22005)"
WUH,Tianhe,Wuhan,China,Asia/Shanghai,8.0,"(30.783758,114.2081)"
RCH,Almirante Padilla,Riohacha,Colombia,America/Bogota,-5.0,"(11.526222,-72.925958)"
XNV,Nuneaton railway station,Nuneaton,Great Britain (United Kingdom),Europe/Jersey,1.0,"(0.0,0.0)"
PZU,Port Sudan New International Airport,Port Sudan,Sudan,Africa/Khartoum,2.0,"(19.4336,37.2341)"
ULD,Prince Mangosuthu Buthelezi,Ulundi,South Africa,Africa/Johannesburg,2.0,"(-28.320586,31.416519)"
KGK,Koliganek Airport,"New Koliganek, Alaska",United States of America,America/Anchorage,-8.0,"(59.726667,-157.259444)"
ZVM,Hannover Messe-Heliport,Hanover Messe,Germany,Europe/Monaco,2.0,"(52.329035,9.822136)"
GDQ,Gondar,Gondar,Ethiopia,Africa/Addis_Ababa,3.0,"(12.5199,37.434047)"
COX,Congo Town Airport,Congo Town,Bahamas,America/Nassau,-4.0,"(24.158933,-77.589758)"
BOX,Bochum HBF,Borroloola,Australia,Australia/Darwin,9.5,"(51.478506,7.2222)"
FZO,Bristol Filton,Filton,Great Britain (United Kingdom),Europe/London,1.0,"(51.519444,-2.590833)"
HDD,Hyderabad Airport,Hyderabad,Pakistan,Asia/Karachi,5.0,"(25.3181,68.3661)"
PMO,Palermo,Palermo,Italy,Europe/Rome,2.0,"(38.175958,13.091019)"
GYD,Heydar Aliyev,Baku,Azerbaijan,Asia/Baku,4.0,"(40.4675,50.046667)"
YQW,North Battleford,North Battleford,Canada,America/Regina,-6.0,"(52.769167,-108.24361)"
IRJ,La Rioja,La Rioja,Argentina,America/Argentina/La_Rioja,-3.0,"(-29.381636,-66.795839)"
WMN,Maroantsetra,Maroantsetra,Madagascar,Indian/Antananarivo,3.0,"(-15.436666,49.688332)"
PHD,Harry Clever Field Airport,"New Philadelphia, Ohio",United States of America,America/New_York,-4.0,"(40.4701667,-81.4199444)"
YXJ,Fort St John,Fort St John,Canada,America/Dawson_Creek,-7.0,"(56.238056,-120.740278)"
,Zeja,Zeya,Russian Federation,Asia/Yakutsk,9.0,"(53.69224,127.09126)"
EYA,ZEYA AIRPORT,Zeya,Russian Federation,Asia/Yakutsk,9.0,"(53.69999985,127.100002)"
UCA,Utica               ,"Utica, New York",United States of America,America/New_York,-4.0,"(0.0,0.0)"
CBT,Catumbela Airport,Catumbela,Angola,Africa/Luanda,1.0,"(-12.4792,13.4869)"
ADX,Leuchars,Saint Andrews,Great Britain (United Kingdom),Europe/London,1.0,"(56.372889,-2.868444)"
KEH,Kenmore Air Harbor Inc Seaplane Base,"Kenmore Air Harbo, Washington",United States of America,America/Vancouver,-7.0,"(47.7548,-122.259)"
KMO,Manokotak Airport,"Manokotak, Alaska",United States of America,America/Anchorage,-8.0,"(58.990278,-159.05)"
KDU,Skardu Airport,Skardu,Pakistan,Asia/Karachi,5.0,"(35.335508,75.536047)"
SHE,Taoxian International Airport,Shenyang,China,Asia/Shanghai,8.0,"(41.635478,123.496056)"
ATK,Atqasuk Edward Burnell Sr Memorial Airport,"Atqasuk, Alaska",United States of America,America/Anchorage,-8.0,"(70.4673,-157.436)"
YHI,Ulukhaktok Holman,Holman,Canada,America/Yellowknife,-6.0,"(70.762778,-117.806111)"
ADQ,Kodiak,"Kodiak, Alaska",United States of America,America/Anchorage,-8.0,"(57.749967,-152.493856)"
PSU,Pangsuma Airport,Putussibau,Indonesia,Asia/Pontianak,7.0,"(0.835578,112.937144)"
RUR,Rurutu,Rurutu,French Polynesia,Pacific/Tahiti,-10.0,"(-22.434069,-151.360614)"
DWA,Yolo County Airport,Dwangwa,Malawi,Africa/Blantyre,2.0,"(38.5793889,-121.8569444)"
RKE,Roskilde,Copenhagen,Denmark,Europe/Copenhagen,2.0,"(55.585567,12.131428)"
ZGH,Central,Copenhagen,Denmark,Europe/Copenhagen,2.0,"(55.672778,12.564444)"
CPH,Kastrup,Copenhagen,Denmark,Europe/Copenhagen,2.0,"(55.617917,12.655972)"
LHA,Lahr Airport,Lahr,Germany,Europe/Berlin,2.0,"(48.3693,7.82772)"
LDE,Lourdes,Lourdes Tarbes,France,Europe/Paris,2.0,"(43.178675,-0.006439)"
CLW,Clearwater Air Park,"Clearwater, FL",United States of America,America/New_York,-4.0,"(27.9764722,-82.7586667)"
JQE,Jaqué Airport,Jaque,Panama,America/Panama,-5.0,"(7.51778,-78.1572)"
BFJ,Bijie Feixiong Airport,Ba,Fiji,Pacific/Fiji,12.0,"(27.253,105.426)"
VIS,Visalia Municipal Airport,"Visalia, California",United States of America,America/Los_Angeles,-7.0,"(36.318611,-119.392778)"
PIN,Julio Belem Airport,Parintins,Brazil,America/Manaus,-4.0,"(-2.627778,-56.735833)"
EUN,Hassan I Airport,Laayoune,Marocco,Africa/El_Aaiun,1.0,"(27.1517,-13.2192)"
EYW,Key West Intl,"Key West, Florida",United States of America,America/New_York,-4.0,"(24.556111,-81.759556)"
NQX,Key West Nas,"Key West, Florida",United States of America,America/New_York,-4.0,"(24.575834,-81.688889)"
YQF,Red Deer Regional,Red Deer,Canada,America/Edmonton,-6.0,"(52.182222,-113.894444)"
KAJ,Kajaani,Kajaani,Finland,Europe/Helsinki,3.0,"(64.285472,27.692414)"
ZAL,Pichoy,Valdivia,Chili,America/Santiago,-4.0,"(-39.649956,-73.086111)"
KSI,Kissidougou,Kissidougou,Guinea,Africa/Conakry,0.0,"(9.160556,-10.124443)"
TYF,Torsby Airport,Torsby,Sweden,Europe/Stockholm,2.0,"(60.157622,12.991269)"
ILZ,Žilina Airport,Zilina,Slovak Republic,Europe/Bratislava,2.0,"(49.231528,18.6135)"
MDI,Makurdi,Makurdi,Nigeria,Africa/Lagos,1.0,"(7.703883,8.613939)"
CPS,St. Louis Downtown Airport,"Saint Louis, MI",United States of America,America/Chicago,-5.0,"(38.5707244,-90.1562211)"
STL,Lambert St Louis Intl,"Saint Louis, MI",United States of America,America/Chicago,-5.0,"(38.748697,-90.370028)"
SUS,Spirit Of St Louis,"Saint Louis, MI",United States of America,America/Chicago,-5.0,"(38.662119,-90.652044)"
CRZ,Turkmenabat,Turkmenabad,Turkmenistan,Asia/Ashgabat,5.0,"(39.083333,63.602222)"
CRD,Comodoro Rivadavia,Comodoro Rivadavi,Argentina,America/Argentina/Catamarca,-3.0,"(-45.785347,-67.465508)"
ZCL,General Leobardo C Ruiz Intl,Zacatecas,Mexico,America/Mexico_City,-6.0,"(22.897112,-102.68689)"
SHW,Sharurah,Sharurah,Saudi Arabia,Asia/Riyadh,3.0,"(17.466875,47.121431)"
KZO,Kzyl-Orda,Kyzylorda,Kazakhstan,Asia/Qyzylorda,5.0,"(44.709,65.591)"
KYZ,Kyzyl Airport,Kyzyl,Russian Federation,Asia/Krasnoyarsk,7.0,"(51.6694,94.4006)"
PCB,Pondok Cabe,Pondok Cabe,Indonesia,Asia/Jakarta,7.0,"(-6.336964,106.764561)"
JUL,Juliaca,Juliaca,Peru,America/Lima,-5.0,"(-15.467103,-70.158169)"
MJM,Mbuji Mayi,Mbuji Mayi,"Congo, Democratic Republic of the",Africa/Lubumbashi,2.0,"(-6.121236,23.569008)"
GBD,Great Bend Municipal,"Great Bend, Kansas",United States of America,America/Chicago,-5.0,"(38.344167,-98.859167)"
TBH,Romblon Airport,Tablas,Philippines,Asia/Manila,8.0,"(12.311,122.085)"
YLW,Kelowna,Kelowna,Canada,America/Vancouver,-7.0,"(49.956112,-119.377778)"
EAM,Nejran,Nejran,Saudi Arabia,Asia/Riyadh,3.0,"(17.611436,44.419169)"
CXP,Tunggul Wulung,Cilacap,Indonesia,Asia/Jakarta,7.0,"(-7.645056,109.033911)"
ESD,Orcas Island Airport,"Eastsound, Washington",United States of America,America/Los_Angeles,-7.0,"(48.708056,-122.910556)"
GUH,Gunnedah            ,Gunnedah,Australia,Australia/Sydney,10.0,"(-30.9611,150.25101)"
PAS,Paros,Paros,Greece,Europe/Athens,3.0,"(37.010278,25.127778)"
HIF,Hill Afb,"Ogden, UT",United States of America,America/Denver,-6.0,"(41.123939,-111.973039)"
FLS,Flinders Island Airport,Flinders Island,Australia,Australia/Hobart,10.0,"(-40.0917,147.993)"
MDY,Midway Atoll,Midway Island,United States Minor Outlying Islands,Pacific/Midway,-11.0,"(28.201725,-177.380636)"
CJM,Chumphon,Chumphon,Thailand,Asia/Bangkok,7.0,"(10.7112,99.361706)"
KEN,Kenema Airport,Kenema,Sierra Leone,Africa/Freetown,0.0,"(7.89129,-11.1766)"
YGZ,Grise Fiord Airport,Grise Fiord,Canada,America/Iqaluit,-4.0,"(76.4261,-82.9092)"
RON,Rondon              ,Rondon,Colombia,America/Cayman,-5.0,"(0.0,0.0)"
VCT,Victoria Regional Airport,"Victoria, Texas",United States of America,America/Chicago,-5.0,"(28.8526,-96.9185)"
LAK,Aklavik,Aklavik,Canada,America/Yellowknife,-6.0,"(68.223333,-135.005833)"
KKD,Kokoda Airport,Kokoda,Papua New Guinea,Asia/Vladivostok,10.0,"(-8.88468,147.731)"
HKN,Kimbe Airport,Hoskins,Papua New Guinea,Pacific/Port_Moresby,10.0,"(-5.46217,150.405)"
WUZ,Changzhoudao Airport,Wuzhou,China,Asia/Chongqing,8.0,"(23.4567,111.248)"
LVO,Laverton Airport,Laverton,Australia,Australia/Perth,8.0,"(-28.6136,122.424)"
GIL,Gilgit,Gilgit,Pakistan,Asia/Karachi,5.0,"(35.918786,74.333644)"
CHP,Circle hot springs  ,"Circle Hot Spring, Alaska",United States of America,America/Anchorage,-8.0,"(65.48547,-144.61078)"
PSM,Pease International Tradeport,"Boston, Massachusetts",United States of America,America/New_York,-4.0,"(43.0779,-70.8233)"
BOS,General Edward Lawrence Logan Intl,"Boston, Massachusetts",United States of America,America/New_York,-4.0,"(42.364347,-71.005181)"
SML,Stella Maris,Stella Maris,Bahamas,America/Nassau,-4.0,"(23.581444,-75.270475)"
CXB,Coxs Bazar,Coxs Bazar,Bangladesh,Asia/Dhaka,6.0,"(21.452194,91.963889)"
AIS,Arorae Island Airport,Arorae Island,Kiribati,Pacific/Tarawa,12.0,"(-2.633333,179.816667)"
TKE,Tenakee Seaplane Base,"Tenakee Springs, Alaska",United States of America,Asia/Vladivostok,10.0,"(57.779722,-135.218333)"
PCH,Palacios            ,Palacios,Honduras,America/Tegucigalpa,-6.0,"(0.0,0.0)"
VPE,Ondjiva Pereira Airport,Ongiva,Angola,Africa/Bangui,1.0,"(-17.043464,15.683822)"
SAU,Sawu                ,Sawu,Indonesia,Asia/Makassar,8.0,"(0.0,0.0)"
HBR,Hobart Muni,"Hobart, Oklahoma",United States of America,America/Chicago,-5.0,"(34.991308,-99.051353)"
YCR,Cross Lake - Charlie Sinclair Memorial Airport,Cross Lake,Canada,America/Winnipeg,-5.0,"(54.610833,-97.760278)"
YTL,Big Trout Lake Airport,Big Trout,Canada,America/Winnipeg,-5.0,"(53.8178,-89.8969)"
LKL,Banak,Lakselv,Norway,Europe/Oslo,2.0,"(70.068814,24.973489)"
BDD,Badu Island Airport,Badu Island,Australia,Australia/Brisbane,10.0,"(-10.15,141.175)"
MPU,Mamitupo,Mapua,Papua New Guinea,Asia/Vladivostok,10.0,"(9.186667,-77.984167)"
HFN,Hornafjordur,Hornafjordur,Iceland,Atlantic/Reykjavik,0.0,"(64.295556,-15.227222)"
GED,Sussex Co,"Georgetown, Delaware",United States of America,America/New_York,-4.0,"(38.689194,-75.358889)"
EIN,Eindhoven,Eindhoven,Netherlands (Holland),Europe/Amsterdam,2.0,"(51.450139,5.374528)"
LUM,Mangshi Airport,Luxi,China,Asia/Chongqing,8.0,"(24.4011,98.5317)"
GOU,Garoua,Garoua,Cameroon,Africa/Douala,1.0,"(9.335892,13.370103)"
BHQ,Broken Hill Airport,Broken Hill,Australia,Australia/Broken_Hill,9.5,"(-32.0014,141.472)"
MXJ,Minna New,Minna,Nigeria,Africa/Lagos,1.0,"(9.652172,6.462256)"
SWS,Swansea,Swansea,Great Britain (United Kingdom),Europe/London,1.0,"(51.605333,-4.067833)"
SPN,Francisco C Ada Saipan Intl,Saipan,Northern Mariana Islands,Pacific/Saipan,10.0,"(15.119003,145.729356)"
ZKZ,Vevey railway station,Vevey,Switzerland,Europe/Monaco,2.0,"(0.0,0.0)"
NSK,Alykel,Norilsk,Russian Federation,Asia/Krasnoyarsk,7.0,"(69.311053,87.332183)"
XGR,Kangiqsualujjuaq (Georges River) Airport,Kangiqsualujjuaq,Canada,America/Montreal,-4.0,"(58.7114,-65.9928)"
PDR,Presidente dutra    ,Presidente Dutra,Brazil,,,"(0.0,0.0)"
AND,Anderson Rgnl,"Anderson, South Carolina",United States of America,America/New_York,-4.0,"(34.494583,-82.709389)"
BQH,Biggin Hill,London,Great Britain (United Kingdom),Europe/London,1.0,"(51.330833,0.0325)"
LCY,City,London,Great Britain (United Kingdom),Europe/London,1.0,"(51.505278,0.055278)"
LTN,Luton,London,Great Britain (United Kingdom),Europe/London,1.0,"(51.874722,-0.368333)"
LGW,Gatwick,London,Great Britain (United Kingdom),Europe/London,1.0,"(51.148056,-0.190278)"
ZEP,Victoria railway stn,London,Great Britain (United Kingdom),Europe/London,1.0,"(0.0,0.0)"
QQK,London - Kings Cross,London,Great Britain (United Kingdom),Europe/London,1.0,"(51.5326,0.1233)"
QQP,Paddington Station,London,Great Britain (United Kingdom),Europe/London,1.0,"(51.515833,-0.176111)"
QQS,St Pancras Railway Station,London,Great Britain (United Kingdom),Europe/London,1.0,"(51.53251949,-0.126300373)"
XQE,Ebbsfleet rail,London,Great Britain (United Kingdom),Europe/London,1.0,"(0.0,0.0)"
QQU,London euston railway stn,London,Great Britain (United Kingdom),Europe/London,1.0,"(0.0,0.0)"
ZLS,Liverpool street,London,Great Britain (United Kingdom),Europe/London,1.0,"(0.0,0.0)"
STN,Stansted,London,Great Britain (United Kingdom),Europe/London,1.0,"(51.885,0.235)"
LHR,Heathrow,London,Great Britain (United Kingdom),Europe/London,1.0,"(51.4775,-0.461389)"
AZB,Amazon bay          ,Amazon Bay,Papua New Guinea,Asia/Vladivostok,10.0,"(0.0,0.0)"
BDU,Bardufoss,Bardufoss,Norway,Europe/Oslo,2.0,"(69.055758,18.540356)"
BKO,Senou,Bamako,Mali,Africa/Bamako,0.0,"(12.533544,-7.949944)"
JER,Jersey,Jersey,Great Britain (United Kingdom),Europe/Jersey,1.0,"(49.207947,-2.195508)"
ANU,V C Bird Intl,Antigua,Antigua and Barbuda,America/Antigua,-4.0,"(17.136749,-61.792667)"
YKL,Schefferville,Schefferville,Canada,America/Montreal,-4.0,"(54.805278,-66.805278)"
GPA,Araxos,Patras,Greece,Europe/Athens,3.0,"(38.151111,21.425556)"
PBV,St George,Portos Dos Gauchos,Brazil,America/Cuiaba,-4.0,"(56.578344,-169.661611)"
TNL,Ternopol,Ternopil,Ukraine,Europe/Kiev,3.0,"(49.31,25.42)"
SRG,Achmad Yani,Semarang,Indonesia,Asia/Jakarta,7.0,"(-6.971447,110.374122)"
BBI,Bhubaneshwar,Bhubaneswar,India,Asia/Kolkata,5.5,"(20.244364,85.817781)"
SMS,Sainte Marie,Sainte Marie,Madagascar,Indian/Antananarivo,3.0,"(-17.093889,49.815834)"
CKY,Conakry,Conakry,Guinea,Africa/Conakry,0.0,"(9.576889,-13.611961)"
BRC,San Carlos De Bariloche,San Carlos De Bariloche,Argentina,America/Argentina/Salta,-3.0,"(-41.151172,-71.157542)"
BLP,Bellavista          ,Bellavista,Peru,America/Lima,-5.0,"(-7.06056,-76.5822)"
KZS,Kastelorizo,Kastelorizo,Greece,Europe/Athens,3.0,"(36.127777,29.566656)"
VGO,Vigo,Vigo,Spain,Europe/Madrid,2.0,"(42.2318,-8.626775)"
GYS,Guangyuan Airport,Guang Yuan,China,Asia/Chongqing,8.0,"(32.3911,105.702)"
KDM,Kaadedhdhoo,Kaadedhdhoo,Maldives,Indian/Maldives,5.0,"(0.4880555,72.995556)"
CFO,Confresa Airport,Confreza,Brazil,America/Cuiaba,-4.0,"(-10.633611,-51.567222)"
BWB,Barrow Island Airport,Barrow Island,Australia,Australia/Perth,8.0,"(-20.798,115.406)"
INH,Inhambane,Inhambane,Mozambique,Africa/Maputo,2.0,"(-23.876431,35.408544)"
XPK,Pukatawagan         ,Pukatawagan,Canada,America/Winnipeg,-5.0,"(0.0,0.0)"
PIZ,Point Lay Lrrs,"Point Lay, Alaska",United States of America,America/Nome,-8.0,"(69.732875,-163.005342)"
ZUM,Churchill Falls Airport,Churchill Falls,Canada,America/Goose_Bay,-3.0,"(53.5619,-64.1064)"
LCE,Goloson Intl,La Ceiba,Honduras,America/Tegucigalpa,-6.0,"(15.742481,-86.853036)"
XRY,Jerez,Jerez De La Frontera,Spain,Europe/Madrid,2.0,"(36.744622,-6.060111)"
YJW,JEREZ RAILWAY STN,Jerez De La Frontera,Spain,Europe/Madrid,2.0,"(0.0,0.0)"
RCO,St Agnant,Rochefort,France,Europe/Paris,2.0,"(45.887779,-0.983056)"
AVX,Avalon,"Catalina Island, California",United States of America,America/Los_Angeles,-7.0,"(33.405,-118.415833)"
CZU,Las Brujas,Corozal,Colombia,America/Bogota,-5.0,"(9.332742,-75.285594)"
,BELOKURIKHA,Belokurikha,Russian Federation,Asia/Krasnoyarsk,7.0,"(51.99482,84.99356)"
OSW,Orsk Airport,Orsk,Russian Federation,Asia/Yekaterinburg,5.0,"(51.0725,58.5956)"
FDH,Friedrichshafen,Friedrichshafen,Germany,Europe/Berlin,2.0,"(47.671317,9.511486)"
AYT,Antalya,Antalya,Turkey,Europe/Istanbul,3.0,"(36.898731,30.800461)"
SDP,Sand Point Airport,"Sand Point, Alaska",United States of America,America/Anchorage,-8.0,"(55.315,-160.523)"
ZAZ,Zaragoza Ab,Zaragoza,Spain,Europe/Madrid,2.0,"(41.666242,-1.041553)"
XZZ,Delicias Railway Station,Zaragoza,Spain,Europe/Madrid,2.0,"(41.6586914,-0.9113065)"
RZG,Zaragoza Bus Stn,Zaragoza,Spain,Europe/Madrid,2.0,"(0.0,0.0)"
ALY,Alexandria Intl,ALEJANDRIA,Egypt,Africa/Cairo,3.0,"(31.183903,29.948889)"
HBE,Borg El Arab Intl,ALEJANDRIA,Egypt,Africa/Cairo,3.0,"(30.917669,29.696408)"
QWU,Wurzburg Hauptbahnhof,Wuerzburg,Germany,Europe/Berlin,2.0,"(49.801389,9.935556)"
YRV,Revelstoke Airport,Revelstoke,Canada,America/Vancouver,-7.0,"(50.9667,-118.183)"
KSN,Kostanay West Airport,Kostanay,Kazakhstan,Asia/Qyzylorda,5.0,"(53.206944,63.550278)"
VIL,Dakhla Airport,Dakhla,Marocco,Africa/El_Aaiun,1.0,"(23.7183,-15.932)"
YRO,Rockcliffe st       ,Ottawa,Canada,America/Montreal,-4.0,"(45.4603,-75.6461)"
XDS,Train Station,Ottawa,Canada,America/Montreal,-4.0,"(45.4164,-75.6517)"
YOW,Ottawa Macdonald Cartier Intl,Ottawa,Canada,America/Montreal,-4.0,"(45.3225,-75.669167)"
YND,Gatineau,Ottawa,Canada,America/Montreal,-4.0,"(45.521694,-75.563589)"
KCA,Kuqa Airport,Kuqa,China,Asia/Urumqi,6.0,"(41.7181,82.9869)"
CFN,Donegal Airport,Donegal,Ireland,Europe/Dublin,1.0,"(55.044192,-8.341)"
GEN,Gardermoen Airport,Puente Genil,Spain,Africa/Ceuta,2.0,"(60.1939,11.1004)"
WNZ,Wenzhou Yongqiang Airport,Wenzhou,China,Asia/Shanghai,8.0,"(27.9122,120.852)"
UET,Quetta,Quetta,Pakistan,Asia/Karachi,5.0,"(30.251369,66.937764)"
MYB,Mayumba Airport,Mayoumba,Gabon,Africa/Libreville,1.0,"(-3.416667,10.65)"
QLA,Lasham,Lasham,Great Britain (United Kingdom),Europe/London,1.0,"(51.187167,-1.0335)"
FID,Fishers island      ,"Fishers Island, New York",United States of America,America/New_York,-4.0,"(41.25382,-72.02977)"
BLQ,Bologna,Bologna,Italy,Europe/Rome,2.0,"(44.535444,11.288667)"
IBT,CENTRAL RAILWAY STN,Bologna,Italy,Europe/Rome,2.0,"(0.0,0.0)"
NOD,Sonderlandeplatz Norden-Norddeich,Norden,Germany,Europe/Berlin,2.0,"(53.632221,7.191389)"
AIT,Aitutaki,Aitutaki,Cook Islands,Pacific/Rarotonga,-10.0,"(-18.830922,-159.764233)"
HOT,Memorial Field,"Hot Springs, Arkansas",United States of America,America/Chicago,-5.0,"(34.478,-93.0962)"
LID,Valkenburg,Leiden,Netherlands (Holland),Europe/Amsterdam,2.0,"(52.166139,4.417944)"
YZW,Teslin,Teslin,Canada,America/Whitehorse,-7.0,"(60.172779,-132.742778)"
NAV,Kapadokya,Nevsehir,Turkey,Europe/Istanbul,3.0,"(38.771867,34.53455)"
IZO,Izumo,Izumo,Japan,Asia/Tokyo,9.0,"(35.413611,132.89)"
MGH,Margate,Margate,South Africa,Africa/Johannesburg,2.0,"(-30.857408,30.343019)"
ENK,St Angelo,Enniskillen,Great Britain (United Kingdom),Europe/London,1.0,"(54.398889,-7.651667)"
AGQ,Agrinion,Agrinion,Greece,Europe/Athens,3.0,"(38.602022,21.351208)"
TOX,Tobolsk             ,Tobolsk,Russian Federation,Asia/Yekaterinburg,5.0,"(58.1358,68.2319)"
RMZ,Remezov,Tobolsk,Russian Federation,Asia/Yekaterinburg,5.0,"(58.06181257,68.33012578)"
SVP,Kuito,Kuito,Angola,Africa/Luanda,1.0,"(-12.404633,16.947414)"
KRK,Balice,Krakow,Poland,Europe/Warsaw,2.0,"(50.077731,19.784836)"
AMV,Amderma Airport,Amderma,Russian Federation,Europe/Moscow,3.0,"(69.7633,61.5564)"
OZC,Ozamis,Ozamis City,Philippines,Asia/Manila,8.0,"(8.178508,123.841731)"
KSM,St Marys Airport,"Saint Marys, Alaska",United States of America,America/Nome,-8.0,"(62.0605,-163.302)"
PHY,Phetchabun,Phetchabun,Thailand,Asia/Bangkok,7.0,"(16.676028,101.195108)"
QXB,Aix Les Milles,Aix En Provence,France,Europe/Paris,2.0,"(43.505554,5.367778)"
SBO,Emanuel Co,"Salina, Utah",United States of America,America/Denver,-6.0,"(32.609139,-82.369944)"
MVN,Mount vernon        ,"Mount Vernon, Illinois",United States of America,America/Winnipeg,-5.0,"(0.0,0.0)"
MDL,Mandalay Intl,Mandalay,Myanmar,Asia/Rangoon,6.5,"(21.702156,95.977928)"
OBO,Obihiro,Obihiro,Japan,Asia/Tokyo,9.0,"(42.733333,143.217222)"
GSS,Sabi Sabi Airport,Sabi Sabi,South Africa,Africa/Johannesburg,2.0,"(-24.9415,31.4446)"
GPT,Gulfport-Biloxi,"Gulfport, Mississipi",United States of America,America/Chicago,-5.0,"(30.407278,-89.070111)"
VQS,Vieques Airport,Vieques,Puerto Rico,America/Puerto_Rico,-4.0,"(18.1158,-65.4227)"
KAR,Kamarang Airport,Kamarang,Guyana,America/Guyana,-4.0,"(5.865278,-60.614167)"
NAK,Nakhon Ratchasima,Nakhon Ratchasima,Thailand,Asia/Bangkok,7.0,"(14.949497,102.312736)"
ARE,Antonio Juarbe Pol Airport,Arecibo,Puerto Rico,America/Puerto_Rico,-4.0,"(18.451111,-66.675556)"
PDX,Portland Intl,"Portland, Oregon",United States of America,America/Los_Angeles,-7.0,"(45.588722,-122.5975)"
BMI,Central Illinois Rgnl,"Bloomington, Illinois",United States of America,America/Chicago,-5.0,"(40.477111,-88.915917)"
UAQ,San Juan,San Juan,Argentina,America/Argentina/San_Juan,-3.0,"(-31.571472,-68.418194)"
MPM,Maputo,Maputo,Mozambique,Africa/Maputo,2.0,"(-25.920836,32.572606)"
MES,Polonia,Medan,Indonesia,Asia/Jakarta,7.0,"(3.558056,98.671722)"
KNO,Kuala Namu International Airport,Medan,Indonesia,Asia/Jakarta,7.0,"(0.0,0.0)"
MVS,Mucuri Airport,Mucuri,Brazil,America/Bahia,-3.0,"(-18.0489,-39.8642)"
OMS,Omsk,Omsk,Russian Federation,Asia/Omsk,6.0,"(54.967042,73.310514)"
SHH,Shishmaref Airport,"Shishmaref, Alaska",United States of America,America/Nome,-8.0,"(66.2496,-166.089)"
AAR,Aarhus,Aarhus,Denmark,Europe/Copenhagen,2.0,"(56.300017,10.619008)"
TCL,Tuscaloosa Rgnl,"Tuscaloosa, Alabama",United States of America,America/Chicago,-5.0,"(33.220627,-87.611403)"
WAL,Wallops Flight Facility,"Chincoteague, Virginia",United States of America,America/New_York,-4.0,"(37.940194,-75.466389)"
RIN,Ringi Cove Airport,Ringi Cove,Solomon Islands,Pacific/Guadalcanal,11.0,"(-8.12639,157.143)"
QHR,Harar Meda Airport,Harar,Ethiopia,Asia/Qatar,3.0,"(8.7163,39.0059)"
HRL,Valley Intl,"Harlingen, Texas",United States of America,America/Chicago,-5.0,"(26.2285,-97.654389)"
RPR,Raipur,Raipur,India,Asia/Kolkata,5.5,"(21.180406,81.738753)"
RYO,Rio Turbio,Rio Turbio,Argentina,America/Argentina/Rio_Gallegos,-3.0,"(-51.533333,-72.3)"
TLD,Limpopo Valley Airport,Tuli Lodge,Botswana,Africa/Gaborone,2.0,"(-22.1892,29.1269)"
SGL,Sangley point nas   ,Manila,Philippines,Asia/Manila,8.0,"(0.0,0.0)"
MNL,Ninoy Aquino Intl,Manila,Philippines,Asia/Manila,8.0,"(14.508647,121.019581)"
VFA,Victoria Falls Intl,Victoria Falls,Zimbabwe,Africa/Harare,2.0,"(-18.095881,25.839006)"
STG,St. George Airport,"Saint George Island, Alaska",United States of America,America/Anchorage,-8.0,"(56.577222,-169.663611)"
SBZ,Sibiu,Sibiu,Romania,Europe/Bucharest,3.0,"(45.785597,24.091342)"
TUD,Tambacounda,Tambacounda,Senegal,Africa/Dakar,0.0,"(13.736817,-13.653122)"
PVR,Licenciado Gustavo Diaz Ordaz Intl,Puerto Vallarta,Mexico,America/Mexico_City,-6.0,"(20.680083,-105.254167)"
MTY,General Mariano Escobedo Intl,Monterrey,Mexico,America/Monterrey,-6.0,"(25.778489,-100.106878)"
NTR,Del Norte Intl,Monterrey,Mexico,America/Monterrey,-6.0,"(25.865572,-100.237239)"
VHY,Charmeil,Vichy,France,Europe/Paris,2.0,"(46.169689,3.403736)"
WPM,Wipim Airport,Wipim,Papua New Guinea,Asia/Vladivostok,10.0,"(-8.78822,142.882)"
CGB,Marechal Rondon,Cuiaba,Brazil,America/Cuiaba,-4.0,"(-15.652931,-56.116719)"
EMP,Emporia Municipal Airport,"Emporia, Kansas",United States of America,America/Chicago,-5.0,"(38.3321,-96.1912)"
ESM,General Rivadeneira Airport,Esmeraldas,Ecuador,America/Guayaquil,-5.0,"(0.978519,-79.6266)"
DEA,Dera Ghazi Khan Airport,Dera Ghazi Khan,Pakistan,Asia/Karachi,5.0,"(29.961011,70.485925)"
MIR,Habib Bourguiba Intl,Monastir,Tunisia,Africa/Tunis,1.0,"(35.758056,10.754722)"
BHN,Beihan,Beihan,Yemen,Asia/Aden,3.0,"(14.781972,45.720083)"
VVC,Vanguardia,Villavicencio,Colombia,America/Bogota,-5.0,"(4.167875,-73.613761)"
BCM,Bacau,Bacau,Romania,Europe/Bucharest,3.0,"(46.521946,26.910278)"
ZPB,Sachigo Lake Airport,Sachigo Lake,Canada,America/Winnipeg,-5.0,"(53.8911,-92.1964)"
YQZ,Quesnel,Quesnel,Canada,America/Vancouver,-7.0,"(53.026112,-122.510278)"
AMQ,Pattimura,Ambon,Indonesia,Asia/Jayapura,9.0,"(-3.710264,128.089136)"
PED,Pardubice,Pardubice,Czech Republic,Europe/Prague,2.0,"(50.013419,15.738647)"
AAK,Aranuka Airport,Aranuka,Kiribati,Pacific/Tarawa,12.0,"(0.185278,173.636389)"
NYI,Sunyani,Sunyani,Ghana,Africa/Accra,0.0,"(7.361828,-2.328756)"
EWE,Ewer                ,Ewer,Indonesia,,,"(-5.48333,138.08333)"
HAC,Hachijojima,Hachijo Jima,Japan,Asia/Tokyo,9.0,"(33.115,139.785833)"
BHC,Heliport,Bhurban,Pakistan,Asia/Oral,5.0,"(0.0,0.0)"
KSA,Kosrae,Kosrae,Federated States of Micronesia,Pacific/Kosrae,11.0,"(5.356975,162.958386)"
YAG,Fort Frances Municipal Airport,Fort Frances,Canada,America/Winnipeg,-5.0,"(48.6542,-93.4397)"
MGE,Dobbins Arb,"Marietta, GA",United States of America,America/New_York,-4.0,"(33.915382,-84.516319)"
MKE,General Mitchell Intl,"Milwaukee, WI",United States of America,America/Chicago,-5.0,"(42.947222,-87.896583)"
MWC,Lawrence J Timmerman Airport,"Milwaukee, WI",United States of America,America/Chicago,-5.0,"(43.1103889,-88.0344167)"
RZV,Rize–Artvin Airport,Rize,Turkey,Europe/Istanbul,3.0,"(41.1736,40.845)"
MWX,Muan,Ankokoambo,Korea (South),Asia/Seoul,9.0,"(34.991389,126.382778)"
YGV,Havre Saint-Pierre Airport,Havre St Pierre,Canada,America/Montreal,-4.0,"(50.281944,-63.611389)"
IGU,Cataratas Intl,Iguassu Falls,Brazil,America/Sao_Paulo,-3.0,"(-25.59615,-54.487206)"
MLX,Erhac,Malatya,Turkey,Europe/Istanbul,3.0,"(38.435347,38.091006)"
TSH,Tshikapa Airport,Tshikapa,"Congo, Democratic Republic of the",Africa/Lubumbashi,2.0,"(-6.43833,20.7947)"
KTE,Kerteh,Kerteh,Malaysia,Asia/Kuala_Lumpur,8.0,"(4.537222,103.426756)"
GES,General Santos International Airport,General Santos,Philippines,Asia/Manila,8.0,"(6.106439,125.2353)"
VAK,Chevak Airport,"Chevak, Alaska",United States of America,America/Nome,-8.0,"(61.5338,-165.584)"
AKA,Ankang Airport,Ankang,China,Asia/Chongqing,8.0,"(32.7081,108.931)"
MCK,McCook Regional Airport,"McCook, Nebraska",United States of America,America/Chicago,-5.0,"(40.206389,-100.592222)"
KXF,Koro Island Airport,Koro Island,Fiji,Pacific/Fiji,12.0,"(-17.3458,179.422)"
PJM,Puerto Jimenez Airport,Puerto Jimenez,Costa Rica,America/Costa_Rica,-6.0,"(8.53333,-83.3)"
YXZ,Wawa,Wawa,Canada,America/Toronto,-4.0,"(47.966944,-84.786389)"
PZA,Paz de ariporo      ,Paz De Ariporo,Colombia,America/Bogota,-5.0,"(0.0,0.0)"
DBV,Dubrovnik,Dubrovnik,Croatia,Europe/Zagreb,2.0,"(42.561353,18.268244)"
MUA,Munda Airport,Munda,Solomon Islands,Pacific/Guadalcanal,11.0,"(-8.32797,157.263)"
PIR,Pierre Regional Airport,"Pierre, South Dakota",United States of America,America/Chicago,-5.0,"(44.3827,-100.286)"
GXG,Negage,Negage,Angola,Africa/Luanda,1.0,"(-7.754506,15.287728)"
ZTB,Tête-à-la-Baleine Airport,Tete A La Baleine,Canada,America/Blanc-Sablon,-4.0,"(50.6744,-59.3836)"
ODS,Odesa Intl,Odessa,Ukraine,Europe/Kiev,3.0,"(46.426767,30.676464)"
ERM,Erechim Airport,Erechim,Brazil,America/Sao_Paulo,-3.0,"(-27.6619,-52.2683)"
HHI,Wheeler Aaf,"Wahiawa, Hawaii",United States of America,Pacific/Honolulu,-10.0,"(21.4835,-158.039667)"
CJL,Chitral Airport,Chitral,Pakistan,Asia/Karachi,5.0,"(35.886592,71.800578)"
IGG,Igiugig Airport,"Igiugig, Alaska",United States of America,America/Anchorage,-8.0,"(59.324,-155.902)"
GSP,Greenville-Spartanburg International,"Greenville, South Carolina",United States of America,America/New_York,-4.0,"(34.895556,-82.218889)"
LOH,Camilo Ponce Enriquez Airport,Loja,Ecuador,America/Guayaquil,-5.0,"(-3.99589,-79.3719)"
GAL,Edward G Pitka Sr,"Galena, Alaska",United States of America,America/Anchorage,-8.0,"(64.736178,-156.937417)"
EBB,Entebbe Intl,Entebbe,Uganda,Africa/Kampala,3.0,"(0.042386,32.443503)"
UUK,Ugnu-Kuparuk Airport,"Kuparuk, Alaska",United States of America,America/Anchorage,-8.0,"(70.330833,-149.5975)"
TJM,Roschino,Tyumen,Russian Federation,Asia/Yekaterinburg,5.0,"(57.189567,65.3243)"
SMA,Santa Maria,Santa Maria,Portugal,Atlantic/Azores,0.0,"(36.97139,-25.170639)"
MVV,Megeve Airport,Megeve,France,Europe/Paris,2.0,"(45.8208,6.65222)"
PKY,Tjilik Riwut,Palangkaraya,Indonesia,Asia/Pontianak,7.0,"(-2.225128,113.942661)"
GVL,Lee Gilmer Memorial Airport,"Gainesville, Georgia",United States of America,America/New_York,-4.0,"(34.272627,-83.8302233)"
CBO,Cotabato,Cotabato,Philippines,Asia/Manila,8.0,"(7.165242,124.209619)"
NTD,Point Mugu Nas,"Port Hueneme, California",United States of America,America/Los_Angeles,-7.0,"(34.120285,-119.12094)"
REG,Reggio Calabria,Reggio di Calabria,Italy,Europe/Rome,2.0,"(38.071206,15.651556)"
RCC,Reggio di Calabria Centrale railway station,Reggio di Calabria,Italy,Europe/Rome,2.0,"(38.103706,15.636033)"
CUQ,Coen Airport,Coen,Australia,Australia/Brisbane,10.0,"(-13.7608,143.114)"
UPP,Upolu,"Upolu Point, Hawaii",United States of America,Pacific/Honolulu,-10.0,"(20.265256,-155.859989)"
AXM,El Eden,Armenia,Colombia,America/Bogota,-5.0,"(4.452775,-75.766447)"
IGM,Kingman Airport,"Kingman, Arizona",United States of America,America/Phoenix,-7.0,"(35.2595,-113.938)"
MHG,Mannheim City,Mannheim,Germany,Europe/Berlin,2.0,"(49.472706,8.514264)"
MHJ,HBF RAILWAY STATION,Mannheim,Germany,Europe/Berlin,2.0,"(0.0,0.0)"
KHW,Khwai River Lodge,Khwai River Lodge,Botswana,Africa/Gaborone,2.0,"(-19.149166,23.7875)"
SEU,Seronera,Seronera,Tanzania,Africa/Dar_es_Salaam,3.0,"(-2.458056,34.8225)"
SDK,Sandakan,Sandakan,Malaysia,Asia/Kuching,8.0,"(5.900897,118.059486)"
TDD,Tte Av Jorge Henrich Arauz,Trinidad,Bolivia,America/La_Paz,-4.0,"(-14.818739,-64.918019)"
YXY,Whitehorse Intl,Whitehorse,Canada,America/Whitehorse,-7.0,"(60.709553,-135.067269)"
VSF,Hartness State,"Springfield, Vermont",United States of America,America/New_York,-4.0,"(43.343333,-72.517222)"
RDM,Roberts Fld,"Redmond, Oregon",United States of America,America/Los_Angeles,-7.0,"(44.254066,-121.149964)"
VSG,Luhansk International Airport,Lugansk,Russian Federation,Europe/Kiev,3.0,"(48.4174,39.3741)"
AEH,Abeche,Abecher,Chad,Africa/Ndjamena,1.0,"(13.847,20.844333)"
YLR,Leaf rapids         ,Leaf Rapids,Canada,America/Winnipeg,-5.0,"(56.5133,-99.9853)"
TUW,Tubuala Airport,Tubala,Panama,America/Panama,-5.0,"(9.52,-79.03)"
DUJ,DuBois Regional Airport,"Dubois, Pennsylvania",United States of America,America/New_York,-4.0,"(41.1783,-78.8987)"
BSD,Baoshan Airport,Baoshan,China,Asia/Chongqing,8.0,"(25.053333,99.168333)"
LYC,Lycksele,Lycksele,Sweden,Europe/Stockholm,2.0,"(64.548322,18.716219)"
EDL,Eldoret Intl,Eldoret,Kenya,Africa/Nairobi,3.0,"(0.404458,35.238928)"
CMR,Houssen,Colmar,France,Europe/Paris,2.0,"(48.109853,7.359011)"
BEY,Rafic Hariri Intl,Beirut,Lebanon,Asia/Beirut,3.0,"(33.820931,35.488389)"
ORF,Norfolk Intl,"Norfolk, Virginia",United States of America,America/New_York,-4.0,"(36.894611,-76.201222)"
NGU,Norfolk Ns,"Norfolk, Virginia",United States of America,America/New_York,-4.0,"(36.937644,-76.289289)"
DVO,Francisco Bangoy International,Davao,Philippines,Asia/Manila,8.0,"(7.125522,125.645778)"
AXD,Dimokritos,Alexandroupolis,Greece,Europe/Athens,3.0,"(40.855869,25.956264)"
QNV,Aeroclube de Nova Iguacu,Nova Iguacu,Brazil,America/Sao_Paulo,-3.0,"(-22.7453,-43.4603)"
SIP,Simferopol Intl,Simferopol,Russian Federation,Europe/Simferopol,3.0,"(45.052222,33.975139)"
LBW,Long Bawan Airport,Long Bawan,Indonesia,Asia/Makassar,8.0,"(3.867,115.683)"
NLP,Nelspruit Airport,Nelspruit,South Africa,Africa/Johannesburg,2.0,"(-25.5,30.9138)"
MQP,Kruger Mpumalanga International Airport,Nelspruit,South Africa,Africa/Johannesburg,2.0,"(-25.3832,31.1056)"
NCN,Chenega Bay Airport,"New Chenega, Alaska",United States of America,America/Anchorage,-8.0,"(60.077222,-147.991944)"
GDG,Magdagachi          ,Magdagachi,Russian Federation,Asia/Yakutsk,9.0,"(53.4733,125.795)"
TLU,Golfo de Morrosquillo Airport,Tolu,Colombia,America/Bogota,-5.0,"(9.511944,-75.586389)"
YYT,St Johns Intl,Saint Johns,Canada,America/St_Johns,-2.5,"(47.61861,-52.751945)"
RIS,Rishiri,Rishiri,Japan,Asia/Tokyo,9.0,"(45.242006,141.186431)"
ZBA,Basel Badischer Bahnhof,Basel,Switzerland,Europe/Paris,2.0,"(47.568056,7.606389)"
LNY,Lanai,"Lanai City, Hawaii",United States of America,Pacific/Honolulu,-10.0,"(20.785611,-156.951419)"
KMM,Kimam               ,Kimam,Indonesia,Asia/Jayapura,9.0,"(0.0,0.0)"
NZH,Manzhouli,Manzhouli,China,Asia/Shanghai,8.0,"(49.566667,117.329444)"
DOD,Dodoma,Dodoma,Tanzania,Africa/Dar_es_Salaam,3.0,"(-6.170436,35.752578)"
YXK,Rimouski Airport,Rimouski,Canada,America/Montreal,-4.0,"(48.478056,-68.496944)"
TLJ,Tatalina Lrrs,"Tatalina, Alaska",United States of America,America/Anchorage,-8.0,"(62.894369,-155.976525)"
YBW,Calgary Springbank Airport,Bedwell Harbor,Canada,America/Vancouver,-7.0,"(51.1031,-114.374)"
MME,Durham Tees Valley Airport,Durham Tees Valley,Great Britain (United Kingdom),Europe/London,1.0,"(54.509189,-1.429406)"
RCB,Richards Bay,Richards Bay,South Africa,Africa/Johannesburg,2.0,"(-28.741039,32.092111)"
YEO,Yeovilton,Yeovilton,Great Britain (United Kingdom),Europe/London,1.0,"(51.009358,-2.638819)"
BFQ,Bahia Piña Airport,Bahia Pinas,Panama,America/Panama,-5.0,"(7.583,-78.2)"
PBE,Puerto berrio       ,Puerto Berrio,Colombia,America/Bogota,-5.0,"(6.46034,-74.4105)"
JGO,Qeqertarsuaq Heliport,Qeqertarsuaq,Greenland,America/Godthab,-1.0,"(69.2511,-53.5381)"
CFC,Carlos Alberto da Costa Neves Airport,Cacador,Brazil,America/Sao_Paulo,-3.0,"(-26.788333,-50.939722)"
PMY,El Tehuelche,Puerto Madryn,Argentina,America/Argentina/Catamarca,-3.0,"(-42.759161,-65.102725)"
AFL,Alta Floresta,Alta Floresta,Brazil,America/Cuiaba,-4.0,"(-9.866092,-56.106206)"
OMF,King Hussein,Mafraq,Jordan,Asia/Amman,3.0,"(32.356353,36.259181)"
LGC,LaGrange-Callaway Airport,"La Grange, Georgia",United States of America,America/New_York,-4.0,"(33.0088611,-85.0726111)"
CGH,Congonhas,Sao Paulo,Brazil,America/Sao_Paulo,-3.0,"(-23.626692,-46.655375)"
VCP,Viracopos,Sao Paulo,Brazil,America/Sao_Paulo,-3.0,"(-23.0075,-47.134444)"
GRU,Guarulhos Gov Andre Franco Montouro,Sao Paulo,Brazil,America/Sao_Paulo,-3.0,"(-23.432075,-46.469511)"
BBN,Bario Airport,Bario,Malaysia,Asia/Kuching,8.0,"(3.73389,115.479)"
OOT,Onotoa              ,Onotoa,Kiribati,Pacific/Tarawa,12.0,"(0.0,0.0)"
BUI,Bokondini Airport,Bokondini,Indonesia,Asia/Jayapura,9.0,"(-3.58365,138.533)"
KLX,Kalamata,Kalamata,Greece,Europe/Athens,3.0,"(37.068319,22.025525)"
KIE,Kineshma,Kieta,Papua New Guinea,Asia/Vladivostok,10.0,"(57.45000001,42.15000001)"
CIF,Chifeng Airport,Chifeng,China,Asia/Shanghai,8.0,"(42.235,118.908)"
THO,Thorshofn Airport,Thorshofn,Iceland,Atlantic/Reykjavik,0.0,"(66.2185,-15.3356)"
TKD,Takoradi,Takoradi,Ghana,Africa/Accra,0.0,"(4.896056,-1.774756)"
AJA,Campo Dell Oro,Ajaccio,France,Europe/Paris,2.0,"(41.923637,8.802917)"
MMB,Memanbetsu,Memanbetsu,Japan,Asia/Tokyo,9.0,"(43.880606,144.164053)"
KOI,Kirkwall,Kirkwall,Great Britain (United Kingdom),Europe/London,1.0,"(58.957778,-2.905)"
GTE,Groote Eylandt Airport,Groote Eylandt,Australia,Australia/Darwin,9.5,"(-13.975,136.46)"
YNL,Points North Landing Airport,Points North Land,Canada,America/Regina,-6.0,"(58.2767,-104.082)"
DAR,Mwalimu Julius K Nyerere Intl,Dar Es Salaam,Tanzania,Africa/Dar_es_Salaam,3.0,"(-6.878111,39.202625)"
CYF,Chefornak Airport,"Chefornak, Alaska",United States of America,America/Nome,-8.0,"(60.149167,-164.285556)"
LER,Leinster Airport,Leinster,Australia,Australia/Perth,8.0,"(-27.8433,120.703)"
GFB,Togiak fish         ,"Togiak Fish, Alaska",United States of America,America/Anchorage,-8.0,"(0.0,0.0)"
TKC,Tiko,Tiko,Cameroon,Africa/Douala,1.0,"(4.089192,9.360528)"
BAU,Bauru,Bauru,Brazil,America/Sao_Paulo,-3.0,"(-22.345042,-49.0538)"
JTC,Bauru-Arealva,Bauru,Brazil,America/Sao_Paulo,-3.0,"(-22.157778,-49.068333)"
SGS,Sanga Sanga Airport,Sanga Sanga,Philippines,Asia/Macau,8.0,"(5.04699,119.743)"
BBA,Balmaceda,Balmaceda,Chili,America/Santiago,-4.0,"(-45.916058,-71.689475)"
INN,Innsbruck,Innsbruck,Austria,Europe/Vienna,2.0,"(47.260219,11.343964)"
IOB,RAILWAY STATION,Innsbruck,Austria,Europe/Vienna,2.0,"(0.0,0.0)"
PEU,Puerto Lempira Airport,Puerto Lempira,Honduras,America/Tegucigalpa,-6.0,"(15.2622,-83.7812)"
ESH,Shoreham,Shoreham By Sea,Great Britain (United Kingdom),Europe/London,1.0,"(50.835556,-0.297222)"
SJO,Juan Santamaria Intl,San Jose,Costa Rica,America/Costa_Rica,-6.0,"(9.993861,-84.208806)"
SYQ,Tobias Bolanos International Airport,San Jose,Costa Rica,America/Costa_Rica,-6.0,"(9.957053,-84.139797)"
LBA,Leeds Bradford,Leeds,Great Britain (United Kingdom),Europe/London,1.0,"(53.865897,-1.660569)"
MXH,Moro Airport,Moro,Papua New Guinea,Pacific/Port_Moresby,10.0,"(-6.36333,143.238)"
LYG,Lianyungang Airport,Lianyungang,China,Asia/Shanghai,8.0,"(34.55,119.25)"
NKI,Naukiti             ,"Naukiti, Alaska",United States of America,America/Anchorage,-8.0,"(0.0,0.0)"
PKN,Iskandar,Pangkalanbuun,Indonesia,Asia/Pontianak,7.0,"(-2.705197,111.673208)"
NYN,Nynashamn Ferry Port,Nyngan,Australia,Australia/Sydney,10.0,"(58.9,17.95)"
FUJ,Fukue,Fukue,Japan,Asia/Tokyo,9.0,"(32.666269,128.832808)"
BWI,Baltimore Washington Intl,"Washington, DC",United States of America,America/New_York,-4.0,"(39.175361,-76.668333)"
BOF,Bolling afb         ,"Washington, DC",United States of America,America/New_York,-4.0,"(0.0,0.0)"
BZS,Buzzards pt s       ,"Washington, DC",United States of America,America/New_York,-4.0,"(0.0,0.0)"
MTN,Glenn l martin      ,"Washington, DC",United States of America,America/New_York,-4.0,"(39.32566,-76.41357)"
GBO,Greenbelt           ,"Washington, DC",United States of America,America/New_York,-4.0,"(0.0,0.0)"
JPN,Pentagon army       ,"Washington, DC",United States of America,America/New_York,-4.0,"(0.0,0.0)"
DCA,Ronald Reagan Washington Natl,"Washington, DC",United States of America,America/New_York,-4.0,"(38.852083,-77.037722)"
IAD,Washington Dulles Intl,"Washington, DC",United States of America,America/New_York,-4.0,"(38.944533,-77.455811)"
ZBP,Penn Station,"Washington, DC",United States of America,America/New_York,-4.0,"(39.307222,-76.615556)"
ZWU,Washington Union Station,"Washington, DC",United States of America,America/New_York,-4.0,"(38.89746,-77.00643)"
MHM,Minchumina Airport,"Minchumina, Alaska",United States of America,America/Anchorage,-8.0,"(63.886111,-152.301944)"
SDR,Santander,Santander,Spain,Europe/Madrid,2.0,"(43.427064,-3.820006)"
YJL,SANTANDER RAILWAY STN,Santander,Spain,Europe/Madrid,2.0,"(0.0,0.0)"
DHS,Bus Station,Santander,Spain,Europe/Madrid,2.0,"(43.4593,-3.8097)"
LRD,Laredo Intl,"Laredo, Texas",United States of America,America/Chicago,-5.0,"(27.54375,-99.461556)"
RTW,Central,Saratov,Russian Federation,Europe/Saratov,4.0,"(51.717988,46.170097)"
GSV,Gagarin,Saratov,Russian Federation,Europe/Saratov,4.0,"(51.716667,46.166667)"
KAB,Kariba Intl,Kariba,Zimbabwe,Africa/Harare,2.0,"(-16.519761,28.884981)"
PTH,Port Heiden Airport,"Port Heiden, Alaska",United States of America,America/Anchorage,-8.0,"(56.9591,-158.633)"
MSL,Northwest Alabama Regional Airport,"Muscle Shoals, Alabama",United States of America,America/Chicago,-5.0,"(34.7453,-87.6102)"
SJJ,Sarajevo,Sarajevo,Bosnia & Herzegovina,Europe/Sarajevo,2.0,"(43.824583,18.331467)"
PBD,Porbandar,Porbandar,India,Asia/Kolkata,5.5,"(21.648675,69.657219)"
LBI,Le Sequestre,Albi,France,Europe/Paris,2.0,"(43.913887,2.113056)"
YCS,Chesterfield Inlet Airport,Chesterfield Inle,Canada,America/Rankin_Inlet,-5.0,"(63.3469,-90.7311)"
PHE,Port Hedland Intl,Port Hedland,Australia,Australia/Perth,8.0,"(-20.377778,118.626389)"
JSA,Jaisalmer,Jaisalmer,India,Asia/Kolkata,5.5,"(26.888653,70.864967)"
HAN,Noibai Intl,Hanoi,Viet Nam,Asia/Ho_Chi_Minh,7.0,"(21.221192,105.807178)"
BIH,EASTERN SIERRA RGNL,"Bishop, California",United States of America,America/Los_Angeles,-7.0,"(37.36983,-118.36622)"
GFK,Grand Forks Intl,"Grand Forks, ND",United States of America,America/Chicago,-5.0,"(47.949256,-97.176111)"
COV,Cukurova,Mersin,Turkey,Europe/Istanbul,3.0,"(36.899408,35.064701)"
PVG,Pudong,Shanghai,China,Asia/Shanghai,8.0,"(31.143378,121.805214)"
SHA,Hongqiao Intl,Shanghai,China,Asia/Shanghai,8.0,"(31.190476,121.33653)"
GTI,Guettin MecklenburgVorpommern Germany,Guettin,Germany,Europe/Berlin,2.0,"(54.383333,13.325278)"
DAV,Enrique Malek Intl,David,Panama,America/Panama,-5.0,"(8.391003,-82.434992)"
ELU,Guemar Airport,El Oued,Algeria,Africa/Algiers,1.0,"(33.5114,6.77679)"
BJP,Aeroporto Estadual Arthur Siqueira,Braganca Paulista,Brazil,America/Sao_Paulo,-3.0,"(-22.979167,-46.5375)"
GXQ,Teniente Vidal,Coyhaique,Chili,America/Santiago,-4.0,"(-45.594211,-72.106133)"
TII,Tarin Kowt Airport,Tirinkot,Afghanistan,Asia/Kabul,4.5,"(32.605278,65.864167)"
OGG,Kahului,"Kahului, Hawaii",United States of America,Pacific/Honolulu,-10.0,"(20.89865,-156.430458)"
SWP,Swakopmund Airport,Swakopmund,Namibia,Africa/Windhoek,2.0,"(-22.6619,14.5681)"
OLH,Old Harbor Airport,"Old Harbor, Alaska",United States of America,America/Anchorage,-8.0,"(57.218056,-153.269722)"
MLB,Melbourne Intl,"Melbourne, Florida",United States of America,America/New_York,-4.0,"(28.102753,-80.645258)"
PUQ,Carlos Ibanez Del Campo Intl,Punta Arenas,Chili,America/Santiago,-4.0,"(-53.002642,-70.854586)"
PLP,Captain Ramon Xatruch Airport,La Palma,Panama,America/Panama,-5.0,"(8.40667,-78.1417)"
GLF,Golfito,Golfito,Costa Rica,America/Costa_Rica,-6.0,"(8.653775,-83.180544)"
DAX,Dachuan Airport,Daxian,China,Asia/Chongqing,8.0,"(31.3,107.5)"
BHJ,Bhuj,Bhuj,India,Asia/Kolkata,5.5,"(23.287828,69.670147)"
ATR,Atar,Atar,Mauritania,Africa/Nouakchott,0.0,"(20.506828,-13.043194)"
MOV,Moranbah Airport,Moranbah,Australia,Australia/Brisbane,10.0,"(-22.0578,148.077)"
AOU,Attopeu             ,Attopeu,Lao People's Democratic Republic,Asia/Vientiane,7.0,"(14.8,106.83333)"
CON,Concord Municipal,"Concord, New Hampshire",United States of America,America/New_York,-4.0,"(43.20267,-71.50233)"
CJD,Candilejas          ,Candilejas,Colombia,America/Cayman,-5.0,"(0.0,0.0)"
JNZ,Jinzhou Airport,Jinzhou,China,Asia/Shanghai,8.0,"(41.1014,121.062)"
CNB,Coonamble Airport,Coonamble,Australia,Australia/Sydney,10.0,"(-30.9833,148.376)"
SQL,San Carlos Airport,"San Carlos, California",United States of America,America/Los_Angeles,-7.0,"(37.511944,-122.249444)"
SYM,Simao Airport,Simao,China,Asia/Chongqing,8.0,"(22.7933,100.959)"
OMH,Uromiyeh Airport,Urmieh,Iran,Asia/Tehran,3.5,"(37.6681,45.0687)"
CUP,General Jose Francisco Bermudez,Carupano,Venezuela,America/Caracas,-4.0,"(10.660014,-63.261681)"
GYM,General Jose Maria Yanez Intl,Guaymas,Mexico,America/Hermosillo,-7.0,"(27.968983,-110.925169)"
HYS,Hays Regional Airport,"Hays, Kansas",United States of America,America/Chicago,-5.0,"(38.8422,-99.2732)"
DGA,Dangriga Airport,Dangriga,Belize,America/Costa_Rica,-6.0,"(16.966667,-88.216667)"
FYU,Fort Yukon,"Fort Yukon, Alaska",United States of America,America/Anchorage,-8.0,"(66.571492,-145.250417)"
YHY,Hay River,Hay River,Canada,America/Yellowknife,-6.0,"(60.839722,-115.782778)"
AWK,Wake Island Afld,Wake Island,United States Minor Outlying Islands,Pacific/Wake,12.0,"(19.282067,166.636444)"
HMR,Stafsberg Airport,Hamar,Norway,Europe/Oslo,2.0,"(60.8181,11.068)"
JNS,Narsaq Heliport,Narsaq,Greenland,America/Godthab,-1.0,"(60.9167,-46.0586)"
LRF,Little Rock Afb,"Jacksonville, Arkansas",United States of America,America/Chicago,-5.0,"(34.916944,-92.149722)"
TPQ,Tepic,Tepic,Mexico,America/Mazatlan,-7.0,"(21.419453,-104.842581)"
REX,General Lucio Blanco Intl,Reynosa,Mexico,America/Matamoros,-5.0,"(26.008908,-98.228513)"
YBI,Black Tickle Airport,Black Tickle,Canada,America/St_Johns,-2.5,"(53.47,-55.7875)"
ORT,Northway,"Northway, Alaska",United States of America,America/Anchorage,-8.0,"(62.961334,-141.929136)"
KHC,Kerch Intl,Kerch,Russian Federation,Europe/Simferopol,3.0,"(45.372869,36.402761)"
VXO,Kronoberg,Vaexjoe,Sweden,Europe/Stockholm,2.0,"(56.929144,14.727994)"
KKI,Akiachak            ,"Akiachak, Alaska",United States of America,America/Anchorage,-8.0,"(60.9079,-161.43512)"
BOO,Bodo,Bodo,Norway,Europe/Oslo,2.0,"(67.269167,14.365278)"
KLR,Kalmar,Kalmar,Sweden,Europe/Stockholm,2.0,"(56.685531,16.287578)"
INU,Nauru Intl,Nauru Island,Nauru,Pacific/Nauru,12.0,"(-0.547458,166.9191)"
IPC,Mataveri Intl,Easter Island,Chili,Pacific/Easter,-6.0,"(-27.164792,-109.421831)"
CZS,Cruzeiro do Sul,Cruzeiro Do Sul,Brazil,America/Rio_Branco,-5.0,"(-7.599906,-72.769489)"
SBP,San Luis County Regional Airport,"San Luis Obispo, California",United States of America,America/Los_Angeles,-7.0,"(35.2368,-120.642)"
CSL,Osullivan aaf,"San Luis Obispo, California",United States of America,America/Los_Angeles,-7.0,"(22.9477,-109.937)"
OPS,Sinop Airport,Sinop,Brazil,America/Cuiaba,-4.0,"(-11.885,-55.586)"
GCK,Garden City Rgnl,"Garden City, Kansas",United States of America,America/Chicago,-5.0,"(37.927528,-100.724417)"
BFX,Bafoussam,Bafoussam,Cameroon,Africa/Douala,1.0,"(5.536919,10.354583)"
KTS,Brevig Mission Airport,"Teller Mission, Alaska",United States of America,America/Nome,-8.0,"(65.331389,-166.465833)"
BZR,Vias,Beziers,France,Europe/Paris,2.0,"(43.323522,3.353903)"
NAS,Lynden Pindling Intl,Nassau,Bahamas,America/Nassau,-4.0,"(25.038958,-77.466231)"
PID,Nassau Paradise Island Airport,Nassau,Bahamas,America/Nassau,-4.0,"(25.083,-77.3)"
SZB,Subang-Sultan Abdul Aziz Shah Intl,Kuala Lumpur,Malaysia,Asia/Kuala_Lumpur,8.0,"(3.130583,101.549333)"
KUL,Kuala Lumpur Intl,Kuala Lumpur,Malaysia,Asia/Kuala_Lumpur,8.0,"(2.745578,101.709917)"
XKL,Sentral,Kuala Lumpur,Malaysia,Asia/Kuala_Lumpur,8.0,"(3.134,101.686)"
COE,Coeur d'alene       ,"Coeur D Alene, Idaho",United States of America,America/Los_Angeles,-7.0,"(47.77407,-116.81936)"
RAF,Aeropuerto de Rafaela,Ras An Naqb,Argentina,America/Maceio,-3.0,"(-31.282072,-61.501594)"
BXM,Batom               ,Batom,Indonesia,Asia/Jakarta,7.0,"(-4.16667,140.85001)"
BSG,Bata,Bata,Equatorial Guinea,Africa/Malabo,1.0,"(1.905469,9.805681)"
VIN,Vinnitsa,Vinnitsya,Ukraine,Europe/Kiev,3.0,"(49.2433,28.6063)"
AIE,Aiome,Aiome,Papua New Guinea,Pacific/Port_Moresby,10.0,"(-5.8,144.44)"
ARA,Acadiana Rgnl,"New Iberia, Louisiana",United States of America,America/Chicago,-5.0,"(30.037758,-91.883896)"
GBE,Sir Seretse Khama Intl,Gaborone,Botswana,Africa/Gaborone,2.0,"(-24.555225,25.918208)"
CXJ,Campo Dos Bugres,Caxias Do Sul,Brazil,America/Sao_Paulo,-3.0,"(-29.197064,-51.187536)"
ALX,Alexandria,"Alexander City, Alabama",United States of America,America/Chicago,-5.0,"(38.806346,-77.0621)"
WGP,Mau Hau,Waingapu,Indonesia,Asia/Makassar,8.0,"(-9.669217,120.302006)"
KKE,Kerikeri,Kerikeri,New Zealand,Pacific/Auckland,12.0,"(-35.262779,173.911944)"
LRA,Larisa,Larissa,Greece,Europe/Athens,3.0,"(39.650253,22.4655)"
ORV,Robert Curtis Memorial Airport,"Noorvik, Alaska",United States of America,America/Anchorage,-8.0,"(66.8175,-161.022222)"
DPL,Dipolog,Dipolog,Philippines,Asia/Manila,8.0,"(8.601261,123.334481)"
DKR,Leopold Sedar Senghor Intl,Dakar,Senegal,Africa/Dakar,0.0,"(14.739708,-17.490225)"
DSS,Blaise Diagne Intl,Dakar,Senegal,Africa/Dakar,0.0,"(14.6697534,-17.0725992)"
AHE,Ahe Airport,Ahe,French Polynesia,Pacific/Tahiti,-10.0,"(-14.4281,-146.257)"
LBD,Khudzhand Airport,Khujand,Tajikistan,Asia/Dushanbe,5.0,"(40.2154,69.6947)"
JAT,Jabot Airport,Jabot,Marshall Islands,Pacific/Wallis,12.0,"(7.45235,168.552)"
EGC,Roumaniere,Bergerac,France,Europe/Paris,2.0,"(44.825279,0.518611)"
TWA,Twin Hills Airport,"Twin Hills, Alaska",United States of America,America/Anchorage,-8.0,"(59.074444,-160.275)"
LML,Lae Airport,Lae Island,Marshall Islands,Pacific/Wallis,12.0,"(8.921667,166.265556)"
UBA,Uberaba,Uberaba,Brazil,America/Sao_Paulo,-3.0,"(-19.765,-47.964778)"
UME,Umea,Umea,Sweden,Europe/Stockholm,2.0,"(63.791828,20.282758)"
AHI,Amahai              ,Amahai,Indonesia,Asia/Jayapura,9.0,"(-3.35,128.88333)"
JSR,Jessore,Jessore,Bangladesh,Asia/Dhaka,6.0,"(23.1838,89.160833)"
NPE,Napier,Napier,New Zealand,Pacific/Auckland,12.0,"(-39.465833,176.87)"
ROD,Rodby,Robertson,South Africa,Africa/Johannesburg,2.0,"(54.5667,11.2833)"
YJV,VALENCIA RAILWAY STN,Valencia,Spain,Europe/Madrid,2.0,"(0.0,0.0)"
VLC,Valencia,Valencia,Spain,Europe/Madrid,2.0,"(39.489314,-0.481625)"
MAB,Maraba,Maraba,Brazil,America/Belem,-3.0,"(-5.368589,-49.138025)"
KVX,Pobedilovo Airport,Kirov (Kirov Oblast),Russian Federation,Europe/Volgograd,3.0,"(58.5033,49.3483)"
EKN,Elkins Randolph Co Jennings Randolph,"Elkins, West Virginia",United States of America,America/New_York,-4.0,"(38.889444,-79.857139)"
KUA,Kuantan,Kuantan,Malaysia,Asia/Kuala_Lumpur,8.0,"(3.775389,103.209056)"
KLH,Kolhapur,Kolhapur,India,Asia/Kolkata,5.5,"(16.664658,74.289353)"
KOW,Ganzhou Airport,Ganzhou,China,Asia/Shanghai,8.0,"(25.8258,114.912)"
AAT,Altay Airport,Altay,China,Asia/Urumqi,6.0,"(47.866667,88.116667)"
CCR,Buchanan Field Airport,"Concord, CA",United States of America,America/Los_Angeles,-7.0,"(37.9896667,-122.0568889)"
FTX,Owando,Owando,Congo,Africa/Brazzaville,1.0,"(-0.53135,15.950094)"
KWG,Lozuvatka International Airport,Krivii Rig,Ukraine,Europe/Kiev,3.0,"(48.0433,33.21)"
OOL,Gold Coast,Gold Coast,Australia,Australia/Brisbane,10.0,"(-28.164444,153.504722)"
HAV,Jose Marti Intl,Havana,Cuba,America/Havana,-4.0,"(22.989153,-82.409086)"
PHO,Point Hope Airport,"Point Hope, Alaska",United States of America,America/Nome,-8.0,"(68.3488,-166.799)"
SIG,Fernando Luis Ribas Dominicci,San Juan,Puerto Rico,America/Puerto_Rico,-4.0,"(18.456828,-66.098139)"
SJU,Luis Munoz Marin Intl,San Juan,Puerto Rico,America/Puerto_Rico,-4.0,"(18.439417,-66.001833)"
PHA,Phan Rang Airport,Phan Rang,Viet Nam,Asia/Ho_Chi_Minh,7.0,"(11.6335,108.952)"
GCM,Owen Roberts Intl,Grand Cayman Is,Cayman Islands,America/Cayman,-5.0,"(19.292778,-81.35775)"
CDZ,Cadiz railway station,Cadiz,Spain,Europe/Madrid,2.0,"(36.5279,-6.2868)"
YTA,Pembroke Airport,Pembroke,Canada,America/Toronto,-4.0,"(45.864399,-77.251701)"
ALU,Alula Airport,Alula,Somali,Africa/Mogadishu,3.0,"(11.95,50.733)"
TYA,Tula,Tula,Russian Federation,Europe/Moscow,3.0,"(54.142208,37.355619)"
YHP,Poplar Hill Airport,Poplar Hill,Canada,America/Winnipeg,-5.0,"(52.1133,-94.2556)"
VIC,Vicenza,Vicenza,Italy,Europe/Rome,2.0,"(45.573411,11.52955)"
VNZ,Vicenza railway station,Vicenza,Italy,Europe/Rome,2.0,"(45.541389,11.540833)"
BSX,Pathein Airport,Bassein,Myanmar,Asia/Rangoon,6.5,"(16.815233,94.779911)"
NDC,Nanded Airport,Nanded,India,Asia/Kolkata,5.5,"(19.1833,77.3167)"
PMA,Pemba,Pemba,Tanzania,Africa/Dar_es_Salaam,3.0,"(-5.257264,39.811417)"
LMC,La Macarena,Lamacarena,Colombia,America/Cayman,-5.0,"(2.179167,-73.7875)"
WBO,Beroroha            ,Beroroha,Madagascar,Indian/Antananarivo,3.0,"(-21.6,45.133)"
DNK,Dnipropetrovsk Intl,Dnipro,Ukraine,Europe/Kiev,3.0,"(48.357222,35.100556)"
WMX,Wamena,Wamena,Indonesia,Asia/Jayapura,9.0,"(-4.102511,138.957372)"
HDS,Hoedspruit Afb,Hoedspruit,South Africa,Africa/Johannesburg,2.0,"(-24.368642,31.048744)"
KOY,Olga Bay Seaplane Base,"Olga Bay, Alaska",United States of America,America/Anchorage,-8.0,"(57.161389,-154.229722)"
UVA,Garner Field,"Uvalde, Texas",United States of America,America/Chicago,-5.0,"(29.215429,-99.748962)"
CZW,RUDNIKI ,Czestochowa,Poland,Europe/Warsaw,2.0,"(50.884722,19.202222)"
VBY,Visby,Visby,Sweden,Europe/Stockholm,2.0,"(57.662797,18.346211)"
SWT,Strezhevoy,Strezhevoy,Russian Federation,Asia/Novosibirsk,7.0,"(60.716667,77.65)"
KID,Kristianstad,Kristianstad,Sweden,Europe/Stockholm,2.0,"(55.921686,14.085536)"
FRB,Forbes              ,Forbes,Australia,Australia/Sydney,10.0,"(-33.3636,147.935)"
BBT,Berberati,Berberati,Central African Republic,Africa/Bangui,1.0,"(4.221583,15.786369)"
GUS,Grissom Arb,"Peru, Indiana",United States of America,America/Indiana/Indianapolis,-4.0,"(40.648094,-86.152119)"
SEH,Senggeh Airport,Senggeh,Indonesia,Asia/Jayapura,9.0,"(-3.43333,140.817)"
MLM,General Francisco J Mujica Intl,Morelia,Mexico,America/Mexico_City,-6.0,"(19.849944,-101.0255)"
RAP,Rapid City Regional Airport,"Rapid City, SD",United States of America,America/Denver,-6.0,"(44.045278,-103.057222)"
RCA,Ellsworth Afb,"Rapid City, SD",United States of America,America/Denver,-6.0,"(44.145042,-103.103567)"
XVJ,Stevenage Railway Station,Stevenage,Great Britain (United Kingdom),Europe/Jersey,1.0,"(51.902,0.207)"
KLJ,Klaipeda            ,Klaipeda,Lithuania,Europe/Vilnius,3.0,"(55.71667,21.25)"
AHT,Amchitka            ,"Amchitka, Alaska",United States of America,America/Anchorage,-8.0,"(0.0,0.0)"
XCD,Champforgeuil,Chalon Sur Saone,France,Europe/Paris,2.0,"(46.826108,4.817633)"
KOS,Sihanoukville,Sihanoukville,Cambodia,Asia/Phnom_Penh,7.0,"(10.579686,103.636828)"
MPH,Godofredo P,Caticlan,Philippines,Asia/Manila,8.0,"(11.9214999,121.953)"
WME,Mount Keith,Mount Keith,Australia,Australia/Perth,8.0,"(-27.286389,120.554722)"
ABQ,Albuquerque International Sunport,"Albuquerque, New Mexico",United States of America,America/Denver,-6.0,"(35.0402222,-106.6091944)"
LDX,Saint-Laurent-du-Maroni Airport,Saint Laurent Du Mar,French Guyana,America/Cayenne,-3.0,"(5.483056,-54.034444)"
WGE,Walgett Airport,Walgett,Australia,Australia/Sydney,10.0,"(-30.0318,148.1222)"
DSN,Ordos Ejin Horo,Dongsheng,China,Asia/Chongqing,8.0,"(39.85,110.033)"
ATC,Arthurs Town Airport,Arthurs Town,Bahamas,America/Nassau,-4.0,"(24.629417,-75.673775)"
KOB,Koutaba             ,Koutaba,Cameroon,Africa/Niamey,1.0,"(0.0,0.0)"
OYE,Oyem,Oyem,Gabon,Africa/Libreville,1.0,"(1.543108,11.581361)"
ROA,Roanoke Regional,"Roanoke, Virginia",United States of America,America/New_York,-4.0,"(37.325472,-79.975417)"
ODB,Cordoba,Cordoba,Spain,Europe/Madrid,2.0,"(37.842006,-4.848878)"
XOJ,CENTRAL RAILWAY ST,Cordoba,Spain,Europe/Madrid,2.0,"(0.0,0.0)"
ICY,Icy Bay Airport,"Icy Bay, Alaska",United States of America,America/Anchorage,-8.0,"(59.968889,-141.661667)"
RNA,Ulawa Airport,Arona,Solomon Islands,Pacific/Guadalcanal,11.0,"(-9.854722,161.979167)"
PTU,Platinum,"Platinum, Alaska",United States of America,America/Anchorage,-8.0,"(59.011356,-161.819664)"
DUR,Durban Intl,Durban,South Africa,Africa/Johannesburg,2.0,"(-29.970089,30.950519)"
VIR,Virginia,Durban,South Africa,Africa/Johannesburg,2.0,"(-29.770606,31.058406)"
WVN,Wilhelmshaven Mariensiel,Wilhelmshaven,Germany,Europe/Berlin,2.0,"(53.504833,8.053333)"
ORX,Oriximina Airport,Oriximina,Brazil,America/Santarem,-3.0,"(-1.714167,-55.836111)"
EAE,Sangafa Airport,Emae,Vanuatu,Pacific/Efate,11.0,"(-17.0903,168.343)"
TYR,Tyler Pounds Rgnl,"Tyler, Texas",United States of America,America/Chicago,-5.0,"(32.354139,-95.402386)"
NBP,Battery pk city     ,"New York, New York",United States of America,America/New_York,-4.0,"(0.0,0.0)"
NES,East 34 st landing  ,"New York, New York",United States of America,America/New_York,-4.0,"(0.0,0.0)"
FLU,Flushing            ,"New York, New York",United States of America,America/New_York,-4.0,"(0.0,0.0)"
LGA,La Guardia,"New York, New York",United States of America,America/New_York,-4.0,"(40.777245,-73.872608)"
QNY,Marine air          ,"New York, New York",United States of America,America/New_York,-4.0,"(0.0,0.0)"
TSS,East 34th Street Heliport,"New York, New York",United States of America,America/New_York,-4.0,"(40.7425,-73.971944)"
NWS,Wall street spb     ,"New York, New York",United States of America,America/New_York,-4.0,"(0.0,0.0)"
JRB,Wall Street Heliport,"New York, New York",United States of America,America/New_York,-4.0,"(40.701214,-74.009028)"
JFK,John F Kennedy Intl,"New York, New York",United States of America,America/New_York,-4.0,"(40.639751,-73.778925)"
EWR,Newark Liberty Intl,"New York, New York",United States of America,America/New_York,-4.0,"(40.6925,-74.168667)"
ZRP,Newark Penn Station,"New York, New York",United States of America,America/New_York,-4.0,"(40.734722,-74.164167)"
ZYP,Penn Station,"New York, New York",United States of America,America/New_York,-4.0,"(40.7505,-73.9935)"
NYS,SKYPORTS SPB,"New York, New York",United States of America,America/New_York,-4.0,"(40.7358,-73.972)"
YVQ,Norman Wells,Norman Wells,Canada,America/Yellowknife,-6.0,"(65.281617,-126.798219)"
GRQ,Eelde,Groningen,Netherlands (Holland),Europe/Amsterdam,2.0,"(53.11972,6.579444)"
ORU,JUAN MENDOZA ,Oruro,Bolivia,America/La_Paz,-4.0,"(-17.962601,-67.076202)"
LRL,Niamtougou International,Lama Kara,Togo,Africa/Lome,0.0,"(9.767333,1.09125)"
GHT,Ghat,Ghat,Libyan Arab Jamahiriya,Africa/Tripoli,2.0,"(25.145564,10.142647)"
PLJ,Placencia Airport,Placencia,Belize,America/Costa_Rica,-6.0,"(16.536944,-88.361667)"
BZG,Bydgoszcz Ignacy Jan Paderewski Airport,Bydgoszcz,Poland,Europe/Warsaw,2.0,"(53.0968,17.9777)"
BKL,Burke Lakefront Airport,"Cleveland, Ohio",United States of America,America/New_York,-4.0,"(41.5175,-81.683333)"
CGF,Cuyahoga County,"Cleveland, Ohio",United States of America,America/New_York,-4.0,"(41.565124,-81.4863555)"
CLE,Cleveland Hopkins Intl,"Cleveland, Ohio",United States of America,America/New_York,-4.0,"(41.411689,-81.849794)"
NUX,Novyi Urengoy,Novy Urengoy,Russian Federation,Asia/Yekaterinburg,5.0,"(66.07335,76.522835)"
TIS,Thursday island     ,Thursday Island,Australia,Australia/Brisbane,10.0,"(0.0,0.0)"
LPD,La Pedrera Airport,La Pedrera,Colombia,America/Bogota,-5.0,"(-1.33,-69.58)"
AES,Vigra,Aalesund,Norway,Europe/Oslo,2.0,"(62.560372,6.110164)"
KRP,Karup,Karup,Denmark,Europe/Copenhagen,2.0,"(56.297458,9.124628)"
ZQC,Speyer,Speyer,Germany,Europe/Monaco,2.0,"(49.302776,8.451195)"
TYN,Wusu,Taiyuan,China,Asia/Shanghai,8.0,"(37.746897,112.628428)"
CYM,Chatham Seaplane Base,"Chatham, Alaska",United States of America,America/Anchorage,-8.0,"(57.515,-134.946111)"
QUA,Puttgarden,Puttgarden,Germany,Europe/Monaco,2.0,"(54.5,11.2167)"
ZRO,BUS STATION,Reggio Nell Emilia,Italy,Europe/Rome,2.0,"(0.0,0.0)"
BXV,Breiddalsvik        ,Breiddalsvik,Iceland,Atlantic/Reykjavik,0.0,"(64.79,-14.0228)"
BWT,Wynyard Airport,Burnie,Australia,Australia/Hobart,10.0,"(-40.9989,145.731)"
DAT,Datong Airport,Datong,China,Asia/Shanghai,8.0,"(40.0603,113.482)"
TGO,Tongliao Airport,Tongliao,China,Asia/Shanghai,8.0,"(43.5567,122.2)"
DOP,Dolpa,Dolpa,Nepal,Asia/Kathmandu,5.75,"(28.985718,82.819145)"
ATM,Altamira,Altamira,Brazil,America/Santarem,-3.0,"(-3.253906,-52.253978)"
QMZ,Mainz,Mainz,Germany,Europe/Monaco,2.0,"(50.00829,8.27356)"
MXR,Mirgorod            ,Mirgorod,Ukraine,Europe/Zaporozhye,3.0,"(0.0,0.0)"
NIM,Diori Hamani,Niamey,Niger,Africa/Niamey,1.0,"(13.481547,2.183614)"
QDJ,Tsletsi Airport,Djelfa,Algeria,Africa/Niamey,1.0,"(34.6657,3.351)"
POR,Pori,Pori,Finland,Europe/Helsinki,3.0,"(61.461686,21.799983)"
ZAR,Zaria,Zaria,Nigeria,Africa/Lagos,1.0,"(11.130192,7.685806)"
REI,Redlands Municipal Airport,Regina,French Guyana,America/Cayenne,-3.0,"(34.08525,-117.146388)"
ARH,Talagi,Arkhangelsk,Russian Federation,Europe/Moscow,3.0,"(64.598445,40.713625)"
VKV,Vaskovo Airport,Arkhangelsk,Russian Federation,Europe/Moscow,3.0,"(64.442827,40.430052)"
EQS,Esquel,Esquel,Argentina,America/Argentina/Catamarca,-3.0,"(-42.90795,-71.139472)"
BRW,Wiley Post Will Rogers Mem,"Barrow, Alaska",United States of America,America/Anchorage,-8.0,"(71.285446,-156.766003)"
PEZ,Penza Airport,Penza,Russian Federation,Europe/Moscow,3.0,"(53.1106,45.0211)"
CKV,Clarksville-Montgomery County Regional Airport,"Clarksville, TN",United States of America,America/Chicago,-5.0,"(36.621944,-87.415)"
SSA,Deputado Luis Eduardo Magalhaes,Salvador,Brazil,America/Bahia,-3.0,"(-12.910994,-38.331044)"
MQM,Mardin Airport,Mardin,Turkey,Europe/Istanbul,3.0,"(37.2233,40.6317)"
CJJ,Cheongju International Airport,Cheongju,Korea (South),Asia/Seoul,9.0,"(36.7166,127.499119)"
YMM,Fort Mcmurray,Fort Mcmurray,Canada,America/Edmonton,-6.0,"(56.653333,-111.221944)"
WLS,Wallis,Wallis Island,Wallis and Futuna Islands,Pacific/Wallis,12.0,"(-13.238281,-176.199228)"
EUX,F D Roosevelt,Saint Eustatius,"Bonaire, Saint Eustatius and Saba",America/Kralendijk,-4.0,"(17.496492,-62.979439)"
TNG,Ibn Batouta,Tangier,Marocco,Africa/Casablanca,1.0,"(35.726917,-5.916889)"
LII,Mulia               ,Mulia,Indonesia,Asia/Jayapura,9.0,"(-3.70947,137.976)"
QLT,Latina,Latina,Italy,Europe/Rome,2.0,"(41.542436,12.909019)"
DVL,Devils Lake Regional Airport,"Devils Lake, North Dakota",United States of America,America/Chicago,-5.0,"(48.114444,-98.908611)"
FNT,Bishop International,"Flint, Michigan",United States of America,America/Detroit,-4.0,"(42.965424,-83.743629)"
QMJ,Shahid Asyaee,Masjed Soleyman,Iran,Asia/Tehran,3.5,"(32.002372,49.270364)"
PLS,Providenciales,Providenciales,Turks and Caicos Islands,America/Grand_Turk,-4.0,"(21.773625,-72.265886)"
KHM,Khamti,Khamti,Myanmar,Asia/Rangoon,6.5,"(25.988333,95.674444)"
SSI,McKinnon Airport,"Brunswick, Georgia",United States of America,America/New_York,-4.0,"(31.1519722,-81.3910556)"
BQK,Brunswick Golden Isles Airport,"Brunswick, Georgia",United States of America,America/New_York,-4.0,"(31.2588,-81.4665)"
YCK,Colville Lake Airport,Colville Lake,Canada,America/Yellowknife,-6.0,"(67.0333,-126.083)"
NLD,Quetzalcoatl Intl,Nuevo Laredo,Mexico,America/Matamoros,-5.0,"(27.443918,-99.57046)"
BVG,Berlevag,Berlevag,Norway,Europe/Oslo,2.0,"(70.866667,29.0)"
WKJ,Wakkanai,Wakkanai,Japan,Asia/Tokyo,9.0,"(45.404167,141.800833)"
KGS,Kos,Kos,Greece,Europe/Athens,3.0,"(36.793335,27.091667)"
EDR,Pormpuraaw Airport,Edward River,Australia,Australia/Brisbane,10.0,"(-14.8967,141.609)"
MTM,Metlakatla Seaplane Base,"Metlakatla, Alaska",United States of America,America/Anchorage,-8.0,"(55.131111,-131.578056)"
WWD,Cape May Co,"Wildwood, New Jersey",United States of America,America/New_York,-4.0,"(39.008507,-74.908275)"
ZCN,Celle,Celle,Germany,Europe/Berlin,2.0,"(52.5912,10.022133)"
RVK,Ryum Airport,Roervik,Norway,Europe/Oslo,2.0,"(64.8383,11.1461)"
LGI,Deadmans Cay,Deadmans Cay,Bahamas,America/Nassau,-4.0,"(23.179014,-75.093597)"
SOM,San Tome,San Tome,Venezuela,America/Caracas,-4.0,"(8.945147,-64.151083)"
ACA,General Juan N Alvarez Intl,Acapulco,Mexico,America/Mexico_City,-6.0,"(16.757061,-99.753953)"
EBG,El Bagre Airport,El Bagre,Colombia,America/Bogota,-5.0,"(7.596389,-74.808889)"
BXU,Butuan,Butuan,Philippines,Asia/Manila,8.0,"(8.951322,125.477972)"
XMH,Manihi,Manihi,French Polynesia,Pacific/Tahiti,-10.0,"(-14.436764,-146.070056)"
TXN,Tunxi International Airport,Tunxi,China,Asia/Shanghai,8.0,"(29.7333,118.256)"
SRZ,Santa Cruz,Santa Cruz,Bolivia,America/La_Paz,-4.0,"(-17.8,-63.166667)"
VVI,Viru Viru Intl,Santa Cruz,Bolivia,America/La_Paz,-4.0,"(-17.644756,-63.135364)"
IPN,Usiminas,Ipatinga,Brazil,America/Sao_Paulo,-3.0,"(-19.470722,-42.487583)"
JOG,Adi Sutjipto,Yogyakarta,Indonesia,Asia/Jakarta,7.0,"(-7.788181,110.431758)"
YIA,Yogyakarta International Airport,Yogyakarta,Indonesia,Asia/Jakarta,7.0,"(-7.907459,110.05448)"
KIH,Kish Island,Kish Island,Iran,Asia/Tehran,3.5,"(26.526156,53.980211)"
MWL,Mineral Wells,"Mineral Wells, Texas",United States of America,America/Chicago,-5.0,"(32.781606,-98.060175)"
HAJ,Hannover,Hannover,Germany,Europe/Berlin,2.0,"(52.461056,9.685078)"
ZVR,Hbf railway station,Hannover,Germany,Europe/Berlin,2.0,"(0.0,0.0)"
NDR,El Aroui Airport,Nador,Marocco,Africa/Casablanca,1.0,"(34.9888,-3.02821)"
CLQ,Colima,Colima,Mexico,America/Mexico_City,-6.0,"(19.277011,-103.577397)"
ULB,Uléi Airport,Ulei,Vanuatu,Pacific/Efate,11.0,"(-16.333,168.283)"
HSP,Hot springs         ,"Hot Springs, Virginia",United States of America,America/Iqaluit,-4.0,"(0.0,0.0)"
CIW,Canouan,Canouan Island,Saint Vincent and the Grenadines,America/St_Vincent,-4.0,"(12.699042,-61.342431)"
ONG,Mornington Island Airport,Mornington,Australia,Australia/Brisbane,10.0,"(-16.6625,139.178)"
JBR,Jonesboro Muni,"Jonesboro, Arkansas",United States of America,America/Chicago,-5.0,"(35.831708,-90.646417)"
MUI,Muir Aaf,"Fort Indiantown, Pennsylvania",United States of America,America/New_York,-4.0,"(40.434811,-76.569411)"
AAU,Asau Airport,Asau,Samoa,Pacific/Apia,13.0,"(-13.505,-172.627778)"
RBB,Borba Airport,Borba,Brazil,America/Manaus,-4.0,"(-4.387778,-59.593889)"
HWD,Hayward Executive Airport,"Hayward, California",United States of America,America/Los_Angeles,-7.0,"(37.65888889,-122.1216667)"
ATT,Camp Mabry Austin City,"Atmautluak, Alaska",United States of America,America/Anchorage,-8.0,"(30.31666,-97.7666)"
LGQ,Nueva Loja Airport,Lago Agrio,Ecuador,America/Guayaquil,-5.0,"(0.093056,-76.8675)"
GNA,Hrodno Airport,Grodno,Belarus,Europe/Minsk,3.0,"(53.602,24.0538)"
YYZ,Lester B Pearson Intl,Toronto,Canada,America/Toronto,-4.0,"(43.677223,-79.630556)"
YKZ,Buttonville Muni,Toronto,Canada,America/Toronto,-4.0,"(43.862221,-79.37)"
YTZ,City Centre,Toronto,Canada,America/Toronto,-4.0,"(43.627499,-79.396167)"
YHM,Hamilton,Toronto,Canada,America/Toronto,-4.0,"(43.173611,-79.935)"
YBZ,Union Station,Toronto,Canada,America/Toronto,-4.0,"(43.645278,-79.380556)"
YZD,Downsview,Toronto,Canada,America/Toronto,-4.0,"(43.7425,-79.465556)"
LNE,Lonorore Airport,Lonorore,Vanuatu,Pacific/Efate,11.0,"(-15.8656,168.172)"
PHS,Phitsanulok,Phitsanulok,Thailand,Asia/Bangkok,7.0,"(16.782939,100.279122)"
TNT,Dade Collier Training And Transition,"Miami, Florida",United States of America,America/New_York,-4.0,"(25.861806,-80.897)"
OPF,Opa Locka,"Miami, Florida",United States of America,America/New_York,-4.0,"(25.907,-80.278389)"
MPB,Miami Seaplane Base,"Miami, Florida",United States of America,America/New_York,-4.0,"(25.7783,-80.1703)"
TMB,Kendall Tamiami Executive,"Miami, Florida",United States of America,America/New_York,-4.0,"(25.647889,-80.432777)"
MIA,Miami Intl,"Miami, Florida",United States of America,America/New_York,-4.0,"(25.79325,-80.290556)"
EKW,MiamiCentral Station,"Miami, Florida",United States of America,America/New_York,-4.0,"(25.77753,-80.19578)"
EFL,Kefallinia,Kefallinia,Greece,Europe/Athens,3.0,"(38.120069,20.500481)"
LNZ,Blue Danube,Linz,Austria,Europe/Vienna,2.0,"(48.233219,14.187511)"
LZS,Hauptbahnhof rail stn,Linz,Austria,Europe/Vienna,2.0,"(48.28953238,14.290241)"
GBG,Galesburg           ,"Galesburg, Illinois",United States of America,America/Chicago,-5.0,"(40.94303,-90.43107)"
LPY,Loudes,Le Puy en Velay,France,Europe/Paris,2.0,"(45.080689,3.762889)"
AIC,Airok Airport,Airok,Marshall Islands,Pacific/Wallis,12.0,"(7.1,171.233333)"
ADU,Ardabil Airport,Ardabil,Iran,Asia/Tehran,3.5,"(38.325678,48.424356)"
CUE,Mariscal Lamar,Cuenca,Ecuador,America/Guayaquil,-5.0,"(-2.889467,-78.984397)"
PBP,Islita Airport,Punta Islita,Costa Rica,America/Costa_Rica,-6.0,"(9.85611,-85.3708)"
UTK,Utirik Airport,Utirik Island,Marshall Islands,Pacific/Wallis,12.0,"(11.222,169.852)"
BME,Broome,Broome,Australia,Australia/Perth,8.0,"(-17.8,122.2)"
CGZ,Casa Grande Municipal Airport,"Casa Grande, Arizona",United States of America,America/Phoenix,-7.0,"(32.954889,-111.766832)"
YZP,Sandspit,Sandspit,Canada,America/Vancouver,-7.0,"(53.254333,-131.813833)"
JIK,Ikaria,Ikaria Island,Greece,Europe/Athens,3.0,"(37.682717,26.347061)"
SJZ,Sao Jorge,Sao Jorge Island,Portugal,Atlantic/Azores,0.0,"(38.6655,-28.175817)"
PFB,Lauro Kurtz,Passo Fundo,Brazil,America/Sao_Paulo,-3.0,"(-28.243989,-52.326558)"
QFD,Boufarik,Boufarik,Algeria,Africa/Niamey,1.0,"(36.545834,2.876111)"
OUH,Oudtshoorn,Oudtshoorn,South Africa,Africa/Johannesburg,2.0,"(-33.606967,22.188978)"
CGP,Shah Amanat Intl,Chittagong,Bangladesh,Asia/Dhaka,6.0,"(22.249611,91.813286)"
FJR,Fujairah Intl,Al Fujairah,United Arab Emirates,Asia/Dubai,4.0,"(25.112225,56.323964)"
LDY,City of Derry,Londonderry,Great Britain (United Kingdom),Europe/London,1.0,"(55.042778,-7.161111)"
POU,Dutchess county apt ,"Poughkeepsie, New York",United States of America,America/New_York,-4.0,"(41.62448,-73.88258)"
BHP,Bhojpur,Bhojpur,Nepal,Asia/Kathmandu,5.75,"(27.14743,87.050819)"
LUH,Ludhiana,Ludhiana,India,Asia/Kolkata,5.5,"(30.854681,75.952592)"
ACY,Atlantic City Intl,"Atlantic City, NJ",United States of America,America/New_York,-4.0,"(39.457583,-74.577167)"
YSL,Saint leonard       ,Edmunston,Canada,America/Moncton,-3.0,"(47.1575,-67.83472)"
MMU,Morristown Municipal Airport,"Morristown, NJ",United States of America,America/New_York,-4.0,"(40.79935,-74.4148747)"
RKD,Knox County Regional Airport,"Rockland, Maine",United States of America,America/New_York,-4.0,"(44.0601111,-69.0992303)"
NUL,Nulato Airport,"Nulato, Alaska",United States of America,America/Anchorage,-8.0,"(64.729444,-158.074167)"
WEL,Welkom,Welkom,South Africa,Africa/Johannesburg,2.0,"(-27.998,26.669586)"
ZSN,Stendal Borstel,Stendal,Germany,Europe/Monaco,2.0,"(52.627778,11.818333)"
SCV,Stefan Cel Mare,Suceava,Romania,Europe/Bucharest,3.0,"(47.6875,26.354056)"
SKD,Samarkand,Samarkand,Uzbekistan,Asia/Samarkand,5.0,"(39.700547,66.983829)"
MOG,Mong Hsat,Mong Hsat,Myanmar,Asia/Rangoon,6.5,"(20.516758,99.256825)"
DEZ,Deir Zzor,Deirezzor,Syria,Asia/Damascus,3.0,"(35.285374,40.175961)"
NEC,Necochea Airport,Necochea,Argentina,America/Argentina/Buenos_Aires,-3.0,"(-38.483056,-58.817222)"
TRR,China Bay,Trincomalee,Sri Lanka,Asia/Colombo,5.5,"(8.538514,81.181853)"
YZR,Chris Hadfield,Sarnia,Canada,America/Toronto,-4.0,"(42.999444,-82.308889)"
KDI,Wolter Monginsidi,Kendari,Indonesia,Asia/Makassar,8.0,"(-4.081608,122.418231)"
MZP,Motueka,Motueka,New Zealand,Pacific/Auckland,12.0,"(-41.123299,172.988998)"
PHN,St Clair Co Intl,"Port Huron, Michigan",United States of America,America/Detroit,-4.0,"(42.910957,-82.528862)"
OMB,Omboue Hopital,Omboue,Gabon,Africa/Libreville,1.0,"(-1.574733,9.262694)"
EJT,Enejit Airport,Mili Atoll,Marshall Islands,Pacific/Wallis,12.0,"(6.040278,171.984444)"
CKC,Cherkassy,Cherkasi,Ukraine,Europe/Kiev,3.0,"(49.416666,32.1333)"
MZC,Mitzic              ,Mitzic,Gabon,Africa/Libreville,1.0,"(0.78333,11.53333)"
HSV,Huntsville International Airport-Carl T Jones Field,"Huntsville, Alabama",United States of America,America/Chicago,-5.0,"(34.6371944,-86.7750556)"
HUA,Redstone Aaf,"Huntsville, Alabama",United States of America,America/Chicago,-5.0,"(34.678653,-86.684781)"
NME,Nightmute Airport,"Nightmute, Alaska",United States of America,America/Nome,-8.0,"(60.471111,-164.700833)"
GOQ,Golmud Airport,Golmud,China,Asia/Urumqi,6.0,"(34.633,98.867)"
VIJ,Virgin Gorda Airport,Virgin Gorda,"Virgin Islands, British",America/Tortola,-4.0,"(18.4464,-64.4275)"
FOK,Francis S Gabreski,"Westhampton, New York",United States of America,America/New_York,-4.0,"(40.843656,-72.631789)"
NTG,Nantong Airport,Nantong,China,Asia/Shanghai,8.0,"(32.0708,120.976)"
DCU,Decatur,"Decatur, Alabama",United States of America,America/Chicago,-5.0,"(34.65405,-86.94536)"
CKB,Harrison Marion Regional Airport,"Clarksburg, West Virginia",United States of America,America/New_York,-4.0,"(39.2966,-80.2281)"
JMO,Jomsom,Jomsom,Nepal,Asia/Kathmandu,5.75,"(28.782222,83.7225)"
SCJ,Smith cove          ,"Smith Cove, Alaska",United States of America,America/Anchorage,-8.0,"(0.0,0.0)"
TMR,Tamanrasset,Tamanrasset,Algeria,Africa/Algiers,1.0,"(22.811461,5.451075)"
MMV,Mc Minnville Muni,Mal,Papua New Guinea,America/Los_Angeles,-7.0,"(45.194444,-123.135944)"
WSZ,Westport,Westport,New Zealand,Pacific/Auckland,12.0,"(-41.738056,171.580833)"
KWY,Kiwayu (Mkononi) Airport,Kiwayu,Kenya,Africa/Juba,2.0,"(-1.96056,41.2975)"
ZTR,Zhytomyr,Zhitomir,Ukraine,Europe/Kiev,3.0,"(50.270556,28.738611)"
MFU,Mfuwe,Mfuwe,Zambia,Africa/Lusaka,2.0,"(-13.258878,31.936581)"
RAH,Rafha,Rafha,Saudi Arabia,Asia/Riyadh,3.0,"(29.626419,43.490614)"
NGE,Ngaoundere,Ngaoundere,Cameroon,Africa/Douala,1.0,"(7.357011,13.559242)"
JAV,Ilulissat,Ilulissat,Greenland,America/Godthab,-1.0,"(69.23444,-51.05111)"
NKG,Lukou,Nanjing,China,Asia/Shanghai,8.0,"(31.742042,118.862025)"
NKJ,Nanjing South railway station,Nanjing,China,Asia/Shanghai,8.0,"(31.968789,118.798537)"
LNV,Londolovit Airport,Lihir Island,Papua New Guinea,Pacific/Port_Moresby,10.0,"(-3.04361,152.629)"
NFG,Nefteyugansk Airport,Nefteyugansk,Russian Federation,Asia/Yekaterinburg,5.0,"(61.1083,72.65)"
TXK,Texarkana Rgnl Webb Fld,"Texarkana, Arkansas",United States of America,America/Chicago,-5.0,"(33.453722,-93.991028)"
SRT,Soroti,Soroti,Uganda,Africa/Kampala,3.0,"(1.727578,33.622861)"
DSI,Destin,"Valparaiso, Florida",United States of America,America/Chicago,-5.0,"(30.4000611,-86.4714772)"
VPS,Eglin Afb,"Valparaiso, Florida",United States of America,America/Chicago,-5.0,"(30.48325,-86.5254)"
LXA,Lhasa-Gonggar,Lhasa,China,Asia/Urumqi,6.0,"(29.297778,90.911944)"
INW,Winslow-Lindbergh Regional Airport,"Winslow, Arizona",United States of America,America/Phoenix,-7.0,"(35.0219167,-110.7225278)"
IIA,Inishmaan Aerodrome,Inishmaan,Ireland,Europe/Dublin,1.0,"(53.091944,-9.57)"
TKI,Collin County Regional Airport at Mc Kinney,"Tokeen, Alaska",United States of America,America/Anchorage,-8.0,"(33.1779444,-96.5905278)"
GUA,La Aurora,Guatemala,Guatemala,America/Guatemala,-6.0,"(14.583272,-90.527475)"
JGN,Jiayuguan Airport,Jiayuguan,China,Asia/Chongqing,8.0,"(39.8569,98.3414)"
KTB,Thorne Bay Seaplane Base,"Thorne Bay, Alaska",United States of America,America/Anchorage,-8.0,"(55.688056,-132.536667)"
IKT,Irkutsk,Irkutsk,Russian Federation,Asia/Irkutsk,8.0,"(52.268028,104.388975)"
FLA,Gustavo Artunduaga Paredes,Florencia,Colombia,America/Bogota,-5.0,"(1.589189,-75.564372)"
VLK,Volgodonsk          ,Volgodonsk,Russian Federation,Europe/Moscow,3.0,"(47.6821,42.0728)"
OAX,Xoxocotlan Intl,Oaxaca,Mexico,America/Mexico_City,-6.0,"(16.999906,-96.726639)"
PTZ,Shell Mera,Pastaza,Ecuador,America/Guayaquil,-5.0,"(-2.0,-77.0)"
SLZ,Marechal Cunha Machado Intl,Sao Luiz,Brazil,America/Fortaleza,-3.0,"(-2.585361,-44.234139)"
MOU,Mountain Village Airport,"Mountain Village, Alaska",United States of America,America/Nome,-8.0,"(62.0954,-163.682)"
CSY,Cheboksary Airport,Cheboksary,Russian Federation,Europe/Moscow,3.0,"(56.0903,47.3473)"
ANP,Lee Airport,"Annapolis, Maryland",United States of America,America/New_York,-4.0,"(38.942778,-76.568333)"
SDY,Sidney-Richland Municipal Airport,"Sidney, Montana",United States of America,America/Denver,-6.0,"(47.706944,-104.1925)"
YPO,Peawanuck Airport,Peawanuck,Canada,America/Toronto,-4.0,"(54.9881,-85.4433)"
GAF,Gafsa,Gafsa,Tunisia,Africa/Tunis,1.0,"(34.422022,8.822503)"
INS,Creech Afb,"Indian Springs, Nevada",United States of America,America/Los_Angeles,-7.0,"(36.587183,-115.673353)"
MMO,Maio,Maio,Cape Verde,Atlantic/Cape_Verde,-1.0,"(15.155928,-23.213703)"
MJF,Kjaerstad,Mosjoen,Norway,Europe/Oslo,2.0,"(65.783997,13.214914)"
NRL,North Ronaldsay Airport,North Ronaldsay,Great Britain (United Kingdom),Europe/London,1.0,"(59.3675,-2.43444)"
JNU,Juneau Intl,"Juneau, Alaska",United States of America,America/Juneau,-8.0,"(58.354972,-134.576278)"
FNR,Funter Bay Seaplane Base,"Funter Bay, Alaska",United States of America,America/Juneau,-8.0,"(58.254444,-134.897778)"
AFA,San Rafael,San Rafael,Argentina,America/Argentina/Mendoza,-3.0,"(-34.588314,-68.403854)"
IGS,Ingolstadt BF,Ingolstadt,Germany,Europe/Monaco,2.0,"(48.7777,11.422)"
BVC,Rabil,Boa Vista,Cape Verde,Atlantic/Cape_Verde,-1.0,"(16.136531,-22.888897)"
LBH,Palm beach spb      ,"Seal Bay, Alaska",United States of America,America/Anchorage,-8.0,"(0.0,0.0)"
SYB,Seal Bay Seaplane Base,"Seal Bay, Alaska",United States of America,America/Anchorage,-8.0,"(58.166667,-152.5)"
JST,John Murtha Johnstown-Cambria County Airport,"Johnstown, Pennsylvania",United States of America,America/New_York,-4.0,"(40.316111,-78.833889)"
KTR,Tindal Airport,Katherine,Australia,Australia/Darwin,9.5,"(-14.5211,132.378)"
LKG,Lokichoggio Airport,Lokichoggio,Kenya,Africa/Nairobi,3.0,"(4.204117,34.348186)"
OZZ,Ouarzazate,Ouarzazate,Marocco,Africa/Casablanca,1.0,"(30.939053,-6.909431)"
TKK,Chuuk Intl,Truk,Federated States of Micronesia,Pacific/Chuuk,10.0,"(7.461869,151.843006)"
BRS,Bristol,Bristol,Great Britain (United Kingdom),Europe/London,1.0,"(51.382669,-2.719089)"
QРС,Bristol temple meads,Bristol,Great Britain (United Kingdom),Europe/London,1.0,"(0.0,0.0)"
TPB,TEMPLE MEADS RAIL ST,Bristol,Great Britain (United Kingdom),Europe/London,1.0,"(0.0,0.0)"
QYU,Gavle Central Station,Gaevle,Sweden,Europe/Stockholm,2.0,"(60.6762298,17.1511236)"
GVX,Gavle,Gaevle,Sweden,Europe/Stockholm,2.0,"(60.593333,16.951389)"
XQP,La Managua,Quepos,Costa Rica,America/Costa_Rica,-6.0,"(9.443164,-84.129772)"
SGD,Sonderborg,Soenderborg,Denmark,Europe/Copenhagen,2.0,"(54.964367,9.791731)"
JOK,Yoshkar-Ola Airport,Yoshkar Ola,Russian Federation,Europe/Moscow,3.0,"(56.7006,47.9047)"
SXX,Sao Felix do Xingu Airport,Sao Felix Do Xing,Brazil,America/Belem,-3.0,"(-6.641389,-51.952222)"
TSD,Tshipise            ,Tshipise,South Africa,Africa/Johannesburg,2.0,"(0.0,0.0)"
BHY,Beihai Airport,Beihai,China,Asia/Chongqing,8.0,"(21.5394,109.294)"
TJG,Warukin Airport,Tanjung Warukin,Indonesia,Asia/Makassar,8.0,"(-2.21656,115.436)"
NEW,Lakefront           ,"New Orleans, Louisiana",United States of America,America/Chicago,-5.0,"(30.03635,-90.02648)"
NBG,New Orleans Nas Jrb,"New Orleans, Louisiana",United States of America,America/Chicago,-5.0,"(29.825333,-90.035)"
MSY,Louis Armstrong New Orleans Intl,"New Orleans, Louisiana",United States of America,America/Chicago,-5.0,"(29.993389,-90.258028)"
HRN,Heron Island,Heron Island,Australia,Australia/Brisbane,10.0,"(-23.441667,151.911389)"
SLL,Salalah,Salalah,Oman,Asia/Muscat,4.0,"(17.038719,54.091297)"
SBN,South Bend Rgnl,"South Bend, Indiana",United States of America,America/Indiana/Indianapolis,-4.0,"(41.708661,-86.31725)"
HAS,Hail,Hail,Saudi Arabia,Asia/Riyadh,3.0,"(27.437917,41.686292)"
GRW,Graciosa,Graciosa Island,Portugal,Atlantic/Azores,0.0,"(39.092169,-28.029847)"
BFV,Buri Ram,Buri Ram,Thailand,Asia/Bangkok,7.0,"(15.229539,103.253231)"
CAZ,Cobar Airport,Cobar,Australia,Australia/Sydney,10.0,"(-31.5383,145.794)"
MTO,Mattoon/charleston  ,"Mattoon, Illinois",United States of America,America/Chicago,-5.0,"(39.48114,-88.28044)"
SQI,Sterling            ,"Sterling Rockfls, Illinois",United States of America,America/Chicago,-5.0,"(0.0,0.0)"
BEJ,Barau(Kalimaru) Airport,Berau,Indonesia,Asia/Makassar,8.0,"(2.155497,117.432256)"
YVO,Val D Or,Val D Or,Canada,America/Montreal,-4.0,"(48.053333,-77.782778)"
EVN,Zvartnots,Yerevan,Armenia,Asia/Yerevan,4.0,"(40.147275,44.395881)"
TMN,Tamana Airport,Tamana Island,Kiribati,Pacific/Tarawa,12.0,"(-2.5,175.983333)"
VVK,Vastervik,Vastervik,Sweden,Europe/Stockholm,2.0,"(0.0,0.0)"
ZFD,Fond-Du-Lac Airport,Fond Du Lac,Canada,America/Regina,-6.0,"(59.3344,-107.182)"
PDN,Parndana            ,Parndana,Australia,Australia/Adelaide,9.5,"(0.0,0.0)"
OSI,Osijek,Osijek,Croatia,Europe/Zagreb,2.0,"(45.462667,18.810156)"
NSM,Norseman            ,Norseman,Australia,Australia/Perth,8.0,"(-32.21,121.755)"
GET,Geraldton Airport,Geraldton,Australia,Australia/Perth,8.0,"(-28.7961,114.707)"
GOE,Gonalia             ,Gonalia,Papua New Guinea,Asia/Vladivostok,10.0,"(0.0,0.0)"
BCV,Hector Silva Airstrip,Belmopan,Belize,America/Costa_Rica,-6.0,"(17.269444,-88.776111)"
PRH,Phrae,Phrae,Thailand,Asia/Bangkok,7.0,"(18.132169,100.164664)"
JGA,Jamnagar,Jamnagar,India,Asia/Kolkata,5.5,"(22.465522,70.012556)"
HIS,Hayman Island Airport,Hayman Island,Australia,Australia/Lindeman,10.0,"(-20.066668,148.86667)"
WNR,Windorah Airport,Windorah,Australia,Australia/Brisbane,10.0,"(-25.4131,142.667)"
KPR,Port Williams Seaplane Base,"Port Williams, Alaska",United States of America,America/Anchorage,-8.0,"(58.49,-152.582222)"
ASR,Erkilet,Kayseri,Turkey,Europe/Istanbul,3.0,"(38.770386,35.495428)"
SZX,Baoan Intl,Shenzhen,China,Asia/Shanghai,8.0,"(22.639258,113.810664)"
ZYK,Shekou Ferry Port,Shenzhen,China,Asia/Shanghai,8.0,"(30.7,114.35)"
FYG,SHENZHEN CHINA FUYONG FERRY PORT,Shenzhen,China,Asia/Shanghai,8.0,"(22.543099,114.057868)"
HNZ,Shenzhen CZ Bus Station,Shenzhen,China,Asia/Shanghai,8.0,"(22.5698849,114.0884652)"
SKF,Lackland Afb Kelly Fld Annex,San Antonio (Texas),United States of America,America/Chicago,-5.0,"(29.384228,-98.581108)"
MDA,Martindale          ,San Antonio (Texas),United States of America,America/Chicago,-5.0,"(0.0,0.0)"
RND,Randolph Afb,San Antonio (Texas),United States of America,America/Chicago,-5.0,"(29.529675,-98.2789)"
SAT,San Antonio Intl,San Antonio (Texas),United States of America,America/Chicago,-5.0,"(29.533694,-98.469778)"
SSF,Stinson mun         ,San Antonio (Texas),United States of America,America/Chicago,-5.0,"(29.33863,-98.46833)"
KLD,Migalovo,Tver,Russian Federation,Europe/Moscow,3.0,"(56.824736,35.757678)"
TSR,Traian Vuia,Timisoara,Romania,Europe/Bucharest,3.0,"(45.809861,21.337861)"
LJG,Lijiang Airport,Lijiang City,China,Asia/Chongqing,8.0,"(26.883333,100.23333)"
TKS,Tokushima,Tokushima,Japan,Asia/Tokyo,9.0,"(34.132808,134.606639)"
LSW,Malikus Saleh Airport,Lhoksumawe,Indonesia,Asia/Jakarta,7.0,"(5.226681,96.950342)"
AAP,Andrau airpark      ,"Houston, Texas",United States of America,America/Chicago,-5.0,"(0.0,0.0)"
DWH,David Wayne Hooks Field,"Houston, Texas",United States of America,America/Chicago,-5.0,"(30.063746,-95.554276)"
EFD,Ellington Fld,"Houston, Texas",United States of America,America/Chicago,-5.0,"(29.607333,-95.15875)"
HOU,William P Hobby,"Houston, Texas",United States of America,America/Chicago,-5.0,"(29.645419,-95.278889)"
SPX,Spaceland           ,"Houston, Texas",United States of America,America/Chicago,-5.0,"(0.0,0.0)"
IWS,West Houston,"Houston, Texas",United States of America,America/Chicago,-5.0,"(29.818194,-95.672611)"
IAH,George Bush Intercontinental,"Houston, Texas",United States of America,America/Chicago,-5.0,"(29.984433,-95.341442)"
PVU,Provo Municipal Airport,"Provo, Utah",United States of America,America/Denver,-6.0,"(40.21805555,-111.7222222)"
ACS,Achinsk             ,Achinsk,Russian Federation,Asia/Krasnoyarsk,7.0,"(56.2683,90.5708)"
DRB,Derby Airport,Derby,Australia,Australia/Perth,8.0,"(-17.39,123.68)"
LUL,Laurel              ,"Laurel, Mississipi",United States of America,America/Chicago,-5.0,"(31.66644,-89.16966)"
PIB,Hattiesburg Laurel Regional Airport,"Laurel, Mississipi",United States of America,America/Chicago,-5.0,"(31.4671,-89.3371)"
РНЦ,Ramenskoye,Zhukovsky,Russian Federation,Europe/Moscow,3.0,"(55.553333,38.151667)"
NAT,Augusto Severo,Natal,Brazil,America/Fortaleza,-3.0,"(-5.911417,-35.247717)"
EBD,El Obeid,El Obeid,Sudan,Africa/Khartoum,2.0,"(13.153219,30.232675)"
SOZ,Solenzara,Solenzara,France,Europe/Paris,2.0,"(41.924416,9.406)"
AAF,Apalachicola Regional Airport,"Apalachicola, Florida",United States of America,America/New_York,-4.0,"(29.7276066,-85.0274416)"
ZQU,Wolfsburg,Wolfsburg,Germany,Europe/Monaco,2.0,"(0.0,0.0)"
MVR,Salak,Maroua,Cameroon,Africa/Douala,1.0,"(10.451392,14.257361)"
BPT,Southeast Texas Rgnl,"Beaumont, Texas",United States of America,America/Chicago,-5.0,"(29.950833,-94.020694)"
PAJ,Parachinar Airport,Para Chinar,Pakistan,Asia/Karachi,5.0,"(33.9021,70.0716)"
SBS,Steamboat Springs Airport-Bob Adams Field,"Steamboat Springs, Colorado",United States of America,America/Denver,-6.0,"(40.51625,-106.8663056)"
GON,Groton New London,"Groton, Connecticut",United States of America,America/New_York,-4.0,"(41.330056,-72.045139)"
NAL,Nalchik Airport,Nalchik,Russian Federation,Europe/Moscow,3.0,"(43.5129,43.6366)"
FRE,Fera/Maringe Airport,Fera Island,Solomon Islands,Pacific/Guadalcanal,11.0,"(-8.1075,159.577)"
LEJ,Leipzig Halle,Leipzig,Germany,Europe/Berlin,2.0,"(51.432447,12.241633)"
XIT,Leipzig hbf rail stn,Leipzig,Germany,Europe/Berlin,2.0,"(0.0,0.0)"
IOS,Ilheus,Ilheus,Brazil,America/Bahia,-3.0,"(-14.815964,-39.033197)"
MAQ,Mae Sot Airport,Mae Sot,Thailand,Asia/Bangkok,7.0,"(16.699856,98.545056)"
BIX,Keesler Afb,"Biloxi, MS",United States of America,America/Chicago,-5.0,"(30.410425,-88.924433)"
MAG,Madang,Madang,Papua New Guinea,Pacific/Port_Moresby,10.0,"(-5.207083,145.7887)"
MAS,Momote Airport,Manus Island,Papua New Guinea,Pacific/Port_Moresby,10.0,"(-2.06189,147.424)"
LPX,Liepaja Intl,Liepaja,Latvia,Europe/Riga,3.0,"(56.5175,21.096944)"
RZA,Santa Cruz,Santa Cruz,Argentina,America/Argentina/Rio_Gallegos,-3.0,"(-50.01655,-68.579197)"
SVD,E T Joshua,Saint Vincent,Saint Vincent and the Grenadines,America/St_Vincent,-4.0,"(13.144306,-61.210861)"
BAJ,Bali                ,Bali,Papua New Guinea,Asia/Vladivostok,10.0,"(0.0,0.0)"
TOU,Touho,Touho,New Caledonia,Pacific/Noumea,11.0,"(-20.790028,165.259486)"
UBJ,Yamaguchi Ube,Ube,Japan,Asia/Tokyo,9.0,"(33.93,131.278611)"
WKM,Hwange National Park,Wankie Rhodesia,Zimbabwe,Africa/Kigali,2.0,"(-18.629872,27.021042)"
BHG,Brus Laguna Airport,Brus Laguna,Honduras,America/Tegucigalpa,-6.0,"(15.7631,-84.5436)"
NEJ,Nejjo               ,Nejjo,Ethiopia,Africa/Addis_Ababa,3.0,"(9.55,35.467)"
QPZ,Piacenza,Piacenza,Italy,Europe/Rome,2.0,"(44.913055,9.723333)"
GJR,Gjogur Airport,Gjogur,Iceland,Atlantic/Reykjavik,0.0,"(65.995278,-21.326944)"
TRZ,Trichy,Tiruchirapally,India,Asia/Kolkata,5.5,"(10.765364,78.709722)"
QNJ,Annemasse,Annemasse,France,Europe/Paris,2.0,"(46.191972,6.268386)"
LIQ,Lisala,Lisala,"Congo, Democratic Republic of the",Africa/Kinshasa,1.0,"(2.170658,21.496906)"
BAF,Barnes Municipal,"Westfield, Massachusetts",United States of America,America/New_York,-4.0,"(42.1579472,-72.715875)"
OGS,Ogdensburg Intl,"Ogdensburg, New York",United States of America,America/New_York,-4.0,"(44.681854,-75.4655)"
BUG,Benguela,Benguela,Angola,Africa/Luanda,1.0,"(-12.609025,13.403711)"
,Swindon railway,Swindon,Great Britain (United Kingdom),Europe/Jersey,1.0,"(0.0,0.0)"
XWS,Swindon Station,Swindon,Great Britain (United Kingdom),Europe/Jersey,1.0,"(51.5656,-1.7854)"
VVB,Mahanoro            ,Mahanoro,Madagascar,Indian/Antananarivo,3.0,"(0.0,0.0)"
FAY,Fayetteville Regional Grannis Field,"Fayetteville, North Carolina",United States of America,America/New_York,-4.0,"(34.9912,-78.8803)"
MKQ,Mopah,Merauke,Indonesia,Asia/Jayapura,9.0,"(-8.520294,140.418453)"
SOF,Sofia,Sofia,Bulgaria,Europe/Sofia,3.0,"(42.695194,23.406167)"
СФБ,SOFIA CENTRAL BUS STATION,Sofia,Bulgaria,Europe/Sofia,3.0,"(42.710278,23.323333)"
HWO,North Perry,"Hollywood, Florida",United States of America,America/New_York,-4.0,"(26.001222,-80.240722)"
BLR,Bangalore,Bangalore,India,Asia/Kolkata,5.5,"(13.198401,77.701368)"
MLN,Melilla,Melilla,Spain,Africa/Casablanca,1.0,"(35.279817,-2.956256)"
EMD,Emerald,Emerald,Australia,Australia/Brisbane,10.0,"(-23.5675,148.179167)"
WNN,Wunnumin Lake Airport,Wunnummin Lake,Canada,America/Winnipeg,-5.0,"(52.8939,-89.2892)"
HSI,Hastings            ,"Hastings, Nebraska",United States of America,America/Chicago,-5.0,"(40.60446,-98.42756)"
PJA,Pajala Airport,Pajala,Sweden,Europe/Stockholm,2.0,"(67.2456,23.0689)"
OMM,Marmul,Marmul,Oman,Asia/Muscat,4.0,"(18.133333,55.266666)"
NZA,Maria Reiche Neuman Airport,Nzagi,Angola,Africa/Luanda,1.0,"(-14.854192,-74.961811)"
FBE,Paulo Abdala Airport,Francisco Beltrao,Brazil,America/Sao_Paulo,-3.0,"(-26.059167,-53.063333)"
DMU,Dimapur Airport,Dimapur,India,Asia/Kolkata,5.5,"(25.8839,93.7711)"
BLA,General Jose Antonio Anzoategui Intl,Barcelona,Venezuela,America/Caracas,-4.0,"(10.107139,-64.689161)"
WMR,Avaratra,Mananara,Madagascar,Indian/Antananarivo,3.0,"(-16.1639,49.773753)"
XQU,Qualicum Beach Airport,Qualicum,Canada,America/Toronto,-4.0,"(49.337222,-124.393889)"
UNA,Una-Comandatuba Airport,Una,Brazil,America/Bahia,-3.0,"(-15.355278,-38.998889)"
DLE,Tavaux,Dole,France,Europe/Paris,2.0,"(47.039014,5.42725)"
ULP,Quilpie Airport,Quilpie,Australia,Australia/Brisbane,10.0,"(-26.6122,144.253)"
NGX,Manang,Manang,Nepal,Asia/Kathmandu,5.75,"(28.633,84.0)"
FAH,Farah               ,Farah,Afghanistan,Asia/Kabul,4.5,"(32.36566,62.16608)"
TDX,Trat,Trat,Thailand,Asia/Bangkok,7.0,"(12.274572,102.318958)"
TNC,Tin City LRRS Airport,"Tin City, Alaska",United States of America,America/Nome,-8.0,"(65.563056,-167.921667)"
YBG,Bagotville,Bagotville,Canada,America/Montreal,-4.0,"(48.330555,-70.996391)"
BVA,Beauvais–Tille,Paris,France,Europe/Paris,2.0,"(49.458659,2.111894)"
POX,Cormeilles En Vexin,Paris,France,Europe/Paris,2.0,"(49.096647,2.040833)"
LBG,Le Bourget,Paris,France,Europe/Paris,2.0,"(48.969444,2.441389)"
TNF,Toussus Le Noble,Paris,France,Europe/Paris,2.0,"(48.751922,2.106189)"
XHP,Gare de LEst,Paris,France,Europe/Paris,2.0,"(48.876944,2.359167)"
XPG,Gare du Nord,Paris,France,Europe/Paris,2.0,"(48.880931,2.355323)"
XDT,Cdg tgv railway stn,Paris,France,Europe/Paris,2.0,"(0.0,0.0)"
XJY,Massy tgv rail station,Paris,France,Europe/Paris,2.0,"(0.0,0.0)"
ORY,Orly,Paris,France,Europe/Paris,2.0,"(48.725278,2.359444)"
XGB,Gare Montparnasse,Paris,France,Europe/Paris,2.0,"(48.84,2.318611)"
CDG,Charles De Gaulle,Paris,France,Europe/Paris,2.0,"(49.012779,2.55)"
JPU,La Defense Heliport,Paris,France,Europe/Paris,2.0,"(48.86667,2.333333)"
GOT,Landvetter,Goeteborg,Sweden,Europe/Stockholm,2.0,"(57.662836,12.279819)"
GSE,Save,Goeteborg,Sweden,Europe/Stockholm,2.0,"(57.774722,11.870372)"
LPK,Lipetsk Airport,Lipetsk,Russian Federation,Europe/Moscow,3.0,"(52.696756,39.524128)"
VVZ,Illizi Takhamalt,Illizi,Algeria,Africa/Algiers,1.0,"(26.723536,8.622653)"
ATF,Chachoan,Ambato,Ecuador,America/Guayaquil,-5.0,"(-1.212067,-78.574636)"
YQR,Regina Intl,Regina,Canada,America/Regina,-6.0,"(50.431944,-104.665833)"
YKX,Kirkland Lake,Kirkland Lake,Canada,America/Toronto,-4.0,"(48.210278,-79.981389)"
BHA,Bahia de caraqu     ,Bahia De Caraquez,Ecuador,America/Guayaquil,-5.0,"(-0.58333,-80.4)"
TTU,Saniat Rmel,Tetuan,Marocco,Africa/Casablanca,1.0,"(35.594333,-5.320019)"
SKP,Alexaner The Great,Skopje,Macedonia,Europe/Skopje,2.0,"(41.961622,21.621381)"
SUJ,Satu Mare,Satu Mare,Romania,Europe/Bucharest,3.0,"(47.703275,22.8857)"
ENW,Kenosha Regional Airport,"Kenosha, Wisconsin",United States of America,America/Chicago,-5.0,"(42.5956944,-87.9278056)"
RJA,Rajahmundry,Rajahmundry,India,Asia/Kolkata,5.5,"(17.110361,81.818208)"
LUO,Luena,Luena,Angola,Africa/Luanda,1.0,"(-11.768086,19.897672)"
PEN,Penang Intl,Penang,Malaysia,Asia/Kuala_Lumpur,8.0,"(5.297139,100.276864)"
UDE,Volkel AB,Uden,Netherlands (Holland),Europe/Amsterdam,2.0,"(51.656389,5.708611)"
JFR,Paamiut Heliport,Paamiut,Greenland,America/Godthab,-1.0,"(61.9922,-49.6625)"
ARP,Aragip              ,Aragip,Papua New Guinea,Asia/Vladivostok,10.0,"(0.0,0.0)"
YNC,Wemindji Airport,Wemindji,Canada,America/Montreal,-4.0,"(53.0106,-78.8311)"
JAI,Jaipur,Jaipur,India,Asia/Kolkata,5.5,"(26.824192,75.812161)"
SFC,St-François Airport,Saint Francois,Guadeloupe,America/Guadeloupe,-4.0,"(16.2578,-61.2625)"
SXS,Sahabat 16          ,Sahabat 16,Malaysia,Asia/Kuching,8.0,"(5.08778,119.094)"
YOJ,High Level,High Level,Canada,America/Edmonton,-6.0,"(58.621389,-117.164722)"
SSE,Sholapur,Sholapur,India,Asia/Kolkata,5.5,"(17.627958,75.934842)"
ORE,Bricy,Orleans,France,Europe/Paris,2.0,"(47.987778,1.760556)"
SXU,Soddu               ,Soddu,Ethiopia,Africa/Addis_Ababa,3.0,"(6.817,37.75)"
MLJ,Baldwin County Airport,"Milledgeville, Georgia",United States of America,America/New_York,-4.0,"(33.154225,-83.2414139)"
RPN,Mahanaim I Ben Yaakov,Rosh Pina,Israel,Asia/Jerusalem,3.0,"(32.981047,35.571908)"
GND,Point Salines Intl,Grenada,Grenada,America/Grenada,-4.0,"(12.004247,-61.786192)"
BIY,Bhisho,Bisho,South Africa,Africa/Johannesburg,2.0,"(-32.89715,27.279111)"
AQP,Rodriguez Ballon,Arequipa,Peru,America/Lima,-5.0,"(-16.341072,-71.583083)"
YGG,Ganges harbor       ,Ganges Harbor,Canada,America/Vancouver,-7.0,"(48.85036,-123.49952)"
KBP,Boryspil Intl,Kiev,Ukraine,Europe/Kiev,3.0,"(50.345,30.894722)"
IEV,Zhuliany Intl,Kiev,Ukraine,Europe/Kiev,3.0,"(50.401694,30.449697)"
BXX,Boorama Airport,Borama,Somali,Europe/Volgograd,3.0,"(9.933,43.15)"
SPW,Spencer Muni,"Spencer, Iowa",United States of America,America/Chicago,-5.0,"(43.165527,-95.202805)"
JDR,Aeroporto Prefeito Octavio de Almeida Neves,Sao Joao Del Rei,Brazil,America/Sao_Paulo,-3.0,"(-21.0864,-44.2258)"
NTB,Notodden,Notodden,Norway,Europe/Oslo,2.0,"(59.565683,9.212222)"
YUE,Yuendumu ,Yuendumu,Australia,Australia/Darwin,9.5,"(-22.254167,131.781944)"
WKA,Wanaka,Wanaka,New Zealand,Pacific/Auckland,12.0,"(-44.722222,169.245556)"
JNN,Nanortalik Heliport,Nanortalik,Greenland,America/Godthab,-1.0,"(60.14,-45.2317)"
BTJ,Sultan Iskandarmuda,Banda Aceh,Indonesia,Asia/Jakarta,7.0,"(5.523522,95.420372)"
TGH,Tongoa Island Airport,Tongoa,Vanuatu,Pacific/Efate,11.0,"(-16.8911,168.551)"
SIF,Simara,Simara,Nepal,Asia/Kathmandu,5.75,"(27.159456,84.980122)"
YUY,Rouyn Noranda,Rouyn,Canada,America/Montreal,-4.0,"(48.206111,-78.835556)"
CFE,Auvergne,Clermont Ferrand,France,Europe/Paris,2.0,"(45.786661,3.169169)"
SIQ,Dabo,Singkep,Indonesia,Asia/Jakarta,7.0,"(-0.479189,104.579283)"
HIL,Shilavo Airport,Shilavo,Ethiopia,Africa/Addis_Ababa,3.0,"(6.08333,44.7667)"
YZG,Salluit Airport,Salluit,Canada,America/Montreal,-4.0,"(62.1794,-75.6672)"
CDB,Cold Bay,"Cold Bay, Alaska",United States of America,America/Nome,-8.0,"(55.206061,-162.725436)"
ZTM,Shamattawa Airport,Shamattawa,Canada,America/Winnipeg,-5.0,"(55.8656,-92.0814)"
YLH,Lansdowne House Airport,Lansdowne House,Canada,America/Toronto,-4.0,"(52.1956,-87.9342)"
MJA,Manja Airport,Manja,Madagascar,Indian/Antananarivo,3.0,"(-21.417,44.317)"
HNA,Hanamaki,Morioka,Japan,Asia/Tokyo,9.0,"(39.428611,141.135278)"
DED,Dehradun,Dehradun,India,Asia/Kolkata,5.5,"(30.189689,78.180256)"
CTH,Chester County G O Carlson Airport,"Coatesville, Pennsylvania",United States of America,America/New_York,-4.0,"(39.9789,-75.8654)"
HCQ,Halls Creek Airport,Halls Creek,Australia,Australia/Perth,8.0,"(-18.233889,127.669722)"
VKT,Vorkuta Airport,Vorkuta,Russian Federation,Europe/Moscow,3.0,"(67.4886,63.9931)"
MYU,Mekoryuk Airport,"Mekoryuk, Alaska",United States of America,America/Nome,-8.0,"(60.3714,-166.271)"
KBJ,Kings canyon        ,Kings Canyon,Australia,,,"(-24.2605,131.48944)"
ADD,Bole Intl,Addis Ababa,Ethiopia,Africa/Addis_Ababa,3.0,"(8.977889,38.799319)"
SWF,Stewart Intl,Newburgh,United States of America,America/New_York,-4.0,"(41.504094,-74.104839)"
PEF,Peenemunde Airfield,Peenemuende,Germany,Europe/Berlin,2.0,"(54.157778,13.772778)"
DBD,Dhanbad,Dhanbad,India,Asia/Kolkata,5.5,"(23.834044,86.425261)"
TCS,Truth Or Consequences Muni,"Truth Or Conseque, New Mexico",United States of America,America/Denver,-6.0,"(33.236944,-107.27175)"
SFE,San Fernando Airport,San Fernando,Philippines,Asia/Manila,8.0,"(16.595589,120.303219)"
OSH,Wittman Regional Airport,"Oshkosh, Wisconsin",United States of America,America/Chicago,-5.0,"(44.024983,-88.551336)"
XWI,North Western railway station,Wigan Nw,Great Britain (United Kingdom),Europe/London,1.0,"(53.543,-2.632)"
KGO,Kirovograd,Krapivnitski,Ukraine,Europe/Kiev,3.0,"(48.54,32.29)"
NEL,Lakehurst Naes,"Lakehurst, New Jersey",United States of America,America/New_York,-4.0,"(40.033333,-74.353333)"
UGR,Rosa de Lima Railway Station,Burgos,Spain,Europe/Madrid,2.0,"(42.3712,-3.66631)"
XJU,Burgos Bus Station,Burgos,Spain,Europe/Madrid,2.0,"(0.0,0.0)"
RGS,Burgos Airport,Burgos,Spain,Europe/Madrid,2.0,"(42.357628,-3.620764)"
XSB,Sir Bani Yas Island,Saint Malo,France,Asia/Dubai,4.0,"(24.2856083,52.5783472)"
GDV,Dawson Community Airport,"Glendive, Montana",United States of America,America/Denver,-6.0,"(47.138611,-104.807222)"
KRF,Kramfors Solleftea,Kramfors,Sweden,Europe/Stockholm,2.0,"(63.048597,17.768856)"
KNP,Kapanda Airport,Capanda,Angola,Africa/Niamey,1.0,"(-9.771944,15.456111)"
AOK,Karpathos,Karpathos,Greece,Europe/Athens,3.0,"(35.421408,27.146008)"
RAB,Tokua Airport,Rabaul,Papua New Guinea,Pacific/Port_Moresby,10.0,"(-4.34046,152.38)"
USH,Ushuaia Malvinas Argentinas,Ushuaia,Argentina,America/Argentina/Ushuaia,-3.0,"(-54.843278,-68.29575)"
BUZ,Bushehr,Bushehr,Iran,Asia/Tehran,3.5,"(28.944811,50.834637)"
TML,Tamale,Tamale,Ghana,Africa/Accra,0.0,"(9.557192,-0.863214)"
AGM,Tasiilaq,Tasiilaq,Greenland,America/Godthab,-1.0,"(65.612222,-37.618333)"
CCT,Colonia catriel     ,Colonia Catriel,Argentina,America/Argentina/Salta,-3.0,"(-37.9102,-67.835)"
VDP,Valle De La Pascua,Valle De Pascua,Venezuela,America/Caracas,-4.0,"(9.222028,-65.993583)"
WUS,Nanping Wuyishan Airport,Wuyishan,China,Asia/Shanghai,8.0,"(27.7019,118.001)"
OTM,Ottumwa             ,"Ottumwa, Iowa",United States of America,America/Chicago,-5.0,"(41.10668,-92.44824)"
USK,Usinsk,Usinsk,Russian Federation,Europe/Moscow,3.0,"(66.00077,57.221113)"
KPB,Point Baker Seaplane Base,"Point Baker, Alaska",United States of America,America/Anchorage,-8.0,"(56.351944,-133.6225)"
MJN,Philibert Tsiranana,Majunga,Madagascar,Indian/Antananarivo,3.0,"(-15.667144,46.351828)"
TOJ,Torrejon,Madrid,Spain,Europe/Madrid,2.0,"(40.496747,-3.445872)"
MAD,Barajas,Madrid,Spain,Europe/Madrid,2.0,"(40.493556,-3.566764)"
XTI,Chamartin Railway Stn,Madrid,Spain,Europe/Madrid,2.0,"(40.4718908,-3.6825565)"
XOC,Atocha Railway Stn,Madrid,Spain,Europe/Madrid,2.0,"(40.4067313,-3.6914018)"
VAO,Suavanao Airport,Suavanao,Solomon Islands,Pacific/Guadalcanal,11.0,"(-7.58556,158.731)"
ABV,Nnamdi Azikiwe Intl,Abuja,Nigeria,Africa/Lagos,1.0,"(9.006792,7.263172)"
RAZ,Rawalakot,Rawala Kot,Pakistan,Asia/Karachi,5.0,"(33.849658,73.798147)"
PIS,Biard,Poitiers,France,Europe/Paris,2.0,"(46.587745,0.306666)"
XOP,Poitiers railway station,Poitiers,France,Europe/Paris,2.0,"(0.0,0.0)"
SLN,Salina Municipal Airport,"Salina, Kansas",United States of America,America/Chicago,-5.0,"(38.791,-97.6522)"
MIS,Misima Island Airport,Misima Island,Papua New Guinea,Pacific/Port_Moresby,10.0,"(-10.6892,152.838)"
GWD,Gwadar,Gwadar,Pakistan,Asia/Karachi,5.0,"(25.233308,62.329494)"
DMB,Taraz,Taraz,Kazakhstan,Asia/Qyzylorda,5.0,"(42.853611,71.303611)"
QDU,Dusseldorf Hauptbahnhof,Duesseldorf,Germany,Europe/Berlin,2.0,"(51.220278,6.792778)"
MGL,Monchengladbach,Duesseldorf,Germany,Europe/Berlin,2.0,"(51.230356,6.504494)"
DUS,Dusseldorf,Duesseldorf,Germany,Europe/Berlin,2.0,"(51.289453,6.766775)"
NRN,Niederrhein,Duesseldorf,Germany,Europe/Berlin,2.0,"(51.602222,6.141944)"
ARI,Chacalluta,Arica,Chili,America/Santiago,-4.0,"(-18.348531,-70.338742)"
DDC,Dodge City Regional Airport,"Dodge City, Kansas",United States of America,America/Chicago,-5.0,"(37.7634,-99.9656)"
DXR,Danbury Municipal Airport,"Danbury, Connecticut",United States of America,America/New_York,-4.0,"(41.3715353,-73.4821906)"
YWA,Petawawa,Petawawa,Canada,America/Toronto,-4.0,"(45.952221,-77.319168)"
QUS,Gusau,Gusau,Nigeria,Africa/Lagos,1.0,"(12.171667,6.696111)"
OKI,Oki,Oki Island,Japan,Asia/Tokyo,9.0,"(36.181125,133.324844)"
MHA,Mahdia Airport,Mahdia,Guyana,America/Guyana,-4.0,"(5.266667,-59.15)"
YGW,Kuujjuarapik Airport,Kuujjuarapik,Canada,America/Montreal,-4.0,"(55.2819,-77.7653)"
CUM,Antonio Jose De Sucre,Cumana,Venezuela,America/Caracas,-4.0,"(10.450333,-64.130472)"
NQY,St Mawgan,Newquay,Great Britain (United Kingdom),Europe/London,1.0,"(50.440558,-4.995408)"
QSF,Ain Arnat Airport,Setif,Algeria,Africa/Algiers,1.0,"(36.1781,5.32449)"
FLN,Hercilio Luz,Florianopolis,Brazil,America/Sao_Paulo,-3.0,"(-27.670489,-48.547181)"
VGZ,Villa Garzon Airport,Villagarzon,Colombia,America/Bogota,-5.0,"(0.978889,-76.605556)"
MHU,Mount Hotham Airport,Mount Hotham,Australia,Australia/Melbourne,10.0,"(-37.0475,147.334)"
MLO,Milos,Milos,Greece,Europe/Athens,3.0,"(36.696111,24.4775)"
SBG,Maimun Saleh,Sabang,Indonesia,Asia/Jakarta,7.0,"(5.874131,95.339672)"
BII,Enyu Airfield,Bikini Atoll,Marshall Islands,Pacific/Wallis,12.0,"(11.5225,165.565)"
BMX,Big Mountain Afs,"Big Mountain, Alaska",United States of America,America/Anchorage,-8.0,"(59.361247,-155.258822)"
AGU,Jesus Teran Intl,Aguascalientes,Mexico,America/Mexico_City,-6.0,"(21.705558,-102.317858)"
IXJ,Jammu,Jammu,India,Asia/Kolkata,5.5,"(32.689142,74.837389)"
YHB,Hudson Bay,Hudson Bay,Canada,America/Regina,-6.0,"(52.816666,-102.31139)"
JMM,Malmo harbour hlpt  ,Malmoe,Sweden,Europe/Stockholm,2.0,"(0.0,0.0)"
XFR,Malmo south rail    ,Malmoe,Sweden,Europe/Stockholm,2.0,"(0.0,0.0)"
MMX,Sturup,Malmoe,Sweden,Europe/Stockholm,2.0,"(55.530193,13.371639)"
TOS,Langnes,Tromso,Norway,Europe/Oslo,2.0,"(69.683333,18.918919)"
SDJ,Sendai,Sendai,Japan,Asia/Tokyo,9.0,"(38.139722,140.916944)"
PJG,Panjgur,Panjgur,Pakistan,Asia/Karachi,5.0,"(26.954547,64.132517)"
HGN,Mae Hong Son,Mae Hong Son,Thailand,Asia/Bangkok,7.0,"(19.301667,97.975)"
SKO,Sadiq Abubakar Iii Intl,Sokoto,Nigeria,Africa/Lagos,1.0,"(12.916322,5.207189)"
KHE,Kherson,Kherson,Russian Federation,Europe/Kiev,3.0,"(46.6758,32.5064)"
LVI,Livingstone,Livingstone,Zambia,Africa/Lusaka,2.0,"(-17.821756,25.822692)"
COQ,Choibalsan Airport,Choibalsan,Mongolia,Asia/Choibalsan,8.0,"(48.1357,114.646)"
SUN,Friedman Mem,"Hailey, Idaho",United States of America,America/Boise,-6.0,"(43.504444,-114.296194)"
KCH,Kuching Intl,Kuching,Malaysia,Asia/Kuching,8.0,"(1.484697,110.346933)"
HUE,Humera Airport,Humera,Ethiopia,Africa/Addis_Ababa,3.0,"(14.3,36.616667)"
JQA,Qaarsut Airport,Qaarsut,Greenland,America/Godthab,-1.0,"(70.7342,-52.6962)"
MQC,Miquelon,Miquelon,St. Pierre and Miquelon,America/Miquelon,-2.0,"(47.095472,-56.380278)"
BRL,Southeast Iowa Regional Airport,"Burlington, Iowa",United States of America,America/Chicago,-5.0,"(40.7832,-91.1255)"
JGS,Jing Gang Shan Airport,Ji an,China,Asia/Shanghai,8.0,"(26.8997,114.7375)"
LDK,Lidkoping,Lidkoping,Sweden,Europe/Stockholm,2.0,"(58.465522,13.174414)"
BTM,Bert Mooney Airport,"Butte, MT",United States of America,America/Denver,-6.0,"(45.954806,-112.497472)"
YRJ,Roberval,Roberval,Canada,America/Montreal,-4.0,"(48.52,-72.265556)"
ACU,Achutupo Airport,Achutupo,Panama,America/Panama,-5.0,"(9.2,-77.98)"
KEY,Kericho,Kericho,Kenya,Africa/Nairobi,3.0,"(-0.385,35.245)"
PUU,Tres De Mayo,Puerto Asis,Colombia,America/Bogota,-5.0,"(0.505228,-76.500836)"
ENU,Enugu,Enugu,Nigeria,Africa/Lagos,1.0,"(6.474272,7.561961)"
SMR,Simon Bolivar,Santa Marta,Colombia,America/Bogota,-5.0,"(11.11965,-74.230647)"
TMA,Henry Tift Myers Airport,"Tifton, Georgia",United States of America,America/New_York,-4.0,"(31.4289814,-83.488545)"
ZKB,Kasaba Bay Airport,Kasaba Bay,Zambia,Africa/Lusaka,2.0,"(-8.525,30.663)"
CNJ,Cloncurry Airport,Cloncurry,Australia,Australia/Brisbane,10.0,"(-20.6686,140.504)"
RJH,Shah Mokhdum,Rajshahi,Bangladesh,Asia/Dhaka,6.0,"(24.437219,88.616511)"
KYA,Konya,Konya,Turkey,America/Anchorage,-8.0,"(37.979,32.561861)"
KYU,Koyukuk Airport,Konya,Turkey,America/Anchorage,-8.0,"(64.875833,-157.730556)"
YPE,Peace River,Peace River,Canada,America/Edmonton,-6.0,"(56.226944,-117.447222)"
AAN,Al Ain International Airport,Al Ain,United Arab Emirates,Asia/Dubai,4.0,"(24.261667,55.609167)"
KSH,Shahid Ashrafi Esfahani,Kermanshah,Iran,Asia/Tehran,3.5,"(34.345853,47.158128)"
GOP,Gorakhpur Airport,Gorakhpur,India,Asia/Kolkata,5.5,"(26.739708,83.449708)"
ILM,Wilmington Intl,"Wilmington, North Carolina",United States of America,America/New_York,-4.0,"(34.270615,-77.902569)"
MNK,Maiana Airport,Maiana,Kiribati,Pacific/Tarawa,12.0,"(0.933333,173.0)"
KCP,Kamenets-podolskiy  ,Kamianets Podilski,Ukraine,Europe/Riga,3.0,"(0.0,0.0)"
UDR,Udaipur,Udaipur,India,Asia/Kolkata,5.5,"(24.617697,73.8961)"
GTA,Gatokae Airport,Gatokae,Solomon Islands,Pacific/Noumea,11.0,"(-8.75,158.2)"
LOE,Loei,Loei,Thailand,Asia/Bangkok,7.0,"(17.439133,101.722064)"
MSA,Muskrat Dam Airport,Muskrat Dam,Canada,America/Winnipeg,-5.0,"(53.4414,-91.7628)"
PUM,Pomalaa,Pomala,Indonesia,Asia/Makassar,8.0,"(-4.183333,121.61667)"
KBT,Kaben Airport,Kaben,Marshall Islands,Pacific/Wallis,12.0,"(8.90056,170.844)"
YHO,Hopedale Airport,Hopedale,Canada,America/Goose_Bay,-3.0,"(55.4483,-60.2286)"
MVY,Martha\\'s Vineyard,"Marthas Vineyard, Massachusetts",United States of America,America/New_York,-4.0,"(41.391667,-70.615278)"
KBL,Kabul International,Kabul,Afghanistan,Asia/Kabul,4.5,"(34.565853,69.212328)"
SFS,Subic Bay International Airport,Subic Bay,Philippines,Asia/Manila,8.0,"(14.7944,120.271)"
RET,Røst Airport,Rost,Norway,Europe/Oslo,2.0,"(67.5278,12.1033)"
EBU,Boutheon,Saint Etienne,France,Europe/Paris,2.0,"(45.540554,4.296389)"
MON,Glentanner,Mount Cook,New Zealand,Pacific/Auckland,12.0,"(-43.906666,170.128333)"
GTN,Glentanner,Mount Cook,New Zealand,Pacific/Auckland,12.0,"(-43.764999,170.133333)"
HOH,Hohenems,Hohenems,Austria,Europe/Vienna,2.0,"(47.385,9.7)"
DNQ,Deniliquin          ,Deniliquin,Australia,Australia/Sydney,10.0,"(0.0,0.0)"
KFA,Kiffa,Kiffa,Mauritania,Africa/Nouakchott,0.0,"(16.589983,-11.406208)"
BRZ,Brescia Railway Station,Brescia,Italy,Europe/Rome,2.0,"(45.5325,10.212778)"
ALO,Waterloo Regional Airport,"Waterloo, Iowa",United States of America,America/Chicago,-5.0,"(42.5571,-92.4003)"
BIS,Bismarck Municipal Airport,"Bismarck, ND",United States of America,America/Chicago,-5.0,"(46.775842,-100.757931)"
YDC,Princeton,Drayton Valley,Canada,America/Edmonton,-6.0,"(49.468056,-120.511389)"
MNX,Manicore,Manicore,Brazil,America/Manaus,-4.0,"(-5.811381,-61.278319)"
LAW,Lawton-Fort Sill Regional Airport,"Lawton, Oklahoma",United States of America,America/Chicago,-5.0,"(34.5677144,-98.4166367)"
PCN,Koromiko,Picton,New Zealand,Pacific/Auckland,12.0,"(-41.348333,173.955278)"
JTY,Astypalaia,Astypalea Island,Greece,Europe/Athens,3.0,"(36.579886,26.375822)"
YMN,Makkovik Airport,Makkovik,Canada,America/Goose_Bay,-3.0,"(55.0769,-59.1864)"
BEH,Southwest Michigan Regional Airport,"Benton Harbor, Michigan",United States of America,America/Detroit,-4.0,"(42.1285833,-86.4285)"
BIQ,Anglet,Biarritz,France,Europe/Paris,2.0,"(43.468419,-1.523325)"
PXO,Porto Santo,Porto Santo,Portugal,Atlantic/Madeira,1.0,"(33.073386,-16.349975)"
MNS,Mansa               ,Mansa,Zambia,Africa/Lusaka,2.0,"(0.0,0.0)"
LBU,Labuan,Labuan,Malaysia,Asia/Kuching,8.0,"(5.300683,115.250181)"
MBE,Monbetsu,Monbetsu,Japan,Asia/Tokyo,9.0,"(44.303914,143.404028)"
ABY,Southwest Georgia Regional Airport,"Albany, GA",United States of America,America/New_York,-4.0,"(31.5355,-84.1945)"
LUG,Lugano,Lugano,Switzerland,Europe/Zurich,2.0,"(46.004275,8.910578)"
QDL,Lugano railway station,Lugano,Switzerland,Europe/Zurich,2.0,"(46.005278,8.946667)"
HFS,Hagfors Airport,Hagfors,Sweden,Europe/Stockholm,2.0,"(60.020064,13.578908)"
HDH,Dillingham,"Oahu, Hawaii",United States of America,Pacific/Honolulu,-10.0,"(21.579475,-158.197281)"
MFD,Mansfield Lahm Regional,"Mansfield, OH",United States of America,America/New_York,-4.0,"(40.8214167,-82.5166389)"
KUS,Kulusuk,Kulusuk,Greenland,America/Godthab,-1.0,"(65.566667,-37.1166667)"
NNA,Kenitra,Kenitra,Marocco,Africa/Casablanca,1.0,"(34.298864,-6.595878)"
XSI,South Indian Lake Airport,South Indian Lake,Canada,America/Winnipeg,-5.0,"(56.792778,-98.907222)"
KLF,Grabtsevo,Kaluga,Russian Federation,Europe/Moscow,3.0,"(54.55,36.367)"
BGM,Greater Binghamton Edwin A Link Fld,"Binghamton, New York",United States of America,America/New_York,-4.0,"(42.208689,-75.979839)"
HCC,Columbia County,"Hudson, New York",United States of America,America/New_York,-4.0,"(42.2913,-73.7103)"
FFT,Capital City Airport,"Frankfort, Kentucky",United States of America,America/New_York,-4.0,"(38.1819722,-84.9061389)"
YPM,Pikangikum Airport,Pikangikum,Canada,America/Winnipeg,-5.0,"(51.8197,-93.9733)"
EMX,El maiten           ,El Maiten,Argentina,America/Argentina/Catamarca,-3.0,"(-42.0292,-71.1725)"
ZCA,Arnsberg Menden,Arnsberg,China,Europe/Berlin,2.0,"(51.483333,7.899333)"
RGT,Japura,Rengat,Indonesia,Asia/Jakarta,7.0,"(-0.352808,102.334917)"
ENS,Twenthe,Enschede,Netherlands (Holland),Europe/Amsterdam,2.0,"(52.27,6.874167)"
CMJ,Cimei Airport,Chi Mei,Taiwan,Asia/Taipei,8.0,"(23.266667,119.666667)"
YYH,Taloyoak,Taloyoak,Canada,America/Cambridge_Bay,-6.0,"(69.546667,-93.576667)"
TNO,Cabo Velas Airport,Tamarindo,Costa Rica,America/Costa_Rica,-6.0,"(10.3557,-85.852892)"
SAF,Santa Fe Muni,"Santa Fe, New Mexico",United States of America,America/Denver,-6.0,"(35.617108,-106.089422)"
FRM,Fairmont            ,"Fairmont, Minnesota",United States of America,America/Chicago,-5.0,"(43.64384,-94.4158)"
TOM,Tombouctou,Tombouctou,Mali,Africa/Bamako,0.0,"(16.730458,-3.007583)"
LNJ,Lincang Airport,Lincang,China,Asia/Shanghai,8.0,"(23.738333,100.025)"
YQB,Quebec Jean Lesage Intl,Quebec,Canada,America/Montreal,-4.0,"(46.791111,-71.393333)"
BQC,SAINTE FOY BUS STATION,Quebec,Canada,America/Montreal,-4.0,"(0.0,0.0)"
ANN,Annette Island,"Annette Island, Alaska",United States of America,America/Metlakatla,-8.0,"(55.042436,-131.572233)"
PJC,Dr. Augusto Roberto Fuster International Airport,Pedro Juan Caball,Paraguay,America/Asuncion,-3.0,"(-22.641389,-55.829722)"
SPS,Sheppard Afb Wichita Falls Muni,"Wichita Falls, Texas",United States of America,America/Chicago,-5.0,"(33.988797,-98.491894)"
BAX,Barnaul,Barnaul,Russian Federation,Asia/Omsk,6.0,"(53.361107,83.547637)"
STP,London St Pancras,"Saint Paul, Minnesota",United States of America,America/Chicago,-5.0,"(51.53,-0.125)"
MXN,Ploujean,Morlaix,France,Europe/Paris,2.0,"(48.603222,-3.815783)"
VHC,Saurimo,Saurimo,Angola,Africa/Luanda,1.0,"(-9.689067,20.431875)"
MQX,Makale,Makale,Ethiopia,Africa/Addis_Ababa,3.0,"(13.467367,39.533464)"
MNA,Melangguane         ,Melangguane,Indonesia,Asia/Makassar,8.0,"(4.00694,126.673)"
TFF,Tefe,Tefe,Brazil,America/Manaus,-4.0,"(-3.382944,-64.724056)"
STV,Surat,Surat,India,Asia/Kolkata,5.5,"(21.114061,72.741792)"
MWB,Morawa Airport,Morawa,Australia,Australia/Perth,8.0,"(-29.211,116.009)"
MPA,Katima Mulilo Airport,Mpacha,Namibia,Africa/Windhoek,2.0,"(-17.6344,24.1767)"
TGT,Tanga,Tanga,Tanzania,Africa/Dar_es_Salaam,3.0,"(-5.092358,39.071158)"
DBM,Debre Marqos,Debra Marcos,Ethiopia,Africa/Addis_Ababa,3.0,"(10.316667,37.733333)"
TOL,Toledo,"Toledo, Ohio",United States of America,America/New_York,-4.0,"(41.586806,-83.807833)"
TDZ,Toledo apt          ,"Toledo, Ohio",United States of America,America/New_York,-4.0,"(41.56459,-83.4768)"
NOG,Nogales Intl,Nogales,Mexico,America/Hermosillo,-7.0,"(31.226083,-110.975831)"
CNC,Coconut Island Airport,Coconut Island,Australia,Australia/Brisbane,10.0,"(-10.05,143.07)"
ALR,Alexandra,Alexandra,New Zealand,Pacific/Auckland,12.0,"(-45.211666,169.373333)"
CUU,General R Fierro Villalobos Intl,Chihuahua,Mexico,America/Chihuahua,-6.0,"(28.702875,-105.964567)"
FTE,El Calafate,El Calafate,Argentina,America/Argentina/Rio_Gallegos,-3.0,"(-50.280322,-72.053103)"
RSD,Rock Sound,Rock Sound,Bahamas,America/Nassau,-4.0,"(24.8917,-76.177739)"
NDM,Mendi               ,Mendi,Ethiopia,Africa/Addis_Ababa,3.0,"(9.767,35.1)"
ELS,East London,East London,South Africa,Africa/Johannesburg,2.0,"(-33.035569,27.825939)"
BVM,Belmonte            ,Belmonte,Brazil,America/Bahia,-3.0,"(-15.8717,-38.8719)"
CAE,Columbia Metropolitan,"Columbia, South Carolina",United States of America,America/New_York,-4.0,"(33.938833,-81.119528)"
FUL,Fullerton Municipal Airport,"Fullerton, California",United States of America,America/Los_Angeles,-7.0,"(33.521925,-117.584722)"
TOT,Totness Airstrip,Totness,Surinam,America/Paramaribo,-3.0,"(5.865833,-56.3275)"
PZE,Penzance Heliport,Penzance,Great Britain (United Kingdom),Europe/London,1.0,"(50.1281,-5.51845)"
IPI,San Luis,Ipiales,Colombia,America/Bogota,-5.0,"(0.861925,-77.671764)"
IIS,Nissan Island Airport,Nissan Island,Papua New Guinea,Asia/Vladivostok,10.0,"(-4.49972,154.226)"
YAM,Sault Ste Marie,Sault Ste Marie,Canada,America/Toronto,-4.0,"(46.485001,-84.509445)"
NSH,Noshahr Airport,Now Shahr,Iran,Asia/Tehran,3.5,"(36.663333,51.464722)"
SDE,Santiago Del Estero,Santiago,Argentina,America/Argentina/Cordoba,-3.0,"(-27.765617,-64.310122)"
MSS,Massena Intl Richards Fld,"Massena, New York",United States of America,America/New_York,-4.0,"(44.935833,-74.845547)"
FRO,Floro,Floro,Norway,Europe/Oslo,2.0,"(61.583611,5.024722)"
STZ,Confresa Airport,Santa Terezinha,Brazil,America/Cuiaba,-4.0,"(-10.47,-50.502778)"
MHK,Manhattan Reigonal,"Manhattan, Kansas",United States of America,America/Chicago,-5.0,"(39.140972,-96.670833)"
IVR,Inverell,Inverell,Australia,Australia/Sydney,10.0,"(-29.888333,151.144167)"
CPV,Presidente Joao Suassuna,Campina Grande,Brazil,America/Fortaleza,-3.0,"(-7.269917,-35.896364)"
HAK,Meilan,Haikou,China,Asia/Chongqing,8.0,"(19.934856,110.458961)"
XTG,Thargomindah Airport,Thargomindah,Australia,Australia/Brisbane,10.0,"(-27.9864,143.811)"
ЖЕЗ,ZHELEZNOGORSK,Zheleznogorsk-Ilimsky,Russian Federation,Asia/Irkutsk,8.0,"(56.584848,104.114292)"
TKJ,Tok Junction Airport,"Tok, Alaska",United States of America,America/Anchorage,-8.0,"(63.329444,-142.953611)"
TGN,Traralgon           ,Traralgon,Australia,Australia/Melbourne,10.0,"(0.0,0.0)"
ZEL,Bella Bella Airport,Bella Bella,Canada,America/Vancouver,-7.0,"(52.139722,-128.063611)"
WUD,Wudinna             ,Wudinna,Australia,Australia/Adelaide,9.5,"(-33.0433,135.44701)"
JHG,Jinghong,Jinghong,China,Asia/Chongqing,8.0,"(21.973914,100.759611)"
WTS,Tsiroanomandidy Airport,Tsiroanomandidy,Madagascar,Indian/Antananarivo,3.0,"(-18.75,46.05)"
VRA,Juan Gualberto Gómez,Varadero,Cuba,America/Havana,-4.0,"(23.034445,-81.435278)"
HYD,Rajiv Gandhi ,Hyderabad,India,Asia/Kolkata,5.5,"(17.240273,78.429379)"
IXK,Keshod,Keshod,India,Asia/Kolkata,5.5,"(21.317069,70.270403)"
SJY,Seinäjoki Airport,Seinajoki,Finland,Europe/Helsinki,3.0,"(62.6921,22.8323)"
MHE,Mitchell            ,"Mitchell, SD",United States of America,America/Cancun,-5.0,"(43.77471,-98.03841)"
FTA,Futuna Airport,Futuna Island,Vanuatu,Pacific/Efate,11.0,"(-19.5164,170.232)"
TRS,Ronchi Dei Legionari,Trieste,Italy,Europe/Rome,2.0,"(45.8275,13.472222)"
TXB,RAILWAY STATION,Trieste,Italy,Europe/Rome,2.0,"(0.0,0.0)"
OBX,Obo Airport,Obo,Papua New Guinea,Asia/Vladivostok,10.0,"(-7.583,141.317)"
EVW,Evanston,"Evanston, Wyoming",United States of America,America/Denver,-6.0,"(41.27467,-111.03268)"
VYS,Illinois Valley Regional,"Peru, Illinois",United States of America,America/Cancun,-5.0,"(41.351944,-89.153056)"
REU,Reus,Reus,Spain,Europe/Madrid,2.0,"(41.147392,1.167172)"
PRN,Pristina,Pristina,Serbia,Europe/Belgrade,2.0,"(42.572778,21.035833)"
SHR,Sheridan County Airport,"Sheridan, Wyoming",United States of America,America/Denver,-6.0,"(44.7692,-106.98)"
IXE,Mangalore,Mangalore,India,Asia/Kolkata,5.5,"(12.961267,74.890069)"
MFT,Machu Pichu Airport,Machu Picchu,Peru,America/Panama,-5.0,"(-13.1167,-72.5667)"
UTC,Soesterberg,Utrecht,Netherlands (Holland),Europe/Amsterdam,2.0,"(52.1273,5.27619)"
CMU,Chimbu Airport,Kundiawa,Papua New Guinea,Pacific/Port_Moresby,10.0,"(-6.02429,144.971)"
JRH,Jorhat,Jorhat,India,Asia/Kolkata,5.5,"(26.731528,94.175536)"
SIS,Sishen,Sishen,South Africa,Africa/Johannesburg,2.0,"(-27.648606,22.999278)"
MMD,Minami Daito,Minami Daito,Japan,Asia/Tokyo,9.0,"(25.846533,131.263494)"
MZJ,Pinal Airpark,"Marana, Arizona",United States of America,America/Phoenix,-7.0,"(32.509722,-111.325278)"
EXI,Excursion Inlet Seaplane Base,"Excursion Inlet, Alaska",United States of America,America/Anchorage,-8.0,"(58.420556,-135.449167)"
ONJ,Odate Noshiro Airport,Odate Noshiro,Japan,Asia/Tokyo,9.0,"(40.1919,140.371)"
MKP,Makemo,Makemo,French Polynesia,Pacific/Tahiti,-10.0,"(-16.583919,-143.658369)"
PLL,Ponta Pelada Airport,Ponta Pelada,Brazil,America/Manaus,-4.0,"(-3.14604,-59.9863)"
MFE,Mc Allen Miller Intl,"McAllen, Texas",United States of America,America/Chicago,-5.0,"(26.175833,-98.238611)"
KWJ,Gwangju,Gwangju,Korea (South),Asia/Seoul,9.0,"(35.126389,126.808889)"
XNJ,GWANGJU SONGJEONG,Gwangju,Korea (South),Asia/Seoul,9.0,"(35.137844,126.790233)"
DBA,Dalbandin Airport,Dalbandin,Pakistan,Asia/Karachi,5.0,"(28.8783,64.3998)"
IQN,Qingyang Airport,Qingyang,China,Asia/Chongqing,8.0,"(35.7997,107.603)"
IOA,Ioannina,Ioannina,Greece,Europe/Athens,3.0,"(39.696388,20.8225)"
FEG,Fergana Airport,Fargona,Uzbekistan,Asia/Tashkent,5.0,"(40.3588,71.745)"
CEJ,Chernigov,Chernihiv,Ukraine,Europe/Kiev,3.0,"(51.24,31.09)"
CLV,Caldas Novas,Caldas Novas,Brazil,America/Sao_Paulo,-3.0,"(-17.7267,-48.6114)"
GRY,Grímsey Airport,Grimsey,Iceland,Atlantic/Reykjavik,0.0,"(66.5547,-18.0175)"
BMA,Bromma,Stockholm,Sweden,Europe/Stockholm,2.0,"(59.354372,17.94165)"
NYO,Skavsta,Stockholm,Sweden,Europe/Stockholm,2.0,"(58.788636,16.912189)"
ARN,Arlanda,Stockholm,Sweden,Europe/Stockholm,2.0,"(59.651944,17.918611)"
VST,Vasteras,Stockholm,Sweden,Europe/Stockholm,2.0,"(59.589444,16.633611)"
FYV,Drake Fld,"Fayetteville, Arkansas",United States of America,America/Chicago,-5.0,"(36.005094,-94.170059)"
XNA,NW Arkansas Regional,"Fayetteville, Arkansas",United States of America,America/Chicago,-5.0,"(36.2818694,-94.3068111)"
FWA,Fort Wayne,"Fort Wayne, IN",United States of America,America/Indiana/Indianapolis,-4.0,"(40.978472,-85.195139)"
SMD,Smith Fld,"Fort Wayne, IN",United States of America,America/Indiana/Indianapolis,-4.0,"(41.143353,-85.152778)"
YCC,Cornwall Regional Airport,Cornwall,Canada,America/Toronto,-4.0,"(45.092778,-74.567778)"
EPR,Esperance Airport,Esperance,Australia,Australia/Perth,8.0,"(-33.6844,121.823)"
LGP,Legazpi,Legaspi,Philippines,Asia/Manila,8.0,"(13.157064,123.746247)"
HJR,Khajuraho,Khajuraho,India,Asia/Kolkata,5.5,"(24.817197,79.918597)"
SVI,Eduardo Falla Solano,San Vicente,Colombia,America/Bogota,-5.0,"(2.152175,-74.76635)"
HIN,Sacheon Air Base,Jinju,Korea (South),Asia/Seoul,9.0,"(35.088543,128.07037)"
TOE,Nefta,Tozeur,Tunisia,Africa/Tunis,1.0,"(33.939722,8.110556)"
ALH,Albany Airport,Albany,Australia,Australia/Perth,8.0,"(-34.9433,117.809)"
SHV,Shreveport Rgnl,"Shreveport, Louisiana",United States of America,America/Chicago,-5.0,"(32.446629,-93.8256)"
BAD,Barksdale Afb,"Shreveport, Louisiana",United States of America,America/Chicago,-5.0,"(32.50182,-93.662674)"
YRL,Red Lake Airport,Red Lake,Canada,America/Winnipeg,-5.0,"(51.0669,-93.7931)"
BUN,Gerardo Tobar Lopez,Buenaventura,Colombia,America/Bogota,-5.0,"(3.819628,-76.989767)"
CPC,Aviador C Campos,San Martin De Los Andes,Argentina,America/Argentina/Salta,-3.0,"(-40.075383,-71.137294)"
QKT,Wevelgem,Kangaamiut,Greenland,America/Montevideo,-3.0,"(50.817222,3.204722)"
XES,Grand Geneva Resort Airport,"Lake Geneva, Wisconsin",United States of America,America/Chicago,-5.0,"(42.6149167,-88.3895833)"
FRC,Franca Airport,Franca,Brazil,America/Sao_Paulo,-3.0,"(-20.538611,-47.400833)"
LXS,Limnos,Limnos,Greece,Europe/Athens,3.0,"(39.917072,25.236308)"
KLS,Kelso Longview,"Kelso, Washington",United States of America,America/Los_Angeles,-7.0,"(46.118,-122.898389)"
LMA,Lake minchumina     ,"Lake Minchumina, Alaska",United States of America,America/Anchorage,-8.0,"(0.0,0.0)"
CIX,Capt Jose A Quinones Gonzales Intl,Chiclayo,Peru,America/Lima,-5.0,"(-6.787475,-79.828097)"
YQM,Greater Moncton Intl,Moncton,Canada,America/Moncton,-3.0,"(46.112221,-64.678611)"
YWG,Winnipeg Intl,Winnipeg,Canada,America/Winnipeg,-5.0,"(49.910036,-97.239886)"
YFH,Fort Hope Airport,Fort Hope,Canada,America/Toronto,-4.0,"(51.5619,-87.9078)"
BZA,Bonanza Airport,Bonanza,Nicaragua,America/Managua,-6.0,"(14.041667,-84.630556)"
RSI,Rio Sidra,Rio Sidra,Panama,America/Panama,-5.0,"(8.966667,-80.333336)"
CCL,Chinchilla,Chinchilla,Australia,Australia/Brisbane,10.0,"(-26.769444,150.616667)"
RSJ,Rosario Seaplane Base,"Rosario, Washington",United States of America,America/Detroit,-4.0,"(48.645556,-122.868056)"
KQA,Akutan Seaplane Base,"Akutan, Alaska",United States of America,America/Anchorage,-8.0,"(54.1325,-165.785)"
AFT,Afutara Airport,Afutara,Solomon Islands,Pacific/Guadalcanal,11.0,"(-9.183056,160.949722)"
TYL,Capitan Montes,Talara,Peru,America/Lima,-5.0,"(-4.576639,-81.254139)"
MBX,Maribor,Maribor,Slovenia,Europe/Ljubljana,2.0,"(46.479861,15.686131)"
MSB,Avtobusna postaja Maribor,Maribor,Slovenia,Europe/Ljubljana,2.0,"(46.5596269,15.6554238)"
ZGC,Zagreb Bus Station,Zagreb,Croatia,Europe/Zagreb,2.0,"(45.8031,15.994173)"
ZAG,Zagreb,Zagreb,Croatia,Europe/Zagreb,2.0,"(45.742931,16.068778)"
OHH,Okha Airport,Okha,Russian Federation,Asia/Sakhalin,11.0,"(53.583333,142.933333)"
LQM,Caucaya Airport,Puerto Leguizamo,Colombia,America/Bogota,-5.0,"(-0.18,-74.77)"
URS,Kursk East Airport,Kursk,Russian Federation,Europe/Moscow,3.0,"(51.7506,36.2956)"
MUW,Ghriss,Mascara,Algeria,Africa/Algiers,1.0,"(35.207725,0.147142)"
PMQ,Perito Moreno,Perito Moreno,Argentina,America/Argentina/Rio_Gallegos,-3.0,"(-46.537911,-70.978689)"
DGP,Daugavpils          ,Daugavpils,Latvia,Europe/Riga,3.0,"(0.0,0.0)"
YKS,Yakutsk,Yakutsk,Russian Federation,Asia/Yakutsk,9.0,"(62.09325,129.770672)"
CAL,Campbeltown Airport,Campbeltown,Great Britain (United Kingdom),Europe/London,1.0,"(55.4372,-5.68639)"
WGA,Wagga Wagga,Wagga Wagga,Australia,Australia/Sydney,10.0,"(-35.165278,147.466389)"
HTA,Kadala,Chita,Russian Federation,Asia/Yakutsk,9.0,"(52.026317,113.305556)"
HLZ,Hamilton,Hamilton,New Zealand,Pacific/Auckland,12.0,"(-37.866661,175.332056)"
ACT,Waco Rgnl,"Waco, Texas",United States of America,America/Chicago,-5.0,"(31.611289,-97.230519)"
CNW,Tstc Waco,"Waco, Texas",United States of America,America/Chicago,-5.0,"(31.637831,-97.074139)"
COC,Comodoro Pierrestegui,Concordia,Argentina,America/Argentina/Cordoba,-3.0,"(-31.296944,-57.996631)"
SZA,Soyo,Soyo,Angola,Africa/Luanda,1.0,"(-6.141086,12.371764)"
PMB,Pembina Muni,"Pembina, North Dakota",United States of America,America/Winnipeg,-5.0,"(48.942501,-97.240833)"
TUI,Turaif,Turaif,Saudi Arabia,Asia/Riyadh,3.0,"(31.692683,38.7312)"
DNM,Denham              ,Denham,Australia,Australia/Perth,8.0,"(-25.8939,113.577)"
OKD,Okadama Airport,Sapporo,Japan,Asia/Tokyo,9.0,"(43.1161,141.38)"
CTS,New Chitose,Sapporo,Japan,Asia/Tokyo,9.0,"(42.7752,141.692283)"
ASB,Ashgabat,Asgabat,Turkmenistan,Asia/Ashgabat,5.0,"(37.986814,58.360967)"
YXT,Terrace,Terrace,Canada,America/Vancouver,-7.0,"(54.468508,-128.576219)"
HTI,Hamilton Island Airport,Hamilton Island,Australia,Australia/Lindeman,10.0,"(-20.3581,148.952)"
YEM,Manitoulin East,Manitowaning,Canada,America/Toronto,-4.0,"(45.8425,-81.8575)"
LNK,Lincoln,"Lincoln, NE",United States of America,America/Chicago,-5.0,"(40.850971,-96.75925)"
MGT,Milingimbi Airport,Milingimbi,Australia,Australia/Darwin,9.5,"(-12.0944,134.894)"
YSB,Sudbury,Sudbury,Canada,America/Toronto,-4.0,"(46.625,-80.798889)"
SSG,Malabo,Malabo,Equatorial Guinea,Africa/Malabo,1.0,"(3.755267,8.708717)"
OLA,Orland,Orland,Norway,Europe/Oslo,2.0,"(63.698908,9.604003)"
DLO,Dolomi              ,"Dolomi, Alaska",United States of America,America/Anchorage,-8.0,"(0.0,0.0)"
CGA,Craig Seaplane Base,"Craig, Alaska",United States of America,America/Anchorage,-8.0,"(55.478889,-133.147778)"
PUG,Port Augusta Airport,Port Augusta,Australia,Australia/Adelaide,9.5,"(-32.506944,137.716667)"
ECA,Iosco County,"East Tawas, Michigan",United States of America,America/Detroit,-4.0,"(44.311,-83.422)"
BQE,Bubaque             ,Bubaque,Guinea-Bissau,Africa/Bissau,0.0,"(11.29736,-15.83808)"
WPU,Guardiamarina Zanartu Airport,Puerto Williams,Chili,America/Santiago,-4.0,"(-54.9311,-67.6263)"
TWU,Tawau,Tawau,Malaysia,Asia/Kuching,8.0,"(4.313369,118.121953)"
EEM,ALBACETE RAIL STATION,Albacete,Spain,Europe/Madrid,2.0,"(0.0,0.0)"
ZSE,St Pierre Pierrefonds,St Pierre De La Reunion,Reunion,Indian/Reunion,4.0,"(-21.320039,55.423581)"
STM,Santarem,Santarem,Brazil,America/Santarem,-3.0,"(-2.422431,-54.792789)"
NNX,Nunukan Airport,Nunukan,Indonesia,Asia/Makassar,8.0,"(4.13653,117.667)"
CBV,Coban,Coban,Guatemala,America/Guatemala,-6.0,"(15.468958,-90.406742)"
JOL,Jolo Airport,Jolo,Philippines,Asia/Manila,8.0,"(6.05367,121.011)"
BOD,Merignac,Bordeaux,France,Europe/Paris,2.0,"(44.828335,-0.715556)"
ZFQ,Saint jean railway stn,Bordeaux,France,Europe/Paris,2.0,"(0.0,0.0)"
CIC,Chico Muni,"Chico, CA",United States of America,America/Los_Angeles,-7.0,"(39.795383,-121.858422)"
PDV,Krumovo,Plovdiv,Bulgaria,Europe/Sofia,3.0,"(42.067806,24.850833)"
MYT,Myitkyina,Myitkyina,Myanmar,Asia/Rangoon,6.5,"(25.383636,97.351919)"
MRO,Masterton,Masterton,New Zealand,Pacific/Auckland,12.0,"(-40.973333,175.633611)"
FBM,Lubumbashi Intl,Lubumbashi,"Congo, Democratic Republic of the",Africa/Lubumbashi,2.0,"(-11.591333,27.530889)"
MLE,Ibrahim Nasir,Male,Maldives,Indian/Maldives,5.0,"(4.191833,73.529128)"
YAO,Yaounde Ville,Yaounde,Cameroon,Africa/Douala,1.0,"(3.836039,11.523461)"
NSI,Yaounde Nsimalen,Yaounde,Cameroon,Africa/Douala,1.0,"(3.722556,11.553269)"
LFT,Lafayette Rgnl,"Lafayette, Louisiana",United States of America,America/Chicago,-5.0,"(30.205278,-91.987611)"
WNP,Naga Airport,Naga,Philippines,Asia/Manila,8.0,"(13.584886,123.270239)"
YVG,Vermilion,Vermilion,Canada,America/Edmonton,-6.0,"(53.355833,-110.82389)"
YIV,Island Lake Airport,Island Lk Garden,Canada,America/Winnipeg,-5.0,"(53.8572,-94.6536)"
JMS,Jamestown Regional Airport,"Jamestown, North Dakota",United States of America,America/Chicago,-5.0,"(46.9297,-98.6782)"
FEN,Fernando De Noronha,Fernando De Noron,Brazil,America/Noronha,-2.0,"(-3.854928,-32.423336)"
SOP,Moore County Airport,"Southern Pines, North Carolina",United States of America,America/Detroit,-4.0,"(35.2376111,-79.3887958)"
OOK,Toksook Bay Airport,"Toksook Bay, Alaska",United States of America,America/Nome,-8.0,"(60.541389,-165.087222)"
XBE,Bearskin Lake Airport,Bearskin Lake,Canada,America/Winnipeg,-5.0,"(53.9656,-91.0272)"
CVI,Caleta Olivia,Caleta Olivia,Argentina,America/Paramaribo,-3.0,"(-46.4333,-67.5333)"
CLC,Clear Lake Metroport,"Clearlake, Texas",United States of America,America/Winnipeg,-5.0,"(29.5569,-95.137497)"
HEH,Heho,Heho,Myanmar,Asia/Rangoon,6.5,"(20.747036,96.792044)"
SSH,Sharm El Sheikh International,Sharm El Sheikh,Egypt,Africa/Cairo,3.0,"(27.977222,34.394722)"
BFN,Bloemfontein Intl,Bloemfontein,South Africa,Africa/Johannesburg,2.0,"(-29.092722,26.302444)"
YFR,Fort Resolution,Fort Resolution,Canada,America/Yellowknife,-6.0,"(61.180832,-113.689722)"
ZIN,Air Base,Interlaken,Switzerland,Europe/Monaco,2.0,"(46.6766,7.87908)"
ZDN,Brno bus            ,Brno,Czech Republic,Europe/Prague,2.0,"(0.0,0.0)"
BRQ,Turany,Brno,Czech Republic,Europe/Prague,2.0,"(49.151269,16.694433)"
RKP,Aransas County Airport,"Rockport, Texas",United States of America,America/Chicago,-5.0,"(28.0862222,-97.0436944)"
WMH,Mountain home       ,"Mountain Home, Arkansas",United States of America,America/Chicago,-5.0,"(0.0,0.0)"
LKS,Sazena,"Lakeside, Texas",United States of America,America/Resolute,-5.0,"(50.1929,14.1532)"
VDZ,Valdez Pioneer Fld,"Valdez, Alaska",United States of America,America/Anchorage,-8.0,"(61.133949,-146.248342)"
OAK,Metropolitan Oakland Intl,"Oakland, California",United States of America,America/Los_Angeles,-7.0,"(37.721278,-122.220722)"
ORN,Es Senia,Oran,Algeria,Africa/Algiers,1.0,"(35.623858,-0.621183)"
TAF,Oran Tafraoui Airport,Oran,Algeria,Africa/Algiers,1.0,"(35.542444,-0.532278)"
YWJ,Deline,Deline,Canada,America/Yellowknife,-6.0,"(65.1833333,-125.4166667)"
ATJ,Antsirabe,Antsirabe,Madagascar,Indian/Antananarivo,3.0,"(-19.836944,47.065278)"
MTC,Selfridge Angb,"Mount Clemens, Michigan",United States of America,America/Detroit,-4.0,"(42.608333,-82.8355)"
AJU,Santa Maria,Aracaju,Brazil,America/Maceio,-3.0,"(-10.984,-37.070333)"
YWY,Wrigley,Wrigley,Canada,America/Yellowknife,-6.0,"(63.209444,-123.436667)"
CGY,Cagayan De Oro,Cagayan De Oro,Philippines,Asia/Manila,8.0,"(8.415619,124.611219)"
DNR,Pleurtuit,Dinard,France,Europe/Paris,2.0,"(48.587683,-2.079958)"
TAN,Taunton Municipal Airport - King Field,Tangalooma,Australia,Australia/Brisbane,10.0,"(41.8744017,-71.0166453)"
HDF,Heringsdorf Airport,Heringsdorf,Germany,Europe/Berlin,2.0,"(53.878706,14.152347)"
DLC,Zhoushuizi,Dalian,China,Asia/Shanghai,8.0,"(38.965667,121.5386)"
MDQ,Mar Del Plata,Mar Del Plata,Argentina,America/Argentina/Buenos_Aires,-3.0,"(-37.934167,-57.573333)"
EPL,Mirecourt,Epinal,France,Europe/Paris,2.0,"(48.324961,6.069983)"
MKU,Makokou,Makokou,Gabon,Africa/Libreville,1.0,"(0.579211,12.890908)"
COH,Cooch Behar,Cooch Behar,India,Asia/Kolkata,5.5,"(26.330508,89.467203)"
KGJ,Karonga,Karonga,Malawi,Africa/Blantyre,2.0,"(-9.953569,33.893022)"
TEM,Temora,Temora,Australia,Australia/Sydney,10.0,"(-34.4248,147.5104)"
KTN,Ketchikan Intl,"Ketchikan, Alaska",United States of America,America/Sitka,-8.0,"(55.355556,-131.71375)"
WFB,Ketchikan harbor Seaplane Base,"Ketchikan, Alaska",United States of America,America/Sitka,-8.0,"(55.344444,-131.663333)"
GAX,Gamba,Gamba,Gabon,Africa/Niamey,1.0,"(-2.71016,9.96062)"
DSE,Combolcha Airport,Dessie,Ethiopia,Africa/Addis_Ababa,3.0,"(11.0825,39.7114)"
DKS,Dikson Airport,Dikson,Russian Federation,Asia/Krasnoyarsk,7.0,"(73.517807,80.379669)"
RSE,Au rose bay         ,Sydney,Australia,Australia/Sydney,10.0,"(0.0,0.0)"
SWZ,Sydney west         ,Sydney,Australia,Australia/Sydney,10.0,"(0.0,0.0)"
SYD,Sydney Intl,Sydney,Australia,Australia/Sydney,10.0,"(-33.946111,151.177222)"
BWU,Sydney Bankstown,Sydney,Australia,Australia/Sydney,10.0,"(-33.924444,150.988333)"
SKG,Makedonia,Thessaloniki,Greece,Europe/Athens,3.0,"(40.519725,22.97095)"
WKL,Waikoloa Heliport,"Waikoloa, Hawaii",United States of America,Pacific/Honolulu,-10.0,"(19.9136,-155.864)"
FRN,Bryant Ahp,"Fort Richardson, Alaska",United States of America,America/Anchorage,-8.0,"(61.266381,-149.653119)"
ONQ,Zonguldak,Zonguldak,Turkey,Europe/Istanbul,3.0,"(41.506111,32.088611)"
MGW,Morgantown Muni Walter L Bill Hart Fld,"Morgantown, West Virginia",United States of America,America/New_York,-4.0,"(39.642908,-79.916314)"
VDE,Hierro,Valverde,Spain,Atlantic/Canary,1.0,"(27.814847,-17.887056)"
YJN,St Jean,Saint Jean,Canada,America/Montreal,-4.0,"(45.294445,-73.281111)"
INJ,Hillsboro Muni,Injune,Australia,Australia/Brisbane,10.0,"(32.083486,-97.097228)"
YHC,Vancouver Harbour Water Airport,Hakai Pass,Canada,,,"(49.2944,-123.111)"
NRD,Norderney,Norderney,Germany,Europe/Berlin,2.0,"(53.706822,7.230247)"
NFL,Fallon Nas,"Fallon, Nevada",United States of America,America/Los_Angeles,-7.0,"(39.416584,-118.70098)"
WHF,Wadi Halfa Airport,Wadi Halfa,Sudan,Africa/Khartoum,2.0,"(21.800278,31.516389)"
MVL,Morrisville Stowe State Airport,"Stowe, Vermont",United States of America,America/New_York,-4.0,"(44.535,-72.614)"
PYR,Andravida,Pyrgos,Greece,Europe/Athens,3.0,"(37.920708,21.292583)"
LCJ,Łódź Władysław Reymont Airport,Lodz,Poland,Europe/Warsaw,2.0,"(51.721881,19.398133)"
YKN,Chan Gurney,"Yankton, South Dakota",United States of America,America/Merida,-6.0,"(42.8711,-97.3969)"
HMI,Hami Airport,Hami,China,Asia/Urumqi,6.0,"(42.8414,93.6692)"
SBY,Salisbury Ocean City Wicomico Rgnl,"Salisbury, Maryland",United States of America,America/New_York,-4.0,"(38.340525,-75.510289)"
TKF,Truckee-Tahoe Airport,"Truckee, CA",United States of America,America/Vancouver,-7.0,"(39.3200422,-120.1395628)"
TSL,Tamuin,Tamuin,Mexico,America/Mexico_City,-6.0,"(22.038292,-98.806503)"
NIX,Nioro               ,Nioro,Mali,Africa/Bamako,0.0,"(15.23333,-9.35)"
EAG,Niagara falls       ,"Niagara Falls, New York",United States of America,America/New_York,-4.0,"(0.0,0.0)"
IAG,Niagara Falls Intl,"Niagara Falls, New York",United States of America,America/New_York,-4.0,"(43.107333,-78.946194)"
KUU,Kullu Manali,Kulu,India,Asia/Kolkata,5.5,"(31.876706,77.154367)"
UAK,Narsarsuaq,Narsarsuaq,Greenland,America/Godthab,-1.0,"(61.160517,-45.425978)"
BIU,Bildudalur Airport,Bildudalur,Iceland,Atlantic/Reykjavik,0.0,"(65.641389,-23.546111)"
TUG,Tuguegarao Airport,Tuguegarao,Philippines,Asia/Manila,8.0,"(17.638311,121.730614)"
DOV,Dover Afb,"Dover Cheswold, Delaware",United States of America,America/New_York,-4.0,"(39.129539,-75.465958)"
SXO,Sao Felix do Araguaia Airport,Sao Felix Do Arag,Brazil,America/Cuiaba,-4.0,"(-11.6325,-50.689444)"
DLI,Dalat,Dalat,Viet Nam,Asia/Ho_Chi_Minh,7.0,"(11.75,108.367)"
YMH,Mary's Harbour Airport,Marys Harbour,Canada,America/St_Johns,-2.5,"(52.3028,-55.8472)"
ZFN,Tulita,Tulita Fort Norman,Canada,America/Yellowknife,-6.0,"(64.0833333,-125.5833333)"
PNR,Pointe Noire,Pointe Noire,Congo,Africa/Brazzaville,1.0,"(-4.816028,11.886597)"
LBT,Municipal Airport,"Lumberton, North Carolina",United States of America,America/Montreal,-4.0,"(34.6098056,-79.0595556)"
FMY,Page Fld,"Fort Myers, Florida",United States of America,America/New_York,-4.0,"(26.586611,-81.86325)"
RSW,Southwest Florida Intl,"Fort Myers, Florida",United States of America,America/New_York,-4.0,"(26.536167,-81.755167)"
YXR,Timiskaming Rgnl,Earlton,Canada,America/Toronto,-4.0,"(47.695,-79.848889)"
ALL,Albenga,Albenga,Italy,Europe/Rome,2.0,"(44.050608,8.127428)"
BPG,Barra do garcas     ,Barra Do Garcas,Brazil,America/Cuiaba,-4.0,"(-15.86134,-52.38889)"
KAG,Gangneung,Gangneung,Korea (South),Asia/Seoul,9.0,"(37.753561,128.943625)"
BNE,Brisbane Intl,Brisbane,Australia,Australia/Brisbane,10.0,"(-27.384167,153.1175)"
UGO,Uige,Uige,Angola,Africa/Luanda,1.0,"(-7.603067,15.027822)"
ADL,Adelaide Intl,Adelaide,Australia,Australia/Adelaide,9.5,"(-34.945,138.530556)"
KRY,Karamay Airport,Karamay,China,Asia/Urumqi,6.0,"(45.617,84.883)"
,Stary Oskol,Stariy Oskol,Russian Federation,Europe/Moscow,3.0,"(51.3238572,37.766584)"
HNY,Hengyang            ,Hengyang,China,Asia/Shanghai,8.0,"(26.9053,112.628)"
WRO,Strachowice,Wroclaw,Poland,Europe/Warsaw,2.0,"(51.102683,16.885836)"
ZES,Essen Railway,Goeppingen,Germany,Europe/Monaco,2.0,"(51.451389,7.013889)"
GNS,Binaka,Gunungsitoli,Indonesia,Asia/Jakarta,7.0,"(1.166381,97.704681)"
KGX,Grayling Airport,"Grayling, Alaska",United States of America,America/Anchorage,-8.0,"(62.894444,-160.065)"
YZT,Port Hardy,Port Hardy,Canada,America/Vancouver,-7.0,"(50.680556,-127.366667)"
BWO,Balakovo Airport,Balakovo,Russian Federation,Europe/Volgograd,3.0,"(51.8583,47.7456)"
YQL,Lethbridge,Lethbridge,Canada,America/Edmonton,-6.0,"(49.630278,-112.799722)"
CVF,Courchevel Airport,Courchevel,France,Europe/Paris,2.0,"(45.3967,6.63472)"
KPS,Kempsey             ,Kempsey,Australia,Australia/Sydney,10.0,"(-31.0744,152.77)"
BRT,Bathurst Island Airport,Bathurst Island,Australia,Australia/Darwin,9.5,"(-11.769167,130.619722)"
HGA,Egal Intl,Hargeisa,Somali,Africa/Mogadishu,3.0,"(9.518167,44.088758)"
YBB,Kugaaruk,Pelly Bay,Canada,America/Cambridge_Bay,-6.0,"(68.534444,-89.808056)"
YUF,Dewline site airport,Pelly Bay,Canada,America/Cambridge_Bay,-6.0,"(0.0,0.0)"
MYI,Murray Island Airport,Murray Island,Australia,Australia/Brisbane,10.0,"(-9.91667,144.055)"
LLK,Lankaran International Airport,Lankaran,Azerbaijan,Asia/Baku,4.0,"(38.746389,48.817778)"
BED,Laurence G Hanscom Fld,"Bedford/Hanscom, Massachusetts",United States of America,America/New_York,-4.0,"(42.469953,-71.289031)"
KKH,Kongiganak Airport,"Kongiganak, Alaska",United States of America,America/Nome,-8.0,"(59.960833,-162.881111)"
TIY,Tidjikja,Tidjikja,Mauritania,Africa/Nouakchott,0.0,"(18.570103,-11.423547)"
MIE,Delaware County Airport,"Muncie, Indiana",United States of America,America/Indiana/Indianapolis,-4.0,"(40.2424722,-85.39575)"
ZAQ,Nuernberg Railway,Nurnberg,Germany,Europe/Berlin,2.0,"(49.446389,11.081944)"
NUE,Nurnberg,Nurnberg,Germany,Europe/Berlin,2.0,"(49.4987,11.066897)"
FUG,Fuyang Airport,Fuyang,China,Asia/Shanghai,8.0,"(32.9,115.816667)"
ARZ,N'zeto              ,N Zeto,Angola,Africa/Luanda,1.0,"(-7.25944,12.8631)"
BPU,Beppu Airport,Beppu,Japan,Asia/Tokyo,9.0,"(33.3,131.5333)"
SBL,Santa ana           ,Santa Ana,Bolivia,America/La_Paz,-4.0,"(-13.76221,-65.43516)"
PAY,Pamul sabah         ,Pamol,Malaysia,Asia/Kuching,8.0,"(5.9993,117.39992)"
CBH,Béchar Boudghene Ben Ali Lotfi Airport,Bechar,Algeria,Africa/Algiers,1.0,"(31.6457,-2.26986)"
DHI,Dhangarhi,Dhangarhi,Nepal,Asia/Kathmandu,5.75,"(28.753333,80.581944)"
TLN,Le Palyvestre,Toulon,France,Europe/Paris,2.0,"(43.0973,6.14603)"
ANV,Anvik Airport,"Anvik, Alaska",United States of America,America/Anchorage,-8.0,"(62.6467,-160.191)"
IBA,Ibadan,Ibadan,Nigeria,Africa/Lagos,1.0,"(7.362458,3.978333)"
MHQ,Mariehamn,Mariehamn,Finland,Europe/Mariehamn,3.0,"(60.122203,19.898156)"
MMF,Mamfe               ,Mamfe,Cameroon,Africa/Douala,1.0,"(5.71667,9.28333)"
IPG,Ipiranga            ,Ipiranga,Brazil,America/Manaus,-4.0,"(-2.93907,-69.694)"
KNS,King Island Airport,King Island,Australia,Australia/Currie,10.0,"(-39.8775,143.878)"
YAK,Yakutat,"Yakutat, Alaska",United States of America,America/Yakutat,-8.0,"(59.3012,-139.3937)"
SJC,Norman Y Mineta San Jose Intl,"San Jose, CA",United States of America,America/Los_Angeles,-7.0,"(37.3626,-121.929022)"
RHV,Reid–Hillview,"San Jose, CA",United States of America,America/Los_Angeles,-7.0,"(37.332778,-121.819722)"
BRO,Brownsville South Padre Island Intl,"Brownsville, Texas",United States of America,America/Chicago,-5.0,"(25.906833,-97.425861)"
HER,Nikos Kazantzakis,Heraklion,Greece,Europe/Athens,3.0,"(35.339719,25.180297)"
LMN,Limbang,Limbang,Malaysia,Asia/Kuching,8.0,"(4.808303,115.010439)"
BYC,Yacuiba,Yacuiba,Bolivia,America/La_Paz,-4.0,"(-21.960925,-63.651669)"
AKG,Anguganak           ,Anguganak,Papua New Guinea,Asia/Vladivostok,10.0,"(-3.5928,142.25452)"
PSI,Pasni,Pasni,Pakistan,Asia/Karachi,5.0,"(25.290487,63.345083)"
RGI,Rangiroa,Rangiroa,French Polynesia,Pacific/Tahiti,-10.0,"(-14.954283,-147.6608)"
SJL,Sao Gabriel da Cachoeira Airport,Sao Gabriel,Brazil,America/Manaus,-4.0,"(-0.148056,-66.9858)"
SCE,University Park Airport,"State College, PA",United States of America,America/New_York,-4.0,"(40.849278,-77.848694)"
AOL,Paso De Los Libres,Paso De Los Libres,Argentina,America/Argentina/Cordoba,-3.0,"(-29.689425,-57.152078)"
CHR,Deols,Chateauroux,France,Europe/Paris,2.0,"(46.862194,1.730667)"
CCZ,Chub Cay,Chub Cay,Bahamas,America/Nassau,-4.0,"(25.417108,-77.88085)"
YVC,La Ronge,La Ronge,Canada,America/Regina,-6.0,"(55.15139,-105.261944)"
UEL,Quelimane,Quelimane,Mozambique,Africa/Maputo,2.0,"(-17.8555,36.869106)"
PTF,Malolo Lailai Island Airport,Malololailai,Fiji,Pacific/Fiji,12.0,"(-17.7779,177.197)"
APO,Apartadó Airport,Apartado,Colombia,America/Bogota,-5.0,"(7.033,-77.2)"
BZZ,Brize Norton,Brize Norton,Great Britain (United Kingdom),Europe/London,1.0,"(51.749964,-1.583617)"
CVM,General Pedro Jose Mendez Intl,Ciudad Victoria,Mexico,America/Monterrey,-6.0,"(23.703336,-98.956486)"
FFD,Fairford,Fairford,Great Britain (United Kingdom),Europe/London,1.0,"(51.682167,-1.790028)"
PBL,General Bartolome Salom Intl,Puerto Cabello,Venezuela,America/Caracas,-4.0,"(10.4805,-68.073025)"
AGJ,Aguni Airport,Aguni,Japan,Asia/Tokyo,9.0,"(26.592778,127.240278)"
ZRM,Sarmi               ,Sarmi,Indonesia,Asia/Jayapura,9.0,"(0.0,0.0)"
GRI,Central Nebraska Regional Airport,"Grand Island, Nebraska",United States of America,America/Chicago,-5.0,"(40.9675,-98.3096)"
KLW,Klawock Airport,"Klawock, Alaska",United States of America,America/Sitka,-8.0,"(55.579167,-133.076111)"
AQC,Klawock Seaplane Base,"Klawock, Alaska",United States of America,America/Sitka,-8.0,"(55.554658,-133.101693)"
LTM,Lethem,Lethem,Guyana,America/Guyana,-4.0,"(3.372761,-59.789439)"
APL,Nampula,Nampula,Mozambique,Africa/Maputo,2.0,"(-15.105611,39.2818)"
TGU,Toncontin Intl,Tegucigalpa,Honduras,America/Tegucigalpa,-6.0,"(14.060883,-87.217197)"
XPL,Palmerola Intl.,Tegucigalpa,Honduras,America/Tegucigalpa,-6.0,"(14.3825,-87.621111)"
LHS,Las Heras Airport,Las Heras,Argentina,America/Argentina/Rio_Gallegos,-3.0,"(-46.533056,-68.951111)"
NAM,Namlea              ,Namlea,Indonesia,Asia/Jayapura,9.0,"(-3.25,127.08333)"
ZPR,BUS STATION,Rosenheim,Germany,Europe/Berlin,2.0,"(0.0,0.0)"
AUF,Branches,Auxerre,France,Europe/Paris,2.0,"(47.850193,3.497111)"
MMZ,Maimana,Maimana,Afghanistan,Asia/Kabul,4.5,"(35.930789,64.760917)"
IAM,In Amenas,In Amenas,Algeria,Africa/Algiers,1.0,"(28.05155,9.642911)"
HVA,Analalava,Analalava,Madagascar,Indian/Antananarivo,3.0,"(-14.629694,47.763783)"
YNZ,Yancheng Airport,Yancheng,China,Asia/Shanghai,8.0,"(33.3856,120.125)"
FMI,Kalemie,Kalemie,"Congo, Democratic Republic of the",Africa/Lubumbashi,2.0,"(-5.875556,29.25)"
TJH,Tajima Airport,Toyooka,Japan,Asia/Tokyo,9.0,"(35.512778,134.786944)"
XKH,Xieng Khouang,Xieng Khouang,Lao People's Democratic Republic,Asia/Vientiane,7.0,"(19.449997,103.158333)"
BON,Flamingo,Bonaire,"Bonaire, Saint Eustatius and Saba",America/Kralendijk,-4.0,"(12.131044,-68.268511)"
TIF,Taif,Taif,Saudi Arabia,Asia/Riyadh,3.0,"(21.483418,40.544334)"
UIT,Jaluit Airport,Jaluit Island,Marshall Islands,Pacific/Wallis,12.0,"(5.90924,169.637)"
BBM,Battambang Airport,Battambang,Cambodia,Asia/Phnom_Penh,7.0,"(13.0956,103.224)"
TUC,Teniente Benjamin Matienzo,Tucuman,Argentina,America/Argentina/Tucuman,-3.0,"(-26.840861,-65.104944)"
MVF,Dix Sept Rosado Airport,Mossoro,Brazil,America/Fortaleza,-3.0,"(-5.20192,-37.3643)"
CTY,Cross City,"Cross City, Florida",United States of America,America/New_York,-4.0,"(29.6355278,-83.10475)"
ZWA,Andapa,Andapa,Madagascar,Indian/Antananarivo,3.0,"(-14.651667,49.620556)"
ELD,South Arkansas Rgnl At Goodwin Fld,"El Dorado, Arkansas",United States of America,America/Chicago,-5.0,"(33.220972,-92.813278)"
SWD,Seward Airport,"Seward, Alaska",United States of America,America/Anchorage,-8.0,"(60.1269383,-149.4188122)"
CEN,Ciudad Obregon Intl,Ciudad Obregon,Mexico,America/Hermosillo,-7.0,"(27.392639,-109.833111)"
JWA,Jwaneng,Jwaneng,Botswana,Africa/Gaborone,2.0,"(-24.602333,24.690971)"
MAX,Ouro Sogui Airport,Matam,Senegal,Africa/Dakar,0.0,"(15.593611,-13.322778)"
IWD,Gogebic Iron County Airport,"Ironwood, MI",United States of America,America/Menominee,-5.0,"(46.5274747,-90.1313967)"
LGU,Logan-Cache,"Logan, Utah",United States of America,America/Denver,-6.0,"(41.791,-111.852)"
SRX,Gardabya Airport,Sert,Libyan Arab Jamahiriya,Africa/Tripoli,2.0,"(31.0635,16.595)"
LKA,Larantuka           ,Larantuka,Indonesia,America/Metlakatla,-8.0,"(-8.26667,122.96667)"
YSP,Marathon,Marathon,Canada,America/Toronto,-4.0,"(48.755278,-86.344444)"
PSR,Pescara,Pescara,Italy,Europe/Rome,2.0,"(42.431656,14.181067)"
PXC,BUSS STATION PESCARA,Pescara,Italy,Europe/Rome,2.0,"(42.4702,14.2061)"
LHW,Zhongchuan,Lanzhou,China,Asia/Chongqing,8.0,"(36.5045272,103.6154362)"
GUI,Guiria,Guiria,Venezuela,America/Caracas,-4.0,"(10.574078,-62.312667)"
ORH,Worcester Regional Airport,"Worcester, MA",United States of America,America/New_York,-4.0,"(42.2673,-71.8757)"
MRS,Provence,Marseille,France,Europe/Paris,2.0,"(43.435555,5.213611)"
XRF,St charles railway stn,Marseille,France,Europe/Paris,2.0,"(0.0,0.0)"
IMM,Immokalee ,"Immokalee, Florida",United States of America,America/New_York,-4.0,"(26.433889,-81.401389)"
WVB,Walvis Bay Airport,Walvis Bay,Namibia,Africa/Windhoek,2.0,"(-22.9799,14.6453)"
BWQ,Brewarrina          ,Brewarrina,Australia,Australia/Sydney,10.0,"(-29.9739,146.817)"
BLZ,Chileka Intl,Blantyre,Malawi,Africa/Blantyre,2.0,"(-15.679053,34.974014)"
ZWS,Stuttgart Railway Station,Stuttgart,Germany,Europe/Berlin,2.0,"(48.783611,9.181667)"
STR,Stuttgart,Stuttgart,Germany,Europe/Berlin,2.0,"(48.689878,9.221964)"
ORK,Cork,Cork,Ireland,Europe/Dublin,1.0,"(51.841269,-8.491111)"
FAB,Farnborough,Farnborough,Great Britain (United Kingdom),Europe/London,1.0,"(51.275833,-0.776333)"
YAY,St Anthony,Saint Anthony,Canada,America/St_Johns,-2.5,"(51.391944,-56.083056)"
FCA,Glacier Park Intl,"Kalispell, Montana",United States of America,America/Denver,-6.0,"(48.310472,-114.256)"
MOA,Orestes Acosta,Moa,Cuba,America/Havana,-4.0,"(20.654114,-74.922114)"
YRM,Rocky Mountain House,Rocky Mountain Ho,Canada,America/Edmonton,-6.0,"(52.429722,-114.904167)"
MRX,Mahshahr,Bandar Mahshahr,Iran,Asia/Tehran,3.5,"(30.556192,49.151879)"
WWP,North Whale Seaplane Base,"Whale Pass, Alaska",United States of America,America/Anchorage,-8.0,"(56.116389,-133.121667)"
ASA,Assab Intl,Assab,Eritrea,Africa/Asmara,3.0,"(13.071783,42.645006)"
VDM,Gobernador Castello,Viedma,Argentina,America/Argentina/Salta,-3.0,"(-40.869222,-63.000389)"
CIA,Ciampino,Rome,Italy,Europe/Rome,2.0,"(41.799361,12.594936)"
FCO,Fiumicino,Rome,Italy,Europe/Rome,2.0,"(41.804475,12.250797)"
IRT,Тибуртина ЖД вокзал,Rome,Italy,Europe/Rome,2.0,"(0.0,0.0)"
XRJ,TERMINI RAIL STATION,Rome,Italy,Europe/Rome,2.0,"(0.0,0.0)"
DLH,Duluth Intl,"Duluth, MN",United States of America,America/Chicago,-5.0,"(46.842091,-92.193649)"
AXT,Akita,Akita,Japan,Asia/Tokyo,9.0,"(39.615556,140.218611)"
HON,Huron Rgnl,"Huron, South Dakota",United States of America,America/Chicago,-5.0,"(44.3852,-98.228542)"
AGA,Inezgane,Agadir,Marocco,Africa/Casablanca,1.0,"(30.381353,-9.546311)"
HRE,Harare Intl,Harare,Zimbabwe,Africa/Harare,2.0,"(-17.931806,31.092847)"
MYE,Miyakejima Airport,Miyake Jima,Japan,Asia/Tokyo,9.0,"(34.0736,139.56)"
YIO,Pond Inlet,Pond Inlet,Canada,America/Iqaluit,-4.0,"(72.683334,-77.966667)"
OLK,Fuerte olimpo,Fuerte Olimpo,Paraguay,America/Halifax,-3.0,"(-21.0452,-57.8825)"
DES,Desroches,Desroches,Seychelles,Indian/Mahe,4.0,"(-5.696697,53.655844)"
GFF,Griffith Airport,Griffith,Australia,Australia/Sydney,10.0,"(-34.2508,146.067)"
UTT,Mthatha,Umtata,South Africa,Africa/Johannesburg,2.0,"(-31.547903,28.674289)"
HUL,Houlton Intl,"Houlton, Maine",United States of America,America/New_York,-4.0,"(46.123083,-67.792056)"
GLS,Scholes Intl At Galveston,"Galveston, Texas",United States of America,America/Chicago,-5.0,"(29.265322,-94.860406)"
JOI,Lauro Carneiro De Loyola,Joinville,Brazil,America/Sao_Paulo,-3.0,"(-26.224453,-48.797364)"
ICK,Majoor Henry Fernandes Airport,Nieuw Nickerie,Surinam,America/Paramaribo,-3.0,"(5.955556,-57.039444)"
MGN,Baracoa,Magangue,Colombia,America/Bogota,-5.0,"(9.284739,-74.846092)"
TAV,Tau                 ,Tau,American Samoa,Pacific/Midway,-11.0,"(-14.22917,-169.51111)"
FSC,Sud Corse,Figari,France,Europe/Paris,2.0,"(41.500557,9.097777)"
LSY,Lismore Airport,Lismore,Australia,Australia/Sydney,10.0,"(-28.8303,153.26)"
BLG,Belaga Airport,Belaga,Malaysia,Asia/Kuching,8.0,"(2.65,113.767)"
YTQ,Tasiujaq Airport,Tasiujuaq,Canada,America/Montreal,-4.0,"(58.6678,-69.9558)"
DZA,Dzaoudzi Pamandzi,Dzaoudzi,Mayotte,Indian/Mayotte,3.0,"(-12.804722,45.281113)"
IJK,Izhevsk Airport,Izhevsk,Russian Federation,Europe/Samara,4.0,"(56.8281,53.4575)"
TOG,Togiak Airport,"Togiak Village, Alaska",United States of America,America/Anchorage,-8.0,"(59.0528,-160.397)"
GCI,Guernsey,Guernsey,Great Britain (United Kingdom),Europe/Guernsey,1.0,"(49.434956,-2.601969)"
CAB,Cabinda,Cabinda,Angola,Africa/Luanda,1.0,"(-5.596992,12.188353)"
DPS,Bali Ngurah Rai,Denpasar Bali,Indonesia,Asia/Makassar,8.0,"(-8.748169,115.167172)"
TAY,Tartu,Tartu,Estonia,Europe/Tallinn,3.0,"(58.307461,26.690428)"
INT,Smith Reynolds,"Winston Salem, North Carolina",United States of America,America/New_York,-4.0,"(36.133722,-80.222)"
HOQ,Hof Plauen,Hof,Germany,Europe/Berlin,2.0,"(50.288836,11.854919)"
FKB,Baden Airpark,Karlsruhe,Germany,Europe/Berlin,2.0,"(48.7793,8.08048)"
XET,Karlsruhe rail-bus station,Karlsruhe,Germany,Europe/Berlin,2.0,"(0.0,0.0)"
KJR,Karlsruhe HBF Rail Station,Karlsruhe,Germany,Europe/Berlin,2.0,"(0.0,0.0)"
ZCC,Baden Baden Rail Stn,Karlsruhe,Germany,Europe/Berlin,2.0,"(0.0,0.0)"
HLY,Anglesey Airport,Holyhead,Great Britain (United Kingdom),Africa/Casablanca,1.0,"(53.248097,-4.535339)"
SRJ,Capitán Av. German Quiroga G. Airport,San Borja,Bolivia,America/La_Paz,-4.0,"(-14.8592,-66.7375)"
AMB,Ambilobe,Ambilobe,Madagascar,Indian/Antananarivo,3.0,"(-13.188431,48.987978)"
MTL,Maitland Airport,Maitland,Australia,Australia/Sydney,10.0,"(-32.7033,151.488)"
MNJ,Mananjary,Mananjary,Madagascar,Indian/Antananarivo,3.0,"(-21.201772,48.358317)"
WBM,Wapenamanda Airport,Wapenamanda,Papua New Guinea,Pacific/Port_Moresby,10.0,"(-5.6433,143.895)"
DIE,Arrachart,Antsiranana,Madagascar,Indian/Antananarivo,3.0,"(-12.3494,49.291747)"
QQY,York railway station,York,Great Britain (United Kingdom),Europe/London,1.0,"(53.9583,-1.093)"
PNQ,Pune,Pune,India,Asia/Kolkata,5.5,"(18.582111,73.919697)"
BJW,Bajawa              ,Bajawa,Indonesia,Asia/Makassar,8.0,"(0.0,0.0)"
KEM,Kemi Tornio,Kemi Tornio,Finland,Europe/Helsinki,3.0,"(65.781889,24.5991)"
DIO,Diomede island      ,"Diomede Island, Alaska",United States of America,America/Anchorage,-8.0,"(0.0,0.0)"
LZR,Lizard Island Airport,Lizard Island,Australia,Australia/Brisbane,10.0,"(-14.673056,145.454444)"
HUT,Hutchinson Municipal Airport,"Hutchinson, Kansas",United States of America,America/Chicago,-5.0,"(38.0655,-97.8606)"
LGK,Langkawi Intl,Langkawi,Malaysia,Asia/Kuala_Lumpur,8.0,"(6.329728,99.728667)"
SCU,Antonio Maceo Intl,Santiago,Cuba,America/Havana,-4.0,"(19.969769,-75.835414)"
BTA,Bertoua             ,Bertoua,Cameroon,Africa/Douala,1.0,"(4.54861,13.7261)"
CID,Cedar Rapids,"Cedar Rapids, Iowa",United States of America,America/Chicago,-5.0,"(41.884694,-91.710806)"
LGS,Malargue,Malargue,Argentina,America/Argentina/Mendoza,-3.0,"(-35.493597,-69.574267)"
COJ,Coonabarabran       ,Coonabarabran,Australia,Australia/Sydney,10.0,"(-31.3325,149.267)"
ARC,Arctic Village Airport,"Arctic Village, Alaska",United States of America,America/Anchorage,-8.0,"(68.1147,-145.579)"
ZNV,Koblenz Winningen,Koblenz,Germany,Europe/Monaco,2.0,"(50.3255,7.528667)"
BAQ,Ernesto Cortissoz,Barranquilla,Colombia,America/Bogota,-5.0,"(10.889589,-74.780819)"
KKB,Kitoi Bay Seaplane Base,"Kitoi Bay, Alaska",United States of America,America/Anchorage,-8.0,"(58.190833,-152.370556)"
HBG,Hattiesburg Bobby L. Chain Municipal Airport,"Hattiesburg, Mississipi",United States of America,America/Resolute,-5.0,"(31.2649444,-89.2528889)"
NAG,Dr Ambedkar Intl,Nagpur,India,Asia/Kolkata,5.5,"(21.092192,79.047183)"
DAM,Damascus International,Damascus,Syria,Asia/Damascus,3.0,"(33.410636,36.514267)"
KFP,False Pass Airport,"False Pass, Alaska",United States of America,America/Nome,-8.0,"(54.8475,-163.410278)"
QGY,Győr-Pér International Airport,Gyor,Hungary,Europe/Monaco,2.0,"(47.627097,17.808347)"
MVP,Fabio Alberto Leon Bentley,Mitu,Colombia,America/Bogota,-5.0,"(1.253664,-70.233878)"
POO,Pocos De Caldas,Pocos De Caldas,Brazil,America/Sao_Paulo,-3.0,"(-21.843014,-46.567917)"
SHC,Shire Inda Selassie Airport,Indaselassie,Ethiopia,Asia/Kuwait,3.0,"(14.0781,38.2725)"
MOS,Marktoberdorf Schule,"Moses Point, Alaska",United States of America,America/Anchorage,-8.0,"(47.777,10.623)"
OSU,Ohio State University Airport,"Columbus, Ohio",United States of America,America/New_York,-4.0,"(40.0798,-83.073)"
LCK,Rickenbacker Intl,"Columbus, Ohio",United States of America,America/New_York,-4.0,"(39.813786,-82.927822)"
CMH,Port Columbus Intl,"Columbus, Ohio",United States of America,America/New_York,-4.0,"(39.997972,-82.891889)"
URE,Kuressaare,Kuressaare,Estonia,Europe/Tallinn,3.0,"(58.229883,22.509494)"
CEI,Chiang Rai Intl,Chiang Rai,Thailand,Asia/Bangkok,7.0,"(19.952342,99.882928)"
EWI,Enarotali           ,Enarotali,Indonesia,Asia/Jayapura,9.0,"(-3.91667,136.36667)"
BMU,Muhammad Salahuddin,Bima,Indonesia,Asia/Makassar,8.0,"(-8.539647,118.687322)"
ASV,Amboseli Airport,Amboseli,Kenya,Africa/Nairobi,3.0,"(-2.64505,37.2531)"
PSO,Antonio Narino,Pasto,Colombia,America/Bogota,-5.0,"(1.396247,-77.291478)"
DJN,Delta junction      ,"Delta Junction, Alaska",United States of America,America/Anchorage,-8.0,"(64.05187,-145.72975)"
WFI,Fianarantsoa,Fianarantsoa,Madagascar,Indian/Antananarivo,3.0,"(-21.441558,47.111736)"
PUE,Puerto Obaldia,Puerto Obaldia,Panama,America/Panama,-5.0,"(8.68333,-77.5333)"
SIU,Siuna Airport,Siuna,Nicaragua,America/Managua,-6.0,"(13.716667,-84.776944)"
AAS,Apalapsili          ,Apalapsili,Indonesia,Asia/Jayapura,9.0,"(-3.91667,139.25)"
YEU,Eureka,Eureka,Canada,America/Rankin_Inlet,-5.0,"(79.994722,-85.814167)"
AKC,Akron Fulton Intl,"Canton Akron, Ohio",United States of America,America/New_York,-4.0,"(41.0375,-81.466917)"
CAK,Akron Canton Regional Airport,"Canton Akron, Ohio",United States of America,America/New_York,-4.0,"(40.9160833,-81.4421944)"
HOS,Chos malal          ,Chos Malal,Argentina,America/Argentina/Salta,-3.0,"(0.0,0.0)"
OLS,Nogales Intl,"Nogales, Arizona",United States of America,America/Phoenix,-7.0,"(31.417722,-110.84789)"
KGD,Khrabrovo,Kaliningrad,Russian Federation,Europe/Kaliningrad,2.0,"(54.89005,20.592633)"
WOL,Wollongong Airport,Wollongong,Australia,Australia/Sydney,10.0,"(-34.5611,150.789)"
VTZ,Vishakhapatnam,Vishakhapatnam,India,Asia/Kolkata,5.5,"(17.721167,83.224483)"
ACE,Lanzarote,Lanzarote,Spain,Atlantic/Canary,1.0,"(28.945464,-13.605225)"
JVA,Ankavandra Airport,Ankavandra,Madagascar,Indian/Antananarivo,3.0,"(-18.8,45.283)"
DBQ,Dubuque Rgnl,"Dubuque, Iowa",United States of America,America/Chicago,-5.0,"(42.402,-90.709472)"
PAD,Paderborn Lippstadt,Paderborn,Germany,Europe/Berlin,2.0,"(51.614089,8.616317)"
ERD,Berdyansk           ,Berdyansk,Russian Federation,Europe/Zaporozhye,3.0,"(46.815,36.7581)"
BAA,Bialla              ,Bialla,Papua New Guinea,Asia/Vladivostok,10.0,"(0.0,0.0)"
WSX,Westsound Seaplane Base,"Westsound, Washington",United States of America,America/Los_Angeles,-7.0,"(48.617778,-122.952778)"
BJI,Bemidji Regional Airport,"Bemidji, Minnesota",United States of America,America/Chicago,-5.0,"(47.510722,-94.934722)"
KOX,Koln HBF,Kokonao,Indonesia,Asia/Jayapura,9.0,"(50.9425,6.958056)"
PLH,Plymouth,Plymouth,Great Britain (United Kingdom),Europe/London,1.0,"(50.422778,-4.105833)"
JAF,Kankesanturai,Jaffna,Sri Lanka,Asia/Colombo,5.5,"(9.792331,80.070089)"
FFM,Fergus falls        ,"Fergus Falls, MN",United States of America,America/Chicago,-5.0,"(46.28413,-96.15701)"
XRE,Reading railway,Reading,Great Britain (United Kingdom),Africa/Casablanca,1.0,"(0.0,0.0)"
KTW,Pyrzowice,Katowice,Poland,Europe/Warsaw,2.0,"(50.474253,19.080019)"
YEK,Arviat,Arviat,Canada,America/Rankin_Inlet,-5.0,"(61.094166,-94.070833)"
ITK,Itokama Airport,Itokama,Papua New Guinea,Asia/Vladivostok,10.0,"(-9.2,148.25)"
CQT,Caquetania          ,Caquetania,Colombia,America/Cayman,-5.0,"(0.0,0.0)"
ISK,Nasik Road,Nashik,India,Asia/Kolkata,5.5,"(19.963739,73.807644)"
BNX,Banja Luka International Airport,Banja Luka,Bosnia & Herzegovina,Europe/Sarajevo,2.0,"(44.941444,17.297501)"
OBE,County,"Okeechobee, Florida",United States of America,America/New_York,-4.0,"(27.265833,-80.851111)"
ALE,Alpine              ,"Alpine, Texas",United States of America,America/Indiana/Indianapolis,-4.0,"(30.38723,-103.67898)"
SFF,Felts Fld,"Spokane, Washington",United States of America,America/Los_Angeles,-7.0,"(47.682819,-117.322558)"
GEG,Spokane Intl,"Spokane, Washington",United States of America,America/Los_Angeles,-7.0,"(47.619861,-117.533833)"
SKA,Fairchild Afb,"Spokane, Washington",United States of America,America/Los_Angeles,-7.0,"(47.615058,-117.655772)"
CYX,Cherskiy Airport,Cherskiy,Russian Federation,Asia/Magadan,11.0,"(68.7406,161.338)"
ZSJ,Sandy Lake Airport,Sandy Lake,Canada,America/Winnipeg,-5.0,"(53.0642,-93.3444)"
IZM,Cumadvasi           ,Izmir,Turkey,Europe/Istanbul,3.0,"(0.0,0.0)"
ADB,Adnan Menderes,Izmir,Turkey,Europe/Istanbul,3.0,"(38.292392,27.156953)"
IGL,Cigli,Izmir,Turkey,Europe/Istanbul,3.0,"(38.513022,27.010053)"
DIS,Loubomo Airport,Loubomo,Congo,Africa/Brazzaville,1.0,"(-4.2,12.7)"
PAH,Barkley Regional Airport,"Paducah, Kentucky",United States of America,America/Chicago,-5.0,"(37.0602875,-88.7729583)"
YAT,Attawapiskat Airport,Attawapiskat,Canada,America/Toronto,-4.0,"(52.9275,-82.4319)"
TUA,Teniente Coronel Luis A Mantilla,Tulcan,Ecuador,America/Guayaquil,-5.0,"(0.809506,-77.708056)"
XYE,Ye,Ye,Myanmar,Asia/Rangoon,6.5,"(15.25,97.85)"
URC,Diwopu,Urumqi,China,Asia/Urumqi,6.0,"(43.907106,87.474244)"
MKC,Downtown,"Kansas City, Missouri",United States of America,America/Chicago,-5.0,"(39.1275,-94.598889)"
MCI,Kansas City Intl,"Kansas City, Missouri",United States of America,America/Chicago,-5.0,"(39.297606,-94.713905)"
BXS,Borrego Valley Airport,"Borrego Springs, California",United States of America,America/Los_Angeles,-7.0,"(33.2590278,-116.3209722)"
PRC,Ernest A Love Fld,"Prescott, AZ",United States of America,America/Phoenix,-7.0,"(34.654472,-112.419583)"
ENY,Yan'an Airport,Yan an,China,Asia/Chongqing,8.0,"(36.6369,109.554)"
MLT,Millinocket Muni,"Millinocket, Maine",United States of America,America/New_York,-4.0,"(45.647836,-68.685561)"
XGN,Xangongo,Xangongo,Angola,Africa/Luanda,1.0,"(-16.755417,14.965344)"
JAQ,Jacquinot Bay Airport,Jacquinot Bay,Papua New Guinea,Asia/Vladivostok,10.0,"(-5.6525,151.507)"
SZW,Schwerin Parchim,Schwerin,Germany,Europe/Berlin,2.0,"(53.426997,11.783436)"
JIW,Jiwani Airport,Jiwani,Pakistan,Asia/Karachi,5.0,"(25.0678,61.8054)"
DSM,Des Moines Intl,"Des Moines, Iowa",United States of America,America/Chicago,-5.0,"(41.533972,-93.663083)"
KBU,Stagen Airport,Kotabaru,Indonesia,Asia/Makassar,8.0,"(-3.29472,116.165)"
MEI,Key Field,"Meridian, Mississipi",United States of America,America/Chicago,-5.0,"(32.332624,-88.751868)"
AKP,Anaktuvuk Pass Airport,"Anaktuvuk, Alaska",United States of America,America/Anchorage,-8.0,"(68.1336,-151.743)"
YGK,Kingston,Kingston,Canada,America/Toronto,-4.0,"(44.225277,-76.596944)"
XEG,Kingston Train Station,Kingston,Canada,America/Toronto,-4.0,"(44.256944,-76.536943)"
MHT,Manchester Regional Airport,"Manchester, New Hampshire",United States of America,America/New_York,-4.0,"(42.932556,-71.435667)"
OZA,Ozona Muni,"Ozona, Texas",United States of America,America/Chicago,-5.0,"(30.735281,-101.202972)"
HKK,Hokitika,Hokitika,New Zealand,Pacific/Auckland,12.0,"(-42.713611,170.985278)"
NMA,Namangan Airport,Namangan,Uzbekistan,Asia/Tashkent,5.0,"(40.9846,71.5567)"
MIM,Merimbula Airport,Merimbula,Australia,Australia/Sydney,10.0,"(-36.9086,149.901)"
SJI,Antique,San Jose,Philippines,Asia/Manila,8.0,"(10.766044,121.933439)"
LGO,Langeoog Airport,Langeoog,Germany,Europe/Berlin,2.0,"(53.7425,7.49778)"
CWT,Cowra               ,Cowra,Australia,Australia/Sydney,10.0,"(-33.8447,148.649)"
BRM,Barquisimeto Intl,Barquisimeto,Venezuela,America/Caracas,-4.0,"(10.042747,-69.358619)"
PTK,Oakland Co. Intl,"Pontiac, Michigan",United States of America,America/Detroit,-4.0,"(42.667,-83.35)"
NEF,Neftekamsk          ,Neftekamsk,Russian Federation,Asia/Yekaterinburg,5.0,"(56.1069,54.3472)"
SIR,Sion,Sion,Switzerland,Europe/Zurich,2.0,"(46.219592,7.326764)"
NBB,Berezovo,Barrancominas,Colombia,America/Cayman,-5.0,"(63.9241,65.0487)"
MUX,Multan Intl,Multan,Pakistan,Asia/Karachi,5.0,"(30.203222,71.419111)"
SAH,El Rahaba,Sanaa,Yemen,Asia/Aden,3.0,"(15.476258,44.219739)"
EIE,Yeniseysk Airport,Eniseysk,Russian Federation,Asia/Krasnoyarsk,7.0,"(58.4742,92.1125)"
DHM,Kangra Airport,Dharamsala,India,Asia/Kolkata,5.5,"(32.1651,76.2634)"
IPH,Sultan Azlan Shah,Ipoh,Malaysia,Asia/Kuala_Lumpur,8.0,"(4.567972,101.092194)"
CAW,Bartolomeu Lisandro,Campos,Brazil,America/Sao_Paulo,-3.0,"(-21.698333,-41.301669)"
LFW,Gnassingbe Eyadema Intl,Lome,Togo,Africa/Lome,0.0,"(6.165611,1.254511)"
WAW,Frederic Chopin,Warsaw,Poland,Europe/Warsaw,2.0,"(52.16575,20.967122)"
JDO,Orlando Bezerra de Menezes Airport,Juazeiro Do Norte,Brazil,America/Fortaleza,-3.0,"(-7.218958,-39.2701)"
OBN,Oban Airport,Oban,Great Britain (United Kingdom),Europe/London,1.0,"(56.464,-5.4)"
LTA,Tzaneen,Tzaneen,South Africa,Africa/Johannesburg,2.0,"(-23.824417,30.329306)"
MEB,Melbourne Essendon,Melbourne,Australia,Australia/Melbourne,10.0,"(-37.728056,144.901944)"
AVV,Avalon,Melbourne,Australia,Australia/Melbourne,10.0,"(-38.039444,144.469444)"
MEL,Melbourne Intl,Melbourne,Australia,Australia/Melbourne,10.0,"(-37.673333,144.843333)"
MBW,Melbourne Moorabbin,Melbourne,Australia,Australia/Melbourne,10.0,"(-37.975833,145.102222)"
KMS,Kumasi Airport,Kumasi,Ghana,Africa/Accra,0.0,"(6.71456,-1.59082)"
KGG,Kedougou,Kedougou,Senegal,Africa/Dakar,0.0,"(12.572292,-12.220333)"
TRV,Trivandrum,Thiruvananthapuram,India,Asia/Kolkata,5.5,"(8.482122,76.920114)"
TRC,Torreon Intl,Torreon,Mexico,America/Monterrey,-6.0,"(25.568278,-103.410583)"
XIC,Qingshan,Xichang,China,Asia/Chongqing,8.0,"(27.989083,102.184361)"
CAX,Carlisle,Carlisle,Great Britain (United Kingdom),Europe/London,1.0,"(54.9375,-2.809167)"
CXX,Carlisle railway station,Carlisle,Great Britain (United Kingdom),Europe/London,1.0,"(54.891,-2.934)"
MRV,Mineralnyye Vody,Mineralnye Vody,Russian Federation,Europe/Moscow,3.0,"(44.220841,43.089846)"
LBF,North Platte Regional Airport Lee Bird Field,"North Platte, Nebraska",United States of America,America/Chicago,-5.0,"(41.1262,-100.684)"
ACV,Arcata,"Arcata, California",United States of America,America/Los_Angeles,-7.0,"(40.978111,-124.108611)"
DNH,Dunhuang Airport,Dunhuang,China,Asia/Urumqi,6.0,"(40.094,94.4818)"
PGV,Pitt-Greenville Airport,"Greenville, North Carolina",United States of America,America/New_York,-4.0,"(35.635278,-77.385278)"
CPD,Coober Pedy Airport,Coober Pedy,Australia,Australia/Adelaide,9.5,"(-29.04,134.721)"
KGI,Kalgoorlie Boulder,Kalgoorlie,Australia,Australia/Perth,8.0,"(-30.789444,121.461667)"
RHP,Ramechhap,Ramechhap,Nepal,Asia/Kathmandu,5.75,"(27.394005,86.06144)"
VRB,Vero Beach Muni,"Vero Beach, Florida",United States of America,America/New_York,-4.0,"(27.655556,-80.417944)"
LXR,Luxor Intl,Luxor,Egypt,Africa/Cairo,3.0,"(25.671028,32.706583)"
GTO,Jalaluddin,Gorontalo,Indonesia,Asia/Makassar,8.0,"(0.637119,122.849858)"
WEI,Weipa,Weipa,Australia,Australia/Brisbane,10.0,"(-12.678611,141.925278)"
YYU,Kapuskasing,Kapuskasing,Canada,America/Toronto,-4.0,"(49.413889,-82.4675)"
BSF,Bradshaw Aaf,"Pohakuloa, Hawaii",United States of America,Pacific/Honolulu,-10.0,"(19.760056,-155.553717)"
SNE,Preguica,Sao Nicolau,Cape Verde,Atlantic/Cape_Verde,-1.0,"(16.588356,-24.284656)"
SIJ,Siglufjordur,Siglufjordur,Iceland,Atlantic/Reykjavik,0.0,"(66.133333,-18.916667)"
MSZ,Namibe Airport,Namibe,Angola,Africa/Luanda,1.0,"(-15.261222,12.146756)"
SCO,Aktau,Aktau,Kazakhstan,Asia/Qyzylorda,5.0,"(43.86005,51.091978)"
SAA,Shively Field Airport,"Saratoga, Wyoming",United States of America,America/Denver,-6.0,"(41.4448594,-106.8235264)"
PSY,Stanley Airport,Port Stanley,Falkland (Malvinas) Islands,Atlantic/Stanley,-3.0,"(-51.685672,-57.777644)"
YZV,Sept Iles,Sept Iles,Canada,America/Montreal,-4.0,"(50.223333,-66.265556)"
EBM,El Borma,El Borma,Tunisia,Africa/Tunis,1.0,"(31.704281,9.254619)"
MYL,McCall Municipal Airport,"McCall, Idaho",United States of America,America/Boise,-6.0,"(44.889722,-116.101389)"
SZK,Skukuza,Skukuza,South Africa,Africa/Johannesburg,2.0,"(-24.960944,31.588731)"
ING,Lago Argentino Airport,Lago Argentino,Argentina,America/Argentina/Rio_Gallegos,-3.0,"(-50.3361,-72.2486)"
ONX,Enrique Adolfo Jimenez Airport,Colon,Panama,America/Panama,-5.0,"(9.35664,-79.8674)"
MGQ,Aden Adde International Airport,Mogadishu,Somali,Africa/Mogadishu,3.0,"(2.01444,45.3047)"
YIN,Yining Airport,Yining,China,Asia/Kashgar,6.0,"(43.9558,81.3303)"
PFJ,Patreksfjordur,Patreksfjordur,Iceland,Atlantic/Reykjavik,0.0,"(65.555833,-23.965)"
YWP,Webequie Airport,Webequie,Canada,America/Toronto,-4.0,"(52.9597,-87.3689)"
CSH,Solovki Airport,Solovetsky,Russian Federation,Europe/Moscow,3.0,"(65.03,35.7333)"
LPG,La Plata,La Plata,Argentina,America/Argentina/Buenos_Aires,-3.0,"(-34.972222,-57.894694)"
INA,Inta,Verkhnyaya Inta,Russian Federation,Europe/Moscow,3.0,"(66.05483,60.11032)"
YSU,Summerside,Summerside,Canada,America/Halifax,-3.0,"(46.440556,-63.833611)"
KKA,Koyuk Alfred Adams Airport,"Koyuk, Alaska",United States of America,America/Anchorage,-8.0,"(64.939444,-161.154167)"
MTJ,Montrose Regional Airport,"Montrose, Colorado",United States of America,America/Denver,-6.0,"(38.509794,-107.894242)"
ALB,Albany Intl,"Albany, NY",United States of America,America/New_York,-4.0,"(42.748267,-73.801692)"
BVE,La Roche,Brive La Gaillarde,France,Europe/Paris,2.0,"(45.150833,1.469167)"
SKE,Geiteryggen,Skien,Norway,Europe/Oslo,2.0,"(59.185,9.566944)"
CSI,Casino              ,Casino,Australia,Australia/Sydney,10.0,"(-28.8828,153.067)"
ZBF,Bathurst Airport,Bathurst,Canada,America/Moncton,-3.0,"(47.6297,-65.7389)"
JJU,Qaqortoq Heliport,Qaqortoq,Greenland,America/Godthab,-1.0,"(60.7158,-46.0294)"
PUR,Puerto Rico Airport,Puerto Rico,Bolivia,America/La_Paz,-4.0,"(-11.1077,-67.5512)"
PCI,PALENCIA,Palencia,Spain,Europe/Madrid,2.0,"(41.953547,-4.536547)"
XZK,Amherst Amtrak Station AMM,Amherst,Canada,,,"(42.375,-72.511389)"
SHP,Shanhaiguan Airport,Qinhuangdao,China,Asia/Shanghai,8.0,"(39.9681,119.731)"
GRV,Grozny Airport,Grozny,Russian Federation,Europe/Moscow,3.0,"(43.388022,45.699821)"
KTI,Kratie Airport,Kratie,Cambodia,Asia/Phnom_Penh,7.0,"(12.4905,106.055)"
HSG,Saga Airport,Saga,Japan,Asia/Tokyo,9.0,"(33.1497,130.302)"
RNP,Rongelap Island Airport,Rongelap Island,Marshall Islands,Pacific/Wallis,12.0,"(11.1572,166.887)"
MXT,Maintirano Airport,Maintirano,Madagascar,Indian/Antananarivo,3.0,"(-18.05,44.033)"
AIU,Atiu Island Airport,Atiu Island,Cook Islands,Pacific/Rarotonga,-10.0,"(-19.9678,-158.119)"
SAK,Saudarkrokur,Saudarkrokur,Iceland,Atlantic/Reykjavik,0.0,"(65.731667,-19.572778)"
IKO,Nikolski Air Station,"Nikolski, Alaska",United States of America,America/Nome,-8.0,"(52.941667,-168.848889)"
KIB,Ivanof bay          ,"Ivanof Bay, Alaska",United States of America,America/Anchorage,-8.0,"(0.0,0.0)"
BHK,Bukhara,Bukhara,Uzbekistan,Asia/Samarkand,5.0,"(39.775,64.483333)"
ARR,Alto Rio Senguer Airport,Alto Rio Senguerr,Argentina,America/Argentina/Catamarca,-3.0,"(-45.016667,-70.816667)"
CES,Cessnock Airport,Cessnock,Australia,Australia/Sydney,10.0,"(-32.7875,151.342)"
PZY,Piestany,Piestany,Slovak Republic,Europe/Bratislava,2.0,"(48.625247,17.828444)"
WLB,Labouchere bay      ,"Labouchere Bay, Alaska",United States of America,America/Anchorage,-8.0,"(0.0,0.0)"
RIY,Riyan,Mukalla,Yemen,Asia/Aden,3.0,"(14.662639,49.375028)"
JAN,Jackson Evers Intl,"Jackson, Mississipi",United States of America,America/Chicago,-5.0,"(32.311167,-90.075889)"
ELC,Elcho Island Airport,Elcho Island,Australia,Australia/Darwin,9.5,"(-12.0194,135.571)"
TYE,Tyonek Airport,"Tyonek, Alaska",United States of America,America/Anchorage,-8.0,"(61.076667,-151.138056)"
LCC,Lecce,Lecce,Italy,Europe/Rome,2.0,"(40.239228,18.133325)"
MNU,Mawlamyine Airport,Maulmyine,Myanmar,Asia/Rangoon,6.5,"(16.444747,97.660669)"
JGR,Groennedal Heliport,Groennedal,Greenland,America/Godthab,-1.0,"(61.2333,-48.1)"
SUR,Summer Beaver Airport,Summer Beaver,Canada,America/Toronto,-4.0,"(52.7086,-88.5419)"
GSM,Gheshm Airport,Gheshm,Iran,Asia/Tehran,3.5,"(26.9487,56.2688)"
GOH,Nuuk,Nuuk,Greenland,America/Godthab,-1.0,"(64.190922,-51.678064)"
CCJ,Calicut,Kozhikode,India,Asia/Kolkata,5.5,"(11.136839,75.9553)"
TCT,Takotna Airport,"Takotna, Alaska",United States of America,America/Anchorage,-8.0,"(62.971944,-156.082778)"
KEQ,Kebar               ,Kebar,Indonesia,Asia/Jayapura,9.0,"(-0.6371,133.12801)"
YYG,Charlottetown,"Charlottetown, PE",Canada,America/Halifax,-3.0,"(46.290001,-63.121111)"
GNR,General roca        ,General Roca,Argentina,America/Argentina/Salta,-3.0,"(-39.0007,-67.6205)"
EBO,Bochum Railway,Ebon,Marshall Islands,Pacific/Wallis,12.0,"(51.478506,7.222781)"
DLA,Douala,Douala,Cameroon,Africa/Douala,1.0,"(4.006081,9.719481)"
XVH,Peterborough Railway Station,Peterborough,Great Britain (United Kingdom),Europe/Jersey,1.0,"(52.5748,-0.2502)"
HHR,Jack Northrop Fld Hawthorne Muni,"Hawthorne, California",United States of America,America/Los_Angeles,-7.0,"(33.922839,-118.335186)"
KCK,Kirensk,Kirensk,Russian Federation,Asia/Irkutsk,8.0,"(57.772778,108.060833)"
SCZ,Santa Cruz/Graciosa Bay/Luova Airport,Santa Cruz Is,Solomon Islands,Pacific/Guadalcanal,11.0,"(-10.7203,165.795)"
GLD,Renner Fld,"Goodland, Kansas",United States of America,America/Denver,-6.0,"(39.370621,-101.698992)"
LWC,Lawrence Municipal,"Lawrence, Kansas",United States of America,America/Chicago,-5.0,"(39.009167,-95.2175)"
HGR,Hagerstown Regional Richard A Henson Field,"Hagerstown, Maryland",United States of America,America/New_York,-4.0,"(39.7079,-77.7295)"
SMN,Lemhi County Airport,"Salmon, Idaho",United States of America,America/Boise,-6.0,"(45.123889,-113.881389)"
LCD,Louis trichardt     ,Louis Trichardt,South Africa,Africa/Johannesburg,2.0,"(0.0,0.0)"
LAO,Laoag Intl,Laoag,Philippines,Asia/Manila,8.0,"(18.178092,120.531522)"
IEG,Babimost,Zielona Gora,Poland,Europe/Warsaw,2.0,"(52.138517,15.798556)"
BBH,Barth,Barth,Germany,Europe/Berlin,2.0,"(54.33754,12.699705)"
BPC,Bamenda,Bamenda,Cameroon,Africa/Douala,1.0,"(6.039239,10.122639)"
PIP,Pilot Point Airport,"Pilot Point, Alaska",United States of America,America/Anchorage,-8.0,"(57.585393,-157.571944)"
UGB,Pilot pt.ugashik bay,"Pilot Point, Alaska",United States of America,America/Anchorage,-8.0,"(57.41979,-157.7352)"
XYA,Yandina Airport,Yandina,Solomon Islands,Pacific/Guadalcanal,11.0,"(-9.086111,159.218889)"
OCA,Key Largo,"Ocean Reef, Florida",United States of America,America/Indiana/Indianapolis,-4.0,"(25.325393,-80.274775)"
CYO,Vilo Acuna Intl,Cayo Largo Del Sur,Cuba,America/Havana,-4.0,"(21.616453,-81.545989)"
TEQ,Tekirdağ Çorlu Airport,Tekirdag,Turkey,Europe/Istanbul,3.0,"(41.13825,27.919094)"
BGC,Braganca,Braganca,Portugal,Europe/Lisbon,1.0,"(41.8578,-6.707125)"
UYL,Nyala Airport,Nyala,Sudan,Africa/Khartoum,2.0,"(12.0535,24.9562)"
OYL,Moyale Airport,Moyale,Kenya,Africa/Nairobi,3.0,"(3.465,39.105)"
LEL,Lake Evella Airport,Lake Evella,Australia,Australia/Darwin,9.5,"(-12.4989,135.806)"
PKG,Pulau Pangkor Airport,Pangkor Perak,Malaysia,Asia/Kuala_Lumpur,8.0,"(4.24472,100.553)"
NEV,Vance Winkworth Amory International Airport,Nevis,Saint Kitts (Christopher) and Nevis,America/St_Kitts,-4.0,"(17.205678,-62.589869)"
YXH,Medicine Hat,Medicine Hat,Canada,America/Edmonton,-6.0,"(50.01889,-110.720833)"
LIH,Lihue,"Kauai Island, Hawaii",United States of America,Pacific/Honolulu,-10.0,"(21.975983,-159.338958)"
HPV,Princeville kauai,"Kauai Island, Hawaii",United States of America,Pacific/Honolulu,-10.0,"(22.21138,-159.44261)"
WNS,Nawabshah,Nawabshah,Pakistan,Asia/Karachi,5.0,"(26.219442,68.390053)"
CMG,Corumba Intl,Corumba,Brazil,America/Campo_Grande,-4.0,"(-19.011931,-57.673053)"
PMD,Palmdale Rgnl Usaf Plt 42,"Palmdale, CA",United States of America,America/Los_Angeles,-7.0,"(34.629391,-118.08456)"
YWM,Williams Harbour Airport,Williams Harbour,Canada,America/St_Johns,-2.5,"(52.5669,-55.7847)"
SLP,Ponciano Arriaga Intl,San Luis Potosi,Mexico,America/Mexico_City,-6.0,"(22.254303,-100.930806)"
ANF,Cerro Moreno Intl,Antofagasta,Chili,America/Santiago,-4.0,"(-23.444478,-70.4451)"
KAZ,Kau                 ,Kau,Indonesia,Asia/Jayapura,9.0,"(1.18528,127.896)"
MYQ,Mysore Airport,Mysoru,India,Asia/Kolkata,5.5,"(12.3072,76.6497)"
UTU,Ustupo,Ustupo,Panama,America/Panama,-5.0,"(9.137778,-77.933611)"
MUB,Maun,Maun,Botswana,Africa/Gaborone,2.0,"(-19.972564,23.431086)"
NUQ,Moffett Federal Afld,"Mountain View, California",United States of America,America/Los_Angeles,-7.0,"(37.416142,-122.049139)"
ACD,Alcides Fernandez Airport,Acandi,Colombia,America/Bogota,-5.0,"(8.516667,-77.3)"
YCN,Cochrane,Cochrane,Canada,America/Toronto,-4.0,"(49.106667,-81.015278)"
NBU,Naval Air Station,"Glenview, Illinois",United States of America,America/Matamoros,-5.0,"(42.090556,-87.8225)"
MDS,Middle Caicos Airport,Middle Caicos,Turks and Caicos Islands,America/Grand_Turk,-4.0,"(21.833,-71.817)"
WDG,Woodring field      ,"Enid, Oklahoma",United States of America,America/Chicago,-5.0,"(36.38359,-97.78753)"
END,Vance Afb,"Enid, Oklahoma",United States of America,America/Chicago,-5.0,"(36.339167,-97.9165)"
YYD,Smithers,Smithers,Canada,America/Vancouver,-7.0,"(54.824722,-127.182778)"
KHG,Kashi,Kashi,China,Asia/Kashgar,6.0,"(39.542922,76.019956)"
UDI,Ten Cel Av Cesar Bombonato,Uberlandia,Brazil,America/Sao_Paulo,-3.0,"(-18.882844,-48.225594)"
MPD,Mirpur khas         ,Mirpur Khas,Pakistan,Asia/Karachi,5.0,"(0.0,0.0)"
ABF,Abaiang Atoll Airport,Abaiang,Kiribati,Pacific/Tarawa,12.0,"(1.8,173.04)"
SAL,El Salvador Intl,San Salvador,El Salvador,America/El_Salvador,-6.0,"(13.440947,-89.055728)"
MOC,Mario Ribeiro,Montes Claros,Brazil,America/Sao_Paulo,-3.0,"(-16.706925,-43.8189)"
MDO,El Jaguel / Punta del Este Airport,"Middleton Island, Alaska",United States of America,America/Anchorage,-8.0,"(-34.917,-54.917)"
HBH,Hobart bay          ,"Hobart Bay, Alaska",United States of America,America/Anchorage,-8.0,"(0.0,0.0)"
RIK,Carrillo Airport,Carillo,Costa Rica,America/Costa_Rica,-6.0,"(9.866667,-85.483333)"
YHS,Sechelt Aerodrome,Sechelt,Canada,America/Vancouver,-7.0,"(49.460556,-123.718611)"
YMG,Manitouwadge,Manitouwadge,Canada,America/Toronto,-4.0,"(49.083889,-85.860556)"
CRV,Crotone,Crotone,Italy,Europe/Rome,2.0,"(38.997225,17.080169)"
YXD,Edmonton City Centre,"Edmonton, AB",Canada,America/Edmonton,-6.0,"(53.5725,-113.520556)"
YED,Namao fld           ,"Edmonton, AB",Canada,America/Edmonton,-6.0,"(53.67434,-113.4783)"
YEG,Edmonton Intl,"Edmonton, AB",Canada,America/Edmonton,-6.0,"(53.309723,-113.579722)"
ROI,Roi Et,Roi Et (Muang),Thailand,Asia/Bangkok,7.0,"(16.116761,103.773797)"
DUB,Dublin,Dublin,Ireland,Europe/Dublin,1.0,"(53.421333,-6.270075)"
KWL,Liangjiang,Guilin,China,Asia/Chongqing,8.0,"(25.218106,110.039197)"
QSC,Sao Carlos TAM,Sao Carlos,Brazil,America/Porto_Velho,-4.0,"(-21.875,-47.904)"
QBC,Bella Coola Airport,Bella Coola,Canada,America/Vancouver,-7.0,"(52.3875,-126.596)"
BMO,Banmaw Airport,Bhamo,Myanmar,Asia/Rangoon,6.5,"(24.269033,97.246153)"
CEZ,Cortez Muni,"Cortez, Colorado",United States of America,America/Denver,-6.0,"(37.303,-108.628056)"
TLO,Tol                 ,Tol,Papua New Guinea,Asia/Vladivostok,10.0,"(-4.98083,152.00999)"
YMA,Mayo,Mayo,Canada,America/Whitehorse,-7.0,"(63.616389,-135.868333)"
WTK,Noatak Airport,"Noatak, Alaska",United States of America,America/Nome,-8.0,"(67.5661,-162.975)"
GYA,Capitán de Av. Emilio Beltrán Airport,Guayaramerin,Bolivia,America/Porto_Velho,-4.0,"(-10.8206,-65.3456)"
JIJ,Jijiga Airport,Jijiga,Ethiopia,Africa/Addis_Ababa,3.0,"(9.359722,42.7875)"
SXT,Sungei tiang        ,Taman Negara,Malaysia,Asia/Kuala_Lumpur,8.0,"(4.33028,102.395)"
DUF,Duck                ,"Duke, North Carolina",United States of America,America/New_York,-4.0,"(0.0,0.0)"
FXO,Cuamba,Cuamba,Mozambique,Africa/Maputo,2.0,"(-14.8175,36.528333)"
SNA,John Wayne Arpt Orange Co,"Santa Ana, California",United States of America,America/Los_Angeles,-7.0,"(33.675667,-117.868222)"
GLV,Golovin Airport,"Golovin, Alaska",United States of America,America/Nome,-8.0,"(64.550556,-163.007222)"
GUP,Gallup Muni,"Gallup, New Mexico",United States of America,America/Denver,-6.0,"(35.511058,-108.789308)"
OER,Ornskoldsvik,Ornskoldsvik,Sweden,Europe/Stockholm,2.0,"(63.408339,18.990039)"
SHX,Shageluk Airport,"Shageluk, Alaska",United States of America,America/Anchorage,-8.0,"(62.692222,-159.569167)"
ELA,Naypyidaw,"Eagle Lake, Texas",United States of America,America/Chicago,-5.0,"(19.6235,96.201028)"
YRG,Rigolet Airport,Rigolet,Canada,America/Goose_Bay,-3.0,"(54.1797,-58.4575)"
BQL,Boulia Airport,Boulia,Australia,Australia/Brisbane,10.0,"(-22.9133,139.9)"
KZN,Kazan,Kazan,Russian Federation,Europe/Moscow,3.0,"(55.606186,49.278728)"
LVD,Lime village        ,"Lime Village, Alaska",United States of America,America/Anchorage,-8.0,"(0.0,0.0)"
RDC,Redencao Airport,Redencao,Brazil,America/Belem,-3.0,"(-8.033333,-49.98)"
ULG,Olgii Airport,Ulgit,Mongolia,Asia/Hovd,7.0,"(48.991667,89.919722)"
BBU,Aurel Vlaicu,Bucharest,Romania,Europe/Bucharest,3.0,"(44.503194,26.102111)"
OTP,Henri Coanda,Bucharest,Romania,Europe/Bucharest,3.0,"(44.572161,26.102178)"
NLA,Ndola,Ndola,Zambia,Africa/Lusaka,2.0,"(-12.998139,28.664944)"
YVT,Buffalo Narrows,Buffalo Narrows,Canada,America/Regina,-6.0,"(55.841944,-108.4175)"
TCB,Treasure Cay,Treasure Cay,Bahamas,America/Nassau,-4.0,"(26.745336,-77.391269)"
BLF,Mercer County Airport,"Bluefield, West Virginia",United States of America,America/New_York,-4.0,"(37.2958,-81.2077)"
BOV,Boang               ,Boang,Papua New Guinea,Asia/Vladivostok,10.0,"(0.0,0.0)"
YSK,Sanikiluaq Airport,Sanikiluaq,Canada,America/Iqaluit,-4.0,"(56.5378,-79.2467)"
JHB,Sultan Ismail,Johor Bahru,Malaysia,Asia/Kuala_Lumpur,8.0,"(1.641308,103.669619)"
ELM,Elmira Corning Rgnl,"Elmira, New York",United States of America,America/New_York,-4.0,"(42.159889,-76.891611)"
OXF,Kidlington,Oxford,Great Britain (United Kingdom),Europe/London,1.0,"(51.836944,-1.32)"
OXQ,Oxford railway station,Oxford,Great Britain (United Kingdom),Europe/London,1.0,"(51.7534,-1.2703)"
PEQ,Pecos Municipal Airport,"Pecos City, Texas",United States of America,America/Chicago,-5.0,"(31.3823889,-103.5107222)"
ATX,Atbasar,Atbasar,Kazakhstan,Asia/Qyzylorda,5.0,"(51.8517,68.3633)"
ZKE,Kashechewan Airport,Kaschechewan,Canada,America/Toronto,-4.0,"(52.2825,-81.6778)"
VRL,Vila Real,Vila Real,Portugal,Europe/Lisbon,1.0,"(41.274334,-7.720472)"
TMM,Toamasina,Tamatave,Madagascar,Indian/Antananarivo,3.0,"(-18.109517,49.392536)"
HAH,Prince Said Ibrahim,Moroni,Comoros,Indian/Comoro,3.0,"(-11.533661,43.27185)"
YVA,Iconi Airport,Moroni,Comoros,Indian/Comoro,3.0,"(-11.7108,43.2439)"
YNO,North Spirit Lake Airport,North Spirit Lake,Canada,America/Winnipeg,-5.0,"(52.49,-92.9711)"
BIN,Bamyan Airport,Bamiyan,Afghanistan,Asia/Kabul,4.5,"(34.816667,67.816667)"
LRH,La Rochelle-Ile de Re,La Rochelle,France,Europe/Paris,2.0,"(46.1792,-1.19528)"
NJC,Airport Nizhnevartovsk,Nizhnevartovsk,Russian Federation,Asia/Yekaterinburg,5.0,"(60.949272,76.483617)"
MOR,Morristown          ,"Morristown, Tennessee",United States of America,America/Chicago,-5.0,"(36.17862,-83.37663)"
DRG,Deering Airport,"Deering, Alaska",United States of America,America/Nome,-8.0,"(66.0696,-162.766)"
YAJ,Lyall harbour       ,Lyall Harbour,Canada,America/Vancouver,-7.0,"(48.80614,-123.19608)"
CSK,Cap Skiring,Cap Skirring,Senegal,Africa/Dakar,0.0,"(12.4102,-16.746125)"
BHM,Birmingham Intl,"Birmingham, Alabama",United States of America,America/Chicago,-5.0,"(33.562942,-86.75355)"
GME,Gomel,Gomel,Belarus,Europe/Minsk,3.0,"(52.527022,31.016692)"
MWQ,Magwe,Magwe,Myanmar,Asia/Rangoon,6.5,"(20.165453,94.941185)"
KMY,Moser Bay Seaplane Base,"Moser Bay, Alaska",United States of America,America/Anchorage,-8.0,"(57.025556,-154.145833)"
TAT,Tatry,Poprad,Slovak Republic,Europe/Bratislava,2.0,"(49.073594,20.241142)"
BLH,Blythe Airport,"Blythe, California",United States of America,America/Los_Angeles,-7.0,"(33.619167,-114.716889)"
RTG,Satar Tacik,Ruteng,Indonesia,Asia/Makassar,8.0,"(-8.597011,120.477061)"
RIB,Capitán Av. Selin Zeitun Lopez Airport,Riberalta,Bolivia,America/La_Paz,-4.0,"(-11.0,-66.0)"
OKT,Oktiabrskij         ,Oktyabrsky (Bashkortostan),Russian Federation,Asia/Yekaterinburg,5.0,"(54.44,53.3883)"
FTW,Fort Worth Meacham Intl,"Fort Worth, TX",United States of America,America/Chicago,-5.0,"(32.819778,-97.362444)"
YFS,Fort Simpson,Fort Simpson,Canada,America/Yellowknife,-6.0,"(61.760153,-121.236525)"
ZXB,Jan Mayensfield,Jan Mayen,Norway,Europe/Oslo,2.0,"(70.961111,-8.575833)"
MID,Licenciado Manuel Crescencio Rejon Int,Merida,Mexico,America/Merida,-6.0,"(20.936981,-89.657672)"
BCT,Boca Raton,"Boca Raton, Florida",United States of America,America/New_York,-4.0,"(26.3785,-80.107694)"
KHS,Khasab,Khasab,Oman,Asia/Muscat,4.0,"(26.170986,56.240569)"
KRH,Redhill Aerodrome,Redhill,Great Britain (United Kingdom),Europe/London,1.0,"(51.213612,-0.13861)"
UAB,Adana-Incirlik Airbase,Adana,Turkey,Europe/Istanbul,3.0,"(37.00028,35.41833)"
ADA,Adana,Adana,Turkey,Europe/Istanbul,3.0,"(36.982166,35.280388)"
TLM,Zenata,Tlemcen,Algeria,Africa/Algiers,1.0,"(35.016667,-1.45)"
KWE,Longdongbao,Guiyang,China,Asia/Chongqing,8.0,"(26.538522,106.800703)"
ARM,Armidale,Armidale,Australia,Australia/Sydney,10.0,"(-30.528056,151.617222)"
MZG,Magong,Makung,Taiwan,Asia/Taipei,8.0,"(23.568669,119.628311)"
TJU,Kulob Airport,Kulyab,Tajikistan,Asia/Dushanbe,5.0,"(37.981667,69.799444)"
SHY,Shinyanga Airport,Shinyanga,Tanzania,Africa/Dar_es_Salaam,3.0,"(-3.667,33.417)"
QCY,Coningsby,Coningsby,Great Britain (United Kingdom),Europe/London,1.0,"(53.093014,-0.166014)"
CFD,Coulter Fld,"Bryan, Texas",United States of America,America/Chicago,-5.0,"(30.715694,-96.331361)"
EAL,Elenak Airport,Kwajelein Atoll,Marshall Islands,Pacific/Wallis,12.0,"(9.083333,167.333333)"
SJW,Shijiazhuang Daguocun International Airport,Shijiazhuang,China,Asia/Shanghai,8.0,"(38.280686,114.6973)"
NNR,Connemara Regional Airport,Spiddal,Ireland,Europe/Dublin,1.0,"(53.2303,-9.46778)"
PWT,Bremerton National,"Bremerton, Washington",United States of America,America/Los_Angeles,-7.0,"(47.490244,-122.764814)"
GBZ,Great Barrier Island,Great Barrier Isl,New Zealand,Pacific/Auckland,12.0,"(-36.1429,175.2819)"
TMG,Tomanggong Airport,Tomanggong,Malaysia,Asia/Kuching,8.0,"(5.4,118.65)"
LUQ,San Luis,San Luis,Argentina,America/Argentina/San_Luis,-3.0,"(-33.273192,-66.356422)"
ICI,Cicia Airport,Cicia,Fiji,Pacific/Fiji,12.0,"(-17.7433,-179.342)"
OPU,Balimo Airport,Balimo,Papua New Guinea,Asia/Vladivostok,10.0,"(-8.05,142.933)"
LZC,Lazaro Cardenas,Lazaro Cardenas,Mexico,America/Mexico_City,-6.0,"(18.001731,-102.220525)"
MOF,Wai Oti,Maumere,Indonesia,Asia/Makassar,8.0,"(-8.640647,122.236889)"
GAD,Northeast Alabama Regional Airport,"Gadsden, Alabama",United States of America,America/Chicago,-5.0,"(33.9726489,-86.0890834)"
XMN,Gaoqi,Xiamen,China,Asia/Shanghai,8.0,"(24.544036,118.127739)"
IQT,Coronel Francisco Secada Vignetta Intl,Iquitos,Peru,America/Lima,-5.0,"(-3.784739,-73.308806)"
TAL,Tanana Airport,"Tanana, Alaska",United States of America,America/Anchorage,-8.0,"(65.179556,-152.075833)"
NBE,Enfidha - Zine El Abidine Ben Ali International Airport,Enfidha,Tunisia,Africa/Tunis,1.0,"(36.075833,10.438611)"
IDR,Devi Ahilyabai Holkar,Indore,India,Asia/Kolkata,5.5,"(22.721786,75.801086)"
IMK,Simikot,Simikot,Nepal,Asia/Kathmandu,5.75,"(29.971064,81.818932)"
WSD,Condron Aaf,"White Sands, New Mexico",United States of America,America/Denver,-6.0,"(32.341484,-106.40277)"
HKY,Hickory Rgnl,"Hickory, North Carolina",United States of America,America/New_York,-4.0,"(35.741147,-81.38955)"
CYI,Chiayi,Chiayi,Taiwan,Asia/Taipei,8.0,"(23.461779,120.39283)"
CWB,Afonso Pena,Curitiba,Brazil,America/Sao_Paulo,-3.0,"(-25.528475,-49.175775)"
BFH,Bacacheri,Curitiba,Brazil,America/Sao_Paulo,-3.0,"(-25.405078,-49.232036)"
CGC,Cape gloucester     ,Cape Gloucester,Papua New Guinea,Asia/Vladivostok,10.0,"(0.0,0.0)"
LWK,Lerwick / Tingwall Airport,Shetland Islands,Great Britain (United Kingdom),Europe/London,1.0,"(60.1922,-1.24361)"
SDZ,Scatsta,Shetland Islands,Great Britain (United Kingdom),Europe/London,1.0,"(60.432778,-1.296111)"
LSI,Sumburgh,Shetland Islands,Great Britain (United Kingdom),Europe/London,1.0,"(59.878889,-1.295556)"
DHR,De Kooy,Den Helder,Netherlands (Holland),Europe/Amsterdam,2.0,"(52.923353,4.780625)"
LUZ,Lublin,Lublin,Poland,Europe/Warsaw,2.0,"(51.239333,22.714083)"
CMA,Cunnamulla Airport,Cunnamulla,Australia,Australia/Brisbane,10.0,"(-28.03,145.622)"
TCE,Cataloi,Tulcea,Romania,Europe/Bucharest,3.0,"(45.062486,28.714311)"
SEF,Regional - Hendricks AAF,"Sebring, Florida",United States of America,America/Indiana/Indianapolis,-4.0,"(27.456389,-81.342222)"
YRS,Red Sucker Lake Airport,Red Sucker Lake,Canada,America/Winnipeg,-5.0,"(54.167222,-93.557222)"
ALS,San Luis Valley Regional Airport,"Alamosa, Colorado",United States of America,America/Denver,-6.0,"(37.435,-105.866667)"
SYH,Syangboche,Syangboche,Nepal,Asia/Katmandu,5.75,"(27.811187,86.712661)"
EIA,Popondetta,Eia,Papua New Guinea,Asia/Vladivostok,10.0,"(-8.199999809,147.8500061)"
ILG,New Castle,"Wilmington, Delaware",United States of America,America/New_York,-4.0,"(39.678722,-75.606528)"
ZWI,Wilmington Amtrak Station,"Wilmington, Delaware",United States of America,America/New_York,-4.0,"(39.736667,-75.551667)"
SCK,Stockton Metropolitan,"Sacramento, CA",United States of America,America/Los_Angeles,-7.0,"(37.894167,-121.238306)"
SMF,Sacramento Intl,"Sacramento, CA",United States of America,America/Los_Angeles,-7.0,"(38.695417,-121.590778)"
SAC,Sacramento Executive,"Sacramento, CA",United States of America,America/Los_Angeles,-7.0,"(38.512524,-121.49347)"
MHR,Sacramento Mather,"Sacramento, CA",United States of America,America/Los_Angeles,-7.0,"(38.553897,-121.297592)"
MCC,Mc Clellan Afld,"Sacramento, CA",United States of America,America/Los_Angeles,-7.0,"(38.667639,-121.400611)"
NOW,Port Angeles Cgas,"Port Angeles, Washington",United States of America,America/Los_Angeles,-7.0,"(48.141481,-123.414075)"
CLM,William R Fairchild International Airport,"Port Angeles, Washington",United States of America,America/Los_Angeles,-7.0,"(48.1202,-123.5)"
KAW,Kawthoung Airport,Kawthaung,Myanmar,Asia/Rangoon,6.5,"(10.049258,98.538006)"
CRI,Colonel Hill Airport,Crooked Island,Bahamas,America/Nassau,-4.0,"(22.745561,-74.182353)"
WAT,Waterford,Waterford,Ireland,Europe/Dublin,1.0,"(52.1872,-7.086964)"
TMY,Tiom                ,Tiom,Indonesia,Asia/Jayapura,9.0,"(-3.95,138.41701)"
WMT,Maotai,Zunyi,China,Asia/Chongqing,8.0,"(27.968056,106.438889)"
ZYI,XINZHOU,Zunyi,China,Asia/Chongqing,8.0,"(0.0,0.0)"
EBA,Marina Di Campo,Elba Island,Italy,Europe/Rome,2.0,"(42.760277,10.239445)"
ZIH,Ixtapa Zihuatanejo Intl,Ixtapa Zihuatanej,Mexico,America/Mexico_City,-6.0,"(17.601569,-101.460536)"
CBL,Ciudad Bolivar,Ciudad Bolivar,Venezuela,America/Caracas,-4.0,"(8.121898,-63.537353)"
IXW,Jamshedpur,Jamshedpur,India,Asia/Kolkata,5.5,"(22.813211,86.168844)"
DIG,Diqing Airport,Diqing (Deqen),China,Asia/Chongqing,8.0,"(27.7936,99.6772)"
OKN,Okondja,Okondja,Gabon,Africa/Libreville,1.0,"(-0.665214,13.673133)"
HWN,Hwange              ,Hwange Nat Park,Zimbabwe,Africa/Harare,2.0,"(-18.62987,27.02104)"
MCO,Orlando Intl,"Orlando, Florida",United States of America,America/New_York,-4.0,"(28.429394,-81.308994)"
SFB,Orlando Sanford Intl,"Orlando, Florida",United States of America,America/New_York,-4.0,"(28.777639,-81.237489)"
ORL,Executive,"Orlando, Florida",United States of America,America/New_York,-4.0,"(28.545464,-81.332936)"
RML,Colombo Ratmalana,Colombo,Sri Lanka,Asia/Colombo,5.5,"(6.821994,79.886208)"
CMB,Bandaranike,Colombo,Sri Lanka,Asia/Colombo,5.5,"(7.180756,79.884117)"
OUZ,Zouerate            ,Zouerate,Mauritania,Africa/Nouakchott,0.0,"(22.7564,-12.4836)"
NNB,Santa Ana Airport,Santa Ana,Solomon Islands,Pacific/Guadalcanal,11.0,"(-10.848056,162.454167)"
IFN,Esfahan Shahid Beheshti Intl,Isfahan,Iran,Asia/Tehran,3.5,"(32.750836,51.861267)"
GRZ,Graz,Graz,Austria,Europe/Vienna,2.0,"(46.991067,15.439628)"
GGZ,RAILWAY STATION,Graz,Austria,Europe/Vienna,2.0,"(0.0,0.0)"
YGQ,Geraldton Greenstone Regional,Geraldton,Canada,America/Toronto,-4.0,"(49.778332,-86.939445)"
IAN,Bob Baker Memorial Airport,"Kiana, Alaska",United States of America,America/Anchorage,-8.0,"(66.975833,-160.436667)"
AXP,Spring Point,Spring Point,Bahamas,America/Nassau,-4.0,"(22.441828,-73.970858)"
FRS,Mundo Maya International,Flores,Guatemala,America/Guatemala,-6.0,"(16.913819,-89.866383)"
HOR,Horta,Horta,Portugal,Atlantic/Azores,0.0,"(38.519894,-28.715872)"
UES,Waukesha County Airport,"Waukesha, Wisconsin",United States of America,America/Chicago,-5.0,"(43.0410278,-88.2370556)"
JOT,Regional Airport,"Joliet, IL",United States of America,America/Chicago,-5.0,"(41.517778,-88.175556)"
LAE,Nadzab,Lae,Papua New Guinea,Pacific/Port_Moresby,10.0,"(-6.569828,146.726242)"
SVG,Sola,Stavanger,Norway,Europe/Oslo,2.0,"(58.876778,5.637856)"
MEE,Mare,Mare,New Caledonia,Pacific/Noumea,11.0,"(-21.481678,168.037508)"
PAO,Palo Alto Airport of Santa Clara County,"Palo Alto, California",United States of America,America/Los_Angeles,-7.0,"(37.4611111,-122.1150556)"
VRU,Vryburg,Vryburg,South Africa,Africa/Johannesburg,2.0,"(-26.982408,24.728756)"
EPU,Parnu,Parnu,Estonia,Europe/Tallinn,3.0,"(58.419044,24.472819)"
GDL,Don Miguel Hidalgo Y Costilla Intl,Guadalajara,Mexico,America/Mexico_City,-6.0,"(20.5218,-103.311167)"
NTN,Normanton Airport,Normanton,Australia,Australia/Brisbane,10.0,"(-17.6836,141.07)"
DUE,Dundo Airport,Dundo,Angola,Africa/Luanda,1.0,"(-7.40089,20.8185)"
PNV,Pajuostis,Panevezys,Lithuania,Europe/Vilnius,3.0,"(55.729444,24.460833)"
OEM,Vincent Fayks Airport,Paloemeu,Surinam,America/Paramaribo,-3.0,"(5.811111,-55.190833)"
VLV,Dr Antonio Nicolas Briceno,Valera,Venezuela,America/Caracas,-4.0,"(9.340797,-70.584089)"
SXE,Sale                ,Sale,Australia,Australia/Melbourne,10.0,"(-38.09889,147.14944)"
WAD,Andriamena          ,Andriamena,Madagascar,Asia/Aden,3.0,"(0.0,0.0)"
ASD,Fresh Creek,Andros Town,Bahamas,America/Nassau,-4.0,"(24.698283,-77.795611)"
VVO,KNEVICHI,Vladivostok,Russian Federation,Asia/Vladivostok,10.0,"(43.398953,132.148017)"
AKN,King Salmon,"King Salmon, Alaska",United States of America,America/Anchorage,-8.0,"(58.676778,-156.649278)"
KGF,Sary-Arka,Karagandy,Kazakhstan,Asia/Qyzylorda,5.0,"(49.670833,73.334444)"
SNC,General Ulpiano Paez,Salinas,Ecuador,America/Guayaquil,-5.0,"(-2.204994,-80.988878)"
YKT,Klemtu              ,Klemtu,Canada,America/Vancouver,-7.0,"(52.59863,-128.5133)"
DGO,Durango Intl,Durango,Mexico,America/Monterrey,-6.0,"(24.124194,-104.528014)"
HSN,Zhoushan Airport,Zhoushan,China,Asia/Shanghai,8.0,"(29.9342,122.362)"
IXM,Madurai,Madurai,India,Asia/Kolkata,5.5,"(9.834508,78.093378)"
BIK,Frans Kaisiepo,Biak,Indonesia,Asia/Jayapura,9.0,"(-1.190017,136.107997)"
PRX,Paris               ,"Paris, TX",United States of America,America/Chicago,-5.0,"(33.6365,-95.45079)"
NUB,Numbulwar           ,Numbulwar,Australia,Australia/Darwin,9.5,"(-14.2717,135.717)"
OPA,Kopasker            ,Kopasker,Iceland,Atlantic/Reykjavik,0.0,"(66.3108,-16.4667)"
BNK,Ballina Byron Gateway,Ballina,Australia,Australia/Sydney,10.0,"(-28.833889,153.5625)"
BIG,Allen Aaf,"Big Delta, Alaska",United States of America,America/Anchorage,-8.0,"(63.994547,-145.721642)"
ODH,Odiham,Odiham,Great Britain (United Kingdom),Europe/London,1.0,"(51.234139,-0.942825)"
RAK,Menara,Marrakech,Marocco,Africa/Casablanca,1.0,"(31.606886,-8.0363)"
LMY,Lake Murray Airport,Lake Murray,Papua New Guinea,Asia/Vladivostok,10.0,"(-7.00992,141.494)"
ZJN,Swan River Airport,Swan River,Canada,America/Winnipeg,-5.0,"(52.1206,-101.236)"
ITH,Ithaca Tompkins Rgnl,"Ithaca, New York",United States of America,America/New_York,-4.0,"(42.491028,-76.458444)"
BBQ,Codrington Airport,Barbuda,Antigua and Barbuda,America/Antigua,-4.0,"(17.6358,-61.8286)"
DMT,Diamantino Airport,Diamantino,Brazil,America/Cuiaba,-4.0,"(-14.408889,-56.445833)"
MFQ,Maradi,Maradi,Niger,Africa/Niamey,1.0,"(13.502531,7.126753)"
ZEM,Eastmain River Airport,East Main,Canada,America/Montreal,-4.0,"(52.2264,-78.5225)"
BGF,Bangui M Poko,Bangui,Central African Republic,Africa/Bangui,1.0,"(4.398475,18.518786)"
NNG,Wuxu,Nanning,China,Asia/Chongqing,8.0,"(22.608267,108.172442)"
JSU,Maniitsoq Airport,Maniitsoq,Greenland,America/Godthab,-1.0,"(65.4125,-52.9394)"
URJ,Uraj,Uray,Russian Federation,Asia/Yekaterinburg,5.0,"(60.1,64.83)"
CFB,Cabo Frio International Airport,Cabo Frio,Brazil,America/Sao_Paulo,-3.0,"(-22.921667,-42.074167)"
PVH,Governador Jorge Teixeira De Oliveira,Porto Velho,Brazil,America/Porto_Velho,-4.0,"(-8.709294,-63.902281)"
DIU,Diu Airport,Diu,India,Asia/Kolkata,5.5,"(20.7131,70.9211)"
BGS,Богучаны,Boguchany,Russian Federation,Asia/Krasnoyarsk,7.0,"(58.3776603,97.4548174)"
SVL,Savonlinna,Savonlinna,Finland,Europe/Helsinki,3.0,"(61.943064,28.945136)"
TKQ,Kigoma Airport,Kigoma,Tanzania,Africa/Dar_es_Salaam,3.0,"(-4.883,29.633)"
HEA,Herat,Herat,Afghanistan,Asia/Kabul,4.5,"(34.210017,62.2283)"
FDY,Findlay Airport,"Findlay, Ohio",United States of America,America/New_York,-4.0,"(41.0120278,-83.6686111)"
RRA,Ronda Airport,Ronda,Spain,Europe/Monaco,2.0,"(36.75,-5.166667)"
ROP,Rota Intl,Rota,Northern Mariana Islands,Pacific/Saipan,10.0,"(14.174308,145.242536)"
XSC,South Caicos,South Caicos,Turks and Caicos Islands,America/Grand_Turk,-4.0,"(21.515739,-71.528528)"
LAH,Labuha              ,Labuha,Indonesia,Asia/Jayapura,9.0,"(0.0,0.0)"
CTU,Shuangliu,Chengdu,China,Asia/Shanghai,8.0,"(30.578528,103.947086)"
TFU,TIANFU INTERNATIONAL,Chengdu,China,Asia/Shanghai,8.0,"(30.319,104.445)"
SFM,Sanford Regional,"Sanford, Maine",United States of America,America/Toronto,-4.0,"(43.39383,-70.708)"
YBO,Bob Quinn Lake,Bobquinn Lake,Canada,America/Vancouver,-7.0,"(56.58,-130.5)"
MHH,Marsh Harbour,Marsh Harbour,Bahamas,America/Nassau,-4.0,"(26.511406,-77.083472)"
BUF,Buffalo Niagara Intl,"Buffalo, New York",United States of America,America/New_York,-4.0,"(42.940525,-78.732167)"
OKA,Naha,Okinawa,Japan,Asia/Tokyo,9.0,"(26.195814,127.645869)"
DNA,Kadena Ab,Okinawa,Japan,Asia/Tokyo,9.0,"(26.355612,127.767633)"
KNK,Kakhonak            ,"Kakhonak, Alaska",United States of America,America/Anchorage,-8.0,"(0.0,0.0)"
YHD,Dryden Rgnl,Dryden,Canada,America/Winnipeg,-5.0,"(49.831667,-92.744167)"
LTD,Ghadames East,Ghadames,Libyan Arab Jamahiriya,Africa/Tripoli,2.0,"(30.151695,9.715305)"
APC,Napa County Airport,"Napa, California",United States of America,America/Los_Angeles,-7.0,"(38.2131944,-122.2806944)"
AEO,Aioun El Atrouss,Aioun El Atrouss,Mauritania,Africa/Nouakchott,0.0,"(16.711294,-9.637883)"
HMO,General Ignacio P Garcia Intl,Hermosillo,Mexico,America/Hermosillo,-7.0,"(29.095858,-111.047858)"
NUR,Nurnberg HBF,Nullarbor,Australia,Australia/Adelaide,9.5,"(49.446,11.081944)"
EAR,Kearney Municipal Airport,"Kearney, NE",United States of America,America/Chicago,-5.0,"(40.727,-99.0068)"
TNA,Jinan,Jinan,China,Asia/Shanghai,8.0,"(36.857214,117.215992)"
RVY,Rivera International Airport,Rivera,Uruguay,America/Montevideo,-3.0,"(-30.974444,-55.476111)"
IXA,Agartala,Agartala,India,Asia/Kolkata,5.5,"(23.886978,91.24045)"
ATB,Atbara Airport,Atbara,Sudan,Africa/Khartoum,2.0,"(17.7,33.967)"
YPW,Powell River Airport,Powell River,Canada,America/Vancouver,-7.0,"(49.8342,-124.5)"
TPS,Trapani Birgi,Trapani,Italy,Europe/Rome,2.0,"(37.911403,12.487961)"
CZA,Chichen itza        ,Chichen Itza,Mexico,America/Merida,-6.0,"(20.64129,-88.44622)"
AUY,Anelghowhat Airport,Aneityum,Vanuatu,Pacific/Efate,11.0,"(-20.2492,169.771)"
CDC,Cedar City Rgnl,"Cedar City, Utah",United States of America,America/Denver,-6.0,"(37.700967,-113.098847)"
OTU,Otu,Otu,Colombia,America/Bogota,-5.0,"(7.010369,-74.715497)"
NKM,Nagoya Airport,Nagoya,Japan,Asia/Tokyo,9.0,"(35.255,136.924)"
NGO,Chubu Centrair Intl,Nagoya,Japan,Asia/Tokyo,9.0,"(34.858414,136.805408)"
NGY,EK Bus Station,Nagoya,Japan,Asia/Tokyo,9.0,"(0.0,0.0)"
RFP,Raiatea,Raiatea,French Polynesia,Pacific/Tahiti,-10.0,"(-16.722861,-151.465856)"
NRA,Narrandera Airport,Narrandera,Australia,Australia/Sydney,10.0,"(-34.7022,146.512)"
YKQ,Waskaganish Airport,Waskaganish,Canada,America/Montreal,-4.0,"(51.4733,-78.7583)"
VXC,Lichinga,Lichinga,Mozambique,Africa/Maputo,2.0,"(-13.273986,35.266262)"
GAU,Lokpriya Gopinath Bordoloi International Airport,Guwahati,India,Asia/Kolkata,5.5,"(26.106092,91.585939)"
VAS,Sivas,Sivas,Turkey,Europe/Istanbul,3.0,"(39.813828,36.903497)"
YPJ,Aupaluk Airport,Aupaluk,Canada,America/Montreal,-4.0,"(59.2967,-69.5997)"
ZHY,Zhongwei Xiangshan Airport,Zhongwei,China,Asia/Chongqing,8.0,"(37.5728,105.1544)"
YTS,Timmins,Timmins,Canada,America/Toronto,-4.0,"(48.569721,-81.376667)"
DUT,Unalaska,"Dutch Harbor, Alaska",United States of America,America/Nome,-8.0,"(53.900139,-166.5435)"
LOO,Laghouat,Laghouat,Algeria,Africa/Algiers,1.0,"(33.764383,2.928344)"
TMH,Tanahmerah          ,Tanahmerah,Indonesia,Asia/Jayapura,9.0,"(-6.1,140.3)"
TVU,Matei Airport,Taveuni,Fiji,Pacific/Fiji,12.0,"(-16.6906,-179.877)"
AIZ,Lee C Fine Memorial Airport,"Kaiser Lake Ozark, Missouri",United States of America,America/Chicago,-5.0,"(38.096035,-92.5494875)"
TOP,Philip Billard Muni,"Topeka, Kansas",United States of America,America/Chicago,-5.0,"(39.068657,-95.622482)"
FOE,Forbes Fld,"Topeka, Kansas",United States of America,America/Chicago,-5.0,"(38.950944,-95.663611)"
MUK,Mauke Airport,Mauke Island,Cook Islands,Pacific/Rarotonga,-10.0,"(-20.1361,-157.345)"
DGE,Mudgee Airport,Mudgee,Australia,Australia/Sydney,10.0,"(-32.5625,149.611)"
GAI,Montgomery County Airpark,"Gaithersburg, Maryland",United States of America,America/New_York,-4.0,"(39.1006,-77.09576)"
PDK,Dekalb-Peachtree Airport,"Atlanta, GA",United States of America,America/New_York,-4.0,"(33.8756111,-84.3019722)"
FTY,Fulton County Airport Brown Field,"Atlanta, GA",United States of America,America/New_York,-4.0,"(33.7791,-84.5214)"
ATL,Hartsfield Jackson Atlanta Intl,"Atlanta, GA",United States of America,America/New_York,-4.0,"(33.636719,-84.428067)"
KGP,Kogalym International,Kogalym,Russian Federation,Asia/Yekaterinburg,5.0,"(62.18,74.53)"
URA,Oral Ak Zhol,Uralsk,Kazakhstan,Asia/Qyzylorda,5.0,"(51.150833,51.543056)"
BSR,Basrah Intl,Basra,Iraq,Asia/Baghdad,3.0,"(30.549069,47.662142)"
HGU,Mount Hagen,Mount Hagen,Papua New Guinea,Pacific/Port_Moresby,10.0,"(-5.826789,144.295861)"
CSG,Columbus Metropolitan Airport,"Columbus, Georgia",United States of America,America/New_York,-4.0,"(32.5163333,-84.9388611)"
LSF,Lawson Aaf,"Columbus, Georgia",United States of America,America/New_York,-4.0,"(32.337322,-84.991283)"
UNT,Unst Airport,Unst Shetland Is,Great Britain (United Kingdom),Europe/London,1.0,"(60.7472,-0.85385)"
UKX,Ust-Kut,Ust Kut,Russian Federation,Asia/Irkutsk,8.0,"(56.85,105.7167)"
MXB,Masamba             ,Masamba,Indonesia,Asia/Makassar,8.0,"(-2.55804,120.324)"
MEG,Malanje,Malange,Angola,Africa/Luanda,1.0,"(-9.525086,16.312406)"
TIA,Tirana Rinas,Tirana,Albania,Europe/Tirane,2.0,"(41.414742,19.720561)"
YBK,Baker Lake,Baker Lake,Canada,America/Rankin_Inlet,-5.0,"(64.298889,-96.077778)"
LKP,Lake Placid Airport,"Lake Placid, New York",United States of America,America/New_York,-4.0,"(44.264444,-73.961944)"
GIC,Boigu Airport,Boigu Island,Australia,Australia/Brisbane,10.0,"(-9.23278,142.218)"
KGE,Kagau Island Airport,Kagau,Solomon Islands,Pacific/Guadalcanal,11.0,"(-7.333,157.583)"
AVO,Executive,"Avon Park, Florida",United States of America,America/New_York,-4.0,"(27.591389,-81.528889)"
SLA,Salta,Salta,Argentina,America/Argentina/Salta,-3.0,"(-24.855978,-65.486169)"
YZX,Greenwood,Greenwood,Canada,America/Halifax,-3.0,"(44.984444,-64.916944)"
CDI,Cambridge Municipal Airport,Cachoeiro De Itapemirim,Brazil,America/Sao_Paulo,-3.0,"(39.9750278,-81.5775833)"
SPF,Black Hills Airport-Clyde Ice Field,"Spearfish, South Dakota",United States of America,America/Denver,-6.0,"(44.4811407,-103.7860053)"
BUC,Burketown Airport,Burketown,Australia,Australia/Brisbane,10.0,"(-17.7486,139.534)"
BMP,Brampton Island,Brampton Island,Australia,Australia/Brisbane,10.0,"(-20.8044444,149.2794444)"
OMC,Ormoc Airport,Ormoc,Philippines,Asia/Manila,8.0,"(11.057997,124.565322)"
CPA,Cape Palmas Airport,Cape Palmas,Liberia,Africa/Monrovia,0.0,"(4.37902,-7.69695)"
CRC,Santa Ana Airport,Cartago,Colombia,America/Bogota,-5.0,"(4.758181,-75.955753)"
HHQ,Hua Hin,Hua Hin,Thailand,Asia/Bangkok,7.0,"(12.636225,99.951533)"
MCT,Muscat International,Muscat,Oman,Asia/Muscat,4.0,"(23.593278,58.284444)"
BBP,Bembridge,Bembridge,Great Britain (United Kingdom),Europe/London,1.0,"(50.677778,-1.109444)"
TAC,Daniel Z Romualdez,Tacloban,Philippines,Asia/Manila,8.0,"(11.227628,125.027758)"
KZC,Kompong-chhnang     ,Kompong Chhna,Cambodia,Asia/Phnom_Penh,7.0,"(12.2552,104.564)"
ASM,Asmara Intl,Asmara,Eritrea,Africa/Asmara,3.0,"(15.291853,38.910667)"
GKN,Gulkana,"Gulkana, Alaska",United States of America,America/Anchorage,-8.0,"(62.154888,-145.456639)"
INC,HEDONG,Yinchuan,China,Asia/Chongqing,8.0,"(38.481944,106.009167)"
DEN,Denver Intl,"Denver, Colorado",United States of America,America/Denver,-6.0,"(39.861656,-104.673178)"
APA,Centennial,"Denver, Colorado",United States of America,America/Denver,-6.0,"(39.570129,-104.849294)"
MVA,Reykjahlid Airport,Myvatn,Iceland,Atlantic/Reykjavik,0.0,"(65.6558,-16.9181)"
PTC,Port alice          ,"Port Alice, Alaska",United States of America,America/Anchorage,-8.0,"(0.0,0.0)"
SZV,Гуангфу,Suzhou,China,Asia/Shanghai,8.0,"(31.263056,120.400556)"
SZD,SUZHOU NORTH SQUARE,Suzhou,China,Asia/Shanghai,8.0,"(31.423646,120.639045)"
SZO,SUZHOU CITY TERMINAL,Suzhou,China,Asia/Shanghai,8.0,"(31.38392,120.59607)"
YQK,Kenora,Kenora,Canada,America/Winnipeg,-5.0,"(49.788334,-94.363056)"
PMI,Palma de Mallorca,Palma Mallorca,Spain,Europe/Madrid,2.0,"(39.55361,2.727778)"
PSS,Posadas,Posadas,Argentina,America/Argentina/Cordoba,-3.0,"(-27.385839,-55.970728)"
ISO,Kinston Regional Jetport,"Kinston, North Carolina",United States of America,America/New_York,-4.0,"(35.331389,-77.608889)"
DUM,Pinang Kampai,Dumai,Indonesia,Asia/Jakarta,7.0,"(1.609194,101.433558)"
NQU,Reyes Murillo Airport,Nuqui,Colombia,America/Bogota,-5.0,"(5.7,-77.28)"
UGC,Urgench Airport,Urgench,Uzbekistan,Asia/Samarkand,5.0,"(41.5843,60.6417)"
RAR,Rarotonga Intl,Rarotonga,Cook Islands,Pacific/Rarotonga,-10.0,"(-21.202739,-159.805556)"
ALZ,Alitak Seaplane Base,"Alitak, Alaska",United States of America,America/Anchorage,-8.0,"(56.899444,-154.247778)"
DVT,Deer Valley Municipal Airport,"Phoenix, Arizona",United States of America,America/Phoenix,-7.0,"(33.4117,112.457)"
LUF,Luke Afb,"Phoenix, Arizona",United States of America,America/Phoenix,-7.0,"(33.535,-112.38306)"
SCF,Scottsdale mncpl    ,"Phoenix, Arizona",United States of America,America/Phoenix,-7.0,"(33.62282,-111.91098)"
PHX,Phoenix Sky Harbor Intl,"Phoenix, Arizona",United States of America,America/Phoenix,-7.0,"(33.434278,-112.011583)"
AZA,Phoenix-Mesa Gateway,"Phoenix, Arizona",United States of America,America/Phoenix,-7.0,"(33.307833,-111.655)"
HTO,East hampton        ,"East Hampton, New York",United States of America,America/New_York,-4.0,"(40.96159,-72.24852)"
KNU,Kanpur,Kanpur,India,Asia/Kolkata,5.5,"(26.441444,80.364864)"
NLI,Nikolaevsk na amure,Nikolaevsk na Amure,Russian Federation,Asia/Vladivostok,10.0,"(53.150421,140.663725)"
TAG,Tagbilaran,Tagbilaran,Philippines,Asia/Manila,8.0,"(9.66408056,123.853247)"
BTZ,Bursa               ,Bursa,Turkey,Europe/Istanbul,3.0,"(0.0,0.0)"
YEI,Yenisehir Airport,Bursa,Turkey,Europe/Istanbul,3.0,"(40.255208,29.562569)"
TMU,Tambor Airport,Tambor,Costa Rica,America/Costa_Rica,-6.0,"(9.73852,-85.0138)"
KBX,Kambuaya            ,Kambuaya,Indonesia,Asia/Jayapura,9.0,"(-1.0,132.25)"
WJU,Wonju Airport,Won Ju,Korea (South),Asia/Seoul,9.0,"(37.438081,127.960383)"
SEB,Sebha,Sebha,Libyan Arab Jamahiriya,Africa/Tripoli,2.0,"(26.986964,14.472525)"
LDH,Lord Howe Island Airport,Lord Howe Island,Australia,Australia/Lord_Howe,10.5,"(-31.5383,159.077)"
OES,Antoine De St Exupery Airport,San Antonio Oeste,Argentina,America/Argentina/Salta,-3.0,"(-40.7512,-65.0343)"
UUD,Mukhino,Ulan Ude,Russian Federation,Asia/Irkutsk,8.0,"(51.807764,107.437644)"
VII,Vinh Airport,Vinh City,Viet Nam,Asia/Ho_Chi_Minh,7.0,"(18.737569,105.670764)"
CST,Castaway            ,Castaway,Fiji,Pacific/Fiji,12.0,"(0.0,0.0)"
YGJ,Yonago Kitaro,Yonago,Japan,Asia/Tokyo,9.0,"(35.492222,133.236389)"
CAP,Cap Haitien Intl,Cap Haitien,Haiti,America/Port-au-Prince,-4.0,"(19.732989,-72.194739)"
WRI,Mc Guire Afb,"Fort Dix, New Jersey",United States of America,America/New_York,-4.0,"(40.015556,-74.591667)"
WOT,Wang An,Wonan,Taiwan,Asia/Taipei,8.0,"(23.370833,119.494444)"
FPO,Grand Bahama Intl,Freeport,Bahamas,America/Nassau,-4.0,"(26.558686,-78.695553)"
MIP,Mitspeh ramon       ,Mitspeh Ramon,Israel,Asia/Jerusalem,3.0,"(30.77473,34.66787)"
MQS,Mustique,Mustique Island,Saint Vincent and the Grenadines,America/St_Vincent,-4.0,"(12.887947,-61.180161)"
CDR,Chadron Municipal Airport,"Chadron, Nebraska",United States of America,America/Denver,-6.0,"(42.8375,-103.095556)"
GPB,Tancredo Thomaz de Faria Airport,Guarapuava,Brazil,America/Sao_Paulo,-3.0,"(-25.383333,-51.45)"
ZUN,Black Rock,"Chicago, Illinois",United States of America,America/Chicago,-5.0,"(35.083228,-108.791778)"
NOH,Chicago nas         ,"Chicago, Illinois",United States of America,America/Chicago,-5.0,"(0.0,0.0)"
DPA,Dupage,"Chicago, Illinois",United States of America,America/Chicago,-5.0,"(41.907778,-88.248611)"
GYY,Gary Chicago International Airport,"Chicago, Illinois",United States of America,America/Chicago,-5.0,"(41.6163,-87.4128)"
CGX,Meigs Field,"Chicago, Illinois",United States of America,America/Chicago,-5.0,"(41.860278,-87.609722)"
MDW,Chicago Midway Intl,"Chicago, Illinois",United States of America,America/Chicago,-5.0,"(41.785972,-87.752417)"
PWK,Chicago Executive,"Chicago, Illinois",United States of America,America/Chicago,-5.0,"(42.1142897,-87.9015376)"
ORD,Chicago Ohare Intl,"Chicago, Illinois",United States of America,America/Chicago,-5.0,"(41.978603,-87.904842)"
RFD,Chicago Rockford International Airport ,"Chicago, Illinois",United States of America,America/Chicago,-5.0,"(42.1953611,-89.0972222)"
LBB,Lubbock Preston Smith Intl,"Lubbock, Texas",United States of America,America/Chicago,-5.0,"(33.663639,-101.822778)"
FGI,Fagali\\'i,Apia,Samoa,Pacific/Apia,13.0,"(-13.84861111,-171.7408333)"
APW,Faleolo Intl,Apia,Samoa,Pacific/Apia,13.0,"(-13.829969,-172.008336)"
OGL,Ogle,Ogle,Guyana,America/Guyana,-4.0,"(6.806944,-58.104444)"
TBG,Tabubil Airport,Tabubil,Papua New Guinea,Pacific/Port_Moresby,10.0,"(-5.27861,141.226)"
NGK,NOGLIKI,Nogliki,Russian Federation,Asia/Sakhalin,11.0,"(51.788497,143.140783)"
CDS,Childress Muni,"Childress, Texas",United States of America,America/Chicago,-5.0,"(34.433781,-100.287992)"
CCK,Cocos Keeling Island Airport,Cocos Islands,Cocos (Keeling) Islands,Indian/Cocos,6.5,"(-12.1883,96.8339)"
IND,Indianapolis Intl,"Indianapolis, Indiana",United States of America,America/Indiana/Indianapolis,-4.0,"(39.717331,-86.294383)"
TCA,Tennant Creek Airport,Tennant Creek,Australia,Australia/Darwin,9.5,"(-19.6344,134.183)"
RIA,Santa Maria Airport,Santa Maria,Brazil,America/Sao_Paulo,-3.0,"(-29.711358,-53.688153)"
AUH,Abu Dhabi Intl,Abu Dhabi,United Arab Emirates,Asia/Dubai,4.0,"(24.432972,54.651138)"
ZVJ,Ek bus station,Abu Dhabi,United Arab Emirates,Asia/Dubai,4.0,"(0.0,0.0)"
AZI,Bateen,Abu Dhabi,United Arab Emirates,Asia/Dubai,4.0,"(24.428333,54.458084)"
YNM,Matagami,Matagami,Canada,America/Montreal,-4.0,"(49.761667,-77.802778)"
BJD,Bakkafjordur        ,Bakkafjordur,Iceland,Atlantic/Reykjavik,0.0,"(66.0219,-14.8244)"
WBB,Stebbins Airport,"Stebbins, Alaska",United States of America,America/Anchorage,-8.0,"(63.515833,-162.278056)"
QLS,ЛОЗАННА,Lausanne,Switzerland,Europe/Monaco,2.0,"(46.5436,6.61669)"
PLQ,Palanga International,Palanga,Lithuania,Europe/Vilnius,3.0,"(55.973228,21.093856)"
ASE,Aspen Pitkin County Sardy Field,"Aspen, Colorado",United States of America,America/Denver,-6.0,"(39.2232,-106.869)"
YWS,Whistler/Green Lake Water Aerodrome,Whistler,Canada,America/Vancouver,-7.0,"(50.1436,-122.949)"
KDV,Vunisea Airport,Kandavu,Fiji,Pacific/Fiji,12.0,"(-19.0581,178.157)"
TDK,Taldykorgan,Taldykorgan,Kazakhstan,Asia/Qyzylorda,5.0,"(45.016667,78.366667)"
TNX,Tonopah Test Range,Stung Treng,Cambodia,Asia/Phnom_Penh,7.0,"(37.798836,-116.78075)"
UEE,Queenstown          ,Queenstown,Australia,Australia/Hobart,10.0,"(-42.075,145.532)"
MWF,Naone Airport,Maewo,Vanuatu,Pacific/Efate,11.0,"(-15.0,168.083)"
QRW,Warri Airport,Warri,Nigeria,Africa/Lagos,1.0,"(5.31,5.45)"
ILI,Iliamna,"Iliamna, Alaska",United States of America,America/Anchorage,-8.0,"(59.754356,-154.910961)"
SMM,Semporna            ,Semporna,Malaysia,Asia/Singapore,8.0,"(4.45,118.583)"
PTB,Dinwiddie County Airport,"Petersburg, Virginia",United States of America,America/New_York,-4.0,"(37.18375,-77.507388)"
SNW,Thandwe,Thandwe,Myanmar,Asia/Rangoon,6.5,"(18.460731,94.300119)"
ULX,Ulusaba Airstrip,Ulusaba,South Africa,Africa/Kigali,2.0,"(-24.782766,31.353929)"
OTS,Anacortes Airport,"Anacortes, Washington",United States of America,America/Vancouver,-7.0,"(48.498889,-122.6625)"
TYS,Mc Ghee Tyson,"Knoxville, Tennessee",United States of America,America/New_York,-4.0,"(35.810972,-83.994028)"
WCH,Chaiten,Chaiten,Chili,America/Santiago,-4.0,"(-42.932808,-72.699114)"
PYC,Playon Chico,Playon Chico,Panama,America/Panama,-5.0,"(9.303333,-78.236111)"
PIK,Prestwick,Glasgow,Great Britain (United Kingdom),Europe/London,1.0,"(55.509444,-4.586667)"
GLA,Glasgow International,Glasgow,Great Britain (United Kingdom),Europe/London,1.0,"(55.871944,-4.433056)"
ZGG,Central railway stn,Glasgow,Great Britain (United Kingdom),Europe/London,1.0,"(0.0,0.0)"
GGE,Georgetown County Airport,"Georgetown, South Carolina",United States of America,America/New_York,-4.0,"(33.3114018,-79.3203139)"
GZA,Yasser Arafat Intl,Gaza City,Palestinian Territory (occupied),Asia/Gaza,3.0,"(31.246389,34.276111)"
SHM,Nanki Shirahama,Shirahama,Japan,Asia/Tokyo,9.0,"(33.662222,135.364444)"
ELF,El Fashir,El Fasher,Sudan,Africa/Khartoum,2.0,"(13.614892,25.32465)"
CKG,Jiangbei,Chongqing,China,Asia/Chongqing,8.0,"(29.719217,106.641678)"
LSM,Long semado         ,Long Semado,Malaysia,Asia/Kuching,8.0,"(4.217,115.6)"
PYX,Pattaya             ,Pattaya,Thailand,Asia/Bangkok,7.0,"(0.0,0.0)"
BUR,Bob Hope,"Burbank, California",United States of America,America/Los_Angeles,-7.0,"(34.200667,-118.358667)"
YHZ,Halifax Intl,Halifax,Canada,America/Halifax,-3.0,"(44.880833,-63.50861)"
YAW,Shearwater,Halifax,Canada,America/Halifax,-3.0,"(44.639721,-63.499444)"
SKU,Skiros,Skiros,Greece,Europe/Athens,3.0,"(38.967553,24.487228)"
VAG,Major Brigadeiro Trompowsky,Varginha,Brazil,America/Sao_Paulo,-3.0,"(-21.590067,-45.473342)"
PIO,Pisco Intl,Pisco,Peru,America/Lima,-5.0,"(-13.744864,-76.220284)"
HAU,Karmoy,Haugesund,Norway,Europe/Oslo,2.0,"(59.345267,5.208364)"
PIA,Peoria Regional,"Peoria, Illinois",United States of America,America/Chicago,-5.0,"(40.664203,-89.693258)"
DAD,Danang Intl,Da Nang,Viet Nam,Asia/Ho_Chi_Minh,7.0,"(16.043917,108.19937)"
PNT,Puerto Natales,Puerto Natales,Chili,America/Santiago,-4.0,"(-51.733333,-72.516667)"
LSS,Terre-de-Haut Airport,Terre De Haut,Guadeloupe,America/Guadeloupe,-4.0,"(15.8644,-61.5806)"
AKJ,Asahikawa,Asahikawa,Japan,Asia/Tokyo,9.0,"(43.670833,142.4475)"
SVQ,Sevilla,Sevilla,Spain,Europe/Madrid,2.0,"(37.418,-5.893106)"
XQA,Santa Justa Railway Station,Sevilla,Spain,Europe/Madrid,2.0,"(0.0,0.0)"
KAC,Kamishly Airport,Kameshli,Syria,Asia/Damascus,3.0,"(37.020625,41.191394)"
GRS,Grosseto,Grosseto,Italy,Europe/Rome,2.0,"(42.759747,11.071897)"
TRI,Tri-Cities Regional Airport,Bristol,United States of America,America/New_York,-4.0,"(36.4752222,-82.4074167)"
YMW,Maniwaki,Maniwaki,Canada,America/Montreal,-4.0,"(46.272778,-75.990556)"
UYN,Yulin Airport,Yulin (Shaanxi),China,Asia/Chongqing,8.0,"(38.2692,109.731)"
WAG,Wanganui,Wanganui,New Zealand,Pacific/Auckland,12.0,"(-39.962222,175.025278)"
JIB,Ambouli International Airport,Djibouti,Djibouti,Africa/Djibouti,3.0,"(11.5472,43.1594)"
MAV,Maloelap Island Airport,Maloelap Island,Marshall Islands,Asia/Vladivostok,10.0,"(8.70444,171.23)"
GLX,Galela              ,Galela,Indonesia,Asia/Jayapura,9.0,"(1.81667,127.83333)"
KEP,Nepalgunj Airport,Nepalganj,Nepal,Asia/Kathmandu,5.75,"(28.103633,81.667006)"
KGL,Kigali Intl,Kigali,Rwanda,Africa/Kigali,2.0,"(-1.968628,30.13945)"
HUZ,Huizhou,Huizhou,China,Asia/Hong_Kong,8.0,"(23.083332,114.36667)"
CRW,Yeager,"Charleston, WV",United States of America,America/New_York,-4.0,"(38.373147,-81.593189)"
LYT,Lady Elliot Island,Lady Elliot Islan,Australia,Australia/Brisbane,10.0,"(-24.113333,152.715278)"
MWH,Grant Co Intl,"Moses Lake, Washington",United States of America,America/Los_Angeles,-7.0,"(47.207708,-119.32019)"
PPT,Faaa International,Papeete,French Polynesia,Pacific/Tahiti,-10.0,"(-17.556667,-149.611389)"
GUB,Guerrero Negro Airport,Guerrero Negro,Mexico,America/Santa_Isabel,-7.0,"(28.0261,-114.024)"
UII,Utila Airport,Utila,Honduras,America/Tegucigalpa,-6.0,"(16.091667,-86.8875)"
CTN,Cooktown Airport,Cooktown,Australia,Australia/Brisbane,10.0,"(-15.4447,145.184)"
OUA,Ouagadougou,Ouagadougou,Burkina-Faso,Africa/Ouagadougou,0.0,"(12.353194,-1.512417)"
ERN,Amaury Feitosa Tomaz Airport,Eirunepe,Brazil,America/Eirunepe,-5.0,"(-6.639444,-69.879722)"
TBO,Tabora Airport,Tabora,Tanzania,Africa/Dar_es_Salaam,3.0,"(-5.07639,32.8333)"
VUP,Alfonso Lopez Pumarejo,Valledupar,Colombia,America/Bogota,-5.0,"(10.435042,-73.249506)"
NGB,Lishe,Ningbo,China,Asia/Shanghai,8.0,"(29.826683,121.461906)"
PBM,Johan A Pengel Intl,Paramaribo,Surinam,America/Paramaribo,-3.0,"(5.452831,-55.187783)"
ORG,Zorg en Hoop Airport,Paramaribo,Surinam,America/Paramaribo,-3.0,"(5.81108,-55.1907)"
MRQ,Marinduque Airport,Marinduque,Philippines,Asia/Manila,8.0,"(13.360967,121.825583)"
LWE,Lewoleba            ,Lewoleba,Indonesia,Asia/Brunei,8.0,"(-8.38142,123.401)"
ZPQ,Rheine Bentlage,Rheine,Germany,Europe/Monaco,2.0,"(52.27656,7.43843)"
KWF,Waterfall           ,"Waterfall, Alaska",United States of America,America/Anchorage,-8.0,"(55.29484,-133.24575)"
KCC,Coffman Cove Seaplane Base,"Coffman Cove, Alaska",United States of America,America/Anchorage,-8.0,"(56.014722,-132.833889)"
ZQF,Trier Fohren,Trier,Germany,Europe/Monaco,2.0,"(49.8635,6.788167)"
OND,Ondangwa Airport,Ondangwa,Namibia,Africa/Windhoek,2.0,"(-17.8782,15.9526)"
VKG,Rach Gia,Rach Gia,Viet Nam,Asia/Ho_Chi_Minh,7.0,"(9.949676,105.133659)"
BHU,Bhavnagar,Bhavnagar,India,Asia/Kolkata,5.5,"(21.752206,72.185181)"
TRM,Jacqueline Cochran Regional Airport,"Thermal, California",United States of America,America/Los_Angeles,-7.0,"(33.626666,-116.1596667)"
FWM,Fort William Heliport,Fort William,Great Britain (United Kingdom),Europe/Lisbon,1.0,"(56.816666,-5.116667)"
BGK,Big Creek Airport,Big Creek,Belize,America/Regina,-6.0,"(16.516667,-88.416667)"
JSH,Sitia,Sitia,Greece,Europe/Athens,3.0,"(35.216108,26.101325)"
UGN,Waukegan Rgnl,"Waukegan, IL",United States of America,America/Chicago,-5.0,"(42.422161,-87.867908)"
LAY,Ladysmith,Ladysmith,South Africa,Africa/Johannesburg,2.0,"(-28.581667,29.749722)"
PAX,Port-de-Paix Airport,Port De Paix,Haiti,America/Port-au-Prince,-4.0,"(19.9336,-72.8486)"
DIK,Dickinson Theodore Roosevelt Regional Airport,"Dickinson, ND",United States of America,America/Denver,-6.0,"(46.7975,-102.801944)"
HSC,Shaoguan Danxia Airport,Shaoguan,China,Asia/Shanghai,8.0,"(24.978611,113.421111)"
PBF,Grider Fld,"Pine Bluff, Arkansas",United States of America,America/Chicago,-5.0,"(34.173142,-91.935597)"
SVN,Hunter Aaf,"Savannah, Georgia",United States of America,America/New_York,-4.0,"(32.01,-81.145683)"
SAV,Savannah Hilton Head Intl,"Savannah, Georgia",United States of America,America/New_York,-4.0,"(32.127583,-81.202139)"
ARU,Aracatuba,Aracatuba,Brazil,America/Sao_Paulo,-3.0,"(-21.141342,-50.424722)"
TOA,Zamperini Field Airport,"Torrance, California",United States of America,America/Los_Angeles,-7.0,"(33.803392,-118.339611)"
GRJ,George,George,South Africa,Africa/Johannesburg,2.0,"(-34.005553,22.378889)"
PXM,Puerto Escondido Intl,Puerto Escondido,Mexico,America/Mexico_City,-6.0,"(15.876861,-97.089117)"
GHA,Noumerat,Ghardaia,Algeria,Africa/Algiers,1.0,"(32.384106,3.794114)"
ISJ,Isla Mujeres,Isla Mujeres,Mexico,America/Cancun,-5.0,"(21.245033,-86.739967)"
MYY,Miri,Miri,Malaysia,Asia/Kuching,8.0,"(4.322014,113.986806)"
ICT,Wichita Mid Continent,"Wichita, Kansas",United States of America,America/Chicago,-5.0,"(37.649944,-97.433056)"
IAB,Mc Connell Afb,"Wichita, Kansas",United States of America,America/Chicago,-5.0,"(37.621853,-97.268192)"
LST,Launceston,Launceston,Australia,Australia/Hobart,10.0,"(-41.545278,147.214167)"
DJO,Daloa,Daloa,Cote d'Ivoire,Africa/Abidjan,0.0,"(6.792808,-6.473189)"
PVA,El Embrujo,Providencia,Colombia,America/Bogota,-5.0,"(13.356944,-81.35833)"
BUO,Burao Airport,Burao,Somali,Africa/Mogadishu,3.0,"(9.517,45.567)"
IXH,Kailashahar,Kailashahar,India,Asia/Kolkata,5.5,"(24.308192,92.007156)"
YHR,Chevery Airport,Chevery,Canada,America/Blanc-Sablon,-4.0,"(50.4689,-59.6367)"
WWY,West wyalong        ,West Wyalong,Australia,Australia/Sydney,10.0,"(0.0,0.0)"
UTH,Udon Thani,Udon Thani,Thailand,Asia/Bangkok,7.0,"(17.386436,102.788247)"
WAC,Waca                ,Waca,Ethiopia,Africa/Addis_Ababa,3.0,"(7.167,37.167)"
CYP,Calbayog Airport,Calbayog,Philippines,Asia/Manila,8.0,"(12.072706,124.545092)"
WLH,Walaha Airport,Walaha,Vanuatu,Pacific/Efate,11.0,"(-15.412,167.691)"
HOK,Hooker Creek Airport,Hooker Creek,Australia,Australia/Darwin,9.5,"(-18.3367,130.638)"
AMC,Am Timan Airport,Am Timan,Chad,Africa/Ndjamena,1.0,"(11.034,20.274)"
RYN,Medis,Royan,France,Europe/Paris,2.0,"(45.628056,-0.9725)"
LED,Pulkovo,Saint Petersburg,Russian Federation,Europe/Moscow,3.0,"(59.800292,30.262503)"
FVS,FINLYANDSKY RAIL STN,Saint Petersburg,Russian Federation,Europe/Moscow,3.0,"(59.955676,30.356448)"
KWA,Bucholz Aaf,Kwajalein,Marshall Islands,Pacific/Kwajalein,12.0,"(8.720122,167.731661)"
LPM,Lamap Airport,Lamap,Vanuatu,Pacific/Efate,11.0,"(-16.454,167.823)"
CEB,Mactan Cebu Intl,Cebu,Philippines,Asia/Manila,8.0,"(10.307542,123.979439)"
MGD,Magdalena           ,Magdalena,Bolivia,America/La_Paz,-4.0,"(-13.33333,-64.11667)"
YSE,Swan river          ,Squamish,Canada,America/Vancouver,-7.0,"(0.0,0.0)"
WET,Wagethe             ,Wagethe,Indonesia,Asia/Jayapura,9.0,"(-4.04423,136.278)"
NVK,Framnes,Narvik,Norway,Europe/Oslo,2.0,"(68.435833,17.388056)"
JSZ,Saint tropez        ,Saint Tropez,France,Europe/Paris,2.0,"(0.0,0.0)"
LTT,La Môle Airport,Saint Tropez,France,Europe/Paris,2.0,"(43.2054,6.482)"
YGH,Fort Good Hope,Fort Good Hope,Canada,America/Yellowknife,-6.0,"(66.26666667,-128.65)"
RUS,Marau Airport,Marau Sound,Solomon Islands,Pacific/Guadalcanal,11.0,"(-9.86167,160.825)"
LAJ,Lages               ,Lages,Brazil,America/Sao_Paulo,-3.0,"(-27.7821,-50.2815)"
DHN,Dothan Rgnl,"Dothan, Alabama",United States of America,America/Chicago,-5.0,"(31.321339,-85.449628)"
PPB,Presidente Prudente,Presidente Pruden,Brazil,America/Sao_Paulo,-3.0,"(-22.175056,-51.424639)"
GRB,Austin Straubel Intl,"Green Bay, WI",United States of America,America/Chicago,-5.0,"(44.485072,-88.129589)"
PLD,Playa Samara Airport,Playa Samara,Costa Rica,America/Costa_Rica,-6.0,"(10.25,-85.417)"
SWX,Shakawe Airport,Shakawe,Botswana,Africa/Gaborone,2.0,"(-18.3739,21.8326)"
TCQ,Coronel Carlos Ciriani Santa Rosa Intl,Tacna,Peru,America/Lima,-5.0,"(-18.053333,-70.275833)"
OBS,Ardeche Meridionale,Aubenas,France,Europe/Paris,2.0,"(44.544236,4.372192)"
RMG,Richard B Russell Airport,"Rome, Georgia",United States of America,America/New_York,-4.0,"(34.3507778,-85.1586667)"
VAA,Vaasa,Vaasa,Finland,Europe/Helsinki,3.0,"(63.05065,21.762175)"
RRK,Rourkela,Rourkela,India,Asia/Kolkata,5.5,"(22.25665,84.814567)"
CXL,Calexico Intl,"Calexico, California",United States of America,America/Los_Angeles,-7.0,"(32.669502,-115.51333)"
IWA,Yuzhny,Ivanovo (Ivanovskaya obl.),Russian Federation,Europe/Moscow,3.0,"(56.939444,40.940833)"
TMT,Trombetas,Trombetas,Brazil,America/Santarem,-3.0,"(-1.4896,-56.396803)"
MKS,Mekane Salam Airport,Mekane Selam,Ethiopia,Africa/Addis_Ababa,3.0,"(10.633333,38.783333)"
ANI,Aniak Airport,"Aniak, Alaska",United States of America,America/Anchorage,-8.0,"(61.5816,-159.543)"
ENH,Enshi Airport,Enshi,China,Asia/Shanghai,8.0,"(30.3203,109.485)"
COL,Coll Airport,Coll Island,Great Britain (United Kingdom),Europe/London,1.0,"(56.633333,-6.557222)"
KNN,Kankan,Kankan,Guinea,Africa/Conakry,0.0,"(10.448333,-9.227499)"
IWO,Iwo Jima,Iwo Jima Vol,Japan,Asia/Tokyo,9.0,"(24.784,141.322722)"
CUR,Hato,Curacao,Curacao,America/Curacao,-4.0,"(12.188853,-68.959803)"
MYD,Malindi Airport,Malindi,Kenya,Africa/Nairobi,3.0,"(-3.22931,40.1017)"
BDJ,Syamsudin Noor,Banjarmasin,Indonesia,Asia/Makassar,8.0,"(-3.442356,114.762553)"
WVK,Manakara,Manakara,Madagascar,Indian/Antananarivo,3.0,"(-22.119722,48.021667)"
CFS,Coffs Harbour,Coffs Harbour,Australia,Australia/Sydney,10.0,"(-30.320556,153.116389)"
ISE,Isparta Süleyman Demirel Airport,Isparta,Turkey,Europe/Istanbul,3.0,"(37.8554,30.3684)"
RPM,Ngukurr             ,Ngukurr,Australia,Australia/Darwin,9.5,"(-14.7228,134.74699)"
ELV,Elfin Cove Seaplane Base,"Elfin Cove, Alaska",United States of America,America/Juneau,-8.0,"(58.195278,-136.3475)"
MEN,Brenoux,Mende,France,Europe/Paris,2.0,"(44.502108,3.532819)"
YAV,Winnipeg St Andrews,Miners Bay,Canada,America/Vancouver,-7.0,"(50.056389,-97.0325)"
NTI,Bintuni             ,Bintuni,Indonesia,Asia/Jayapura,9.0,"(-2.10416,133.522)"
KMA,Kerema Airport,Kerema,Papua New Guinea,Pacific/Port_Moresby,10.0,"(-7.96361,145.771)"
LOS,Murtala Muhammed,Lagos,Nigeria,Africa/Lagos,1.0,"(6.577369,3.321156)"
PEA,Penneshaw Airport,Penneshaw,Australia,Australia/Adelaide,9.5,"(-34.75,137.933)"
SBF,САРДЕХ БАНД,Sardeh Band,Afghanistan,Asia/Kabul,4.5,"(0.0,0.0)"
IFP,Laughlin-Bullhead Intl,"Bullhead City, Arizona",United States of America,America/Phoenix,-7.0,"(35.1574,-114.56)"
BHH,Bisha,Bisha,Saudi Arabia,Asia/Riyadh,3.0,"(19.98435,42.620881)"
MRU,Sir Seewoosagur Ramgoolam Intl,Mauritius,Mauritius,Indian/Mauritius,4.0,"(-20.430235,57.6836)"
KRV,Kerio Valley,Kerio Valley,Kenya,Asia/Aden,3.0,"(0.1912,35.3954)"
MEU,Monte dourado       ,Monte Dourado,Brazil,America/Santarem,-3.0,"(-0.88984,-52.6022)"
ADJ,Marka Intl,Amman,Jordan,Asia/Amman,3.0,"(31.972703,35.991569)"
AMM,Queen Alia Intl,Amman,Jordan,Asia/Amman,3.0,"(31.722556,35.993214)"
FAO,Faro International,Faro,Portugal,Europe/Lisbon,1.0,"(37.014425,-7.965911)"
STE,Stevens Point Municipal Airport,"Stevens Point, Wisconsin",United States of America,America/Merida,-6.0,"(44.5451356,-89.5302844)"
KDD,Khuzdar Airport,Khuzdar,Pakistan,Asia/Karachi,5.0,"(27.7906,66.6473)"
SUU,Travis Afb,"Fairfield, California",United States of America,America/Los_Angeles,-7.0,"(38.262692,-121.927464)"
POT,Ken Jones,Port Antonio,Jamaica,America/Jamaica,-5.0,"(18.198806,-76.534528)"
VBV,Vanua Balavu Airport,Vanuabalavu,Fiji,Pacific/Fiji,12.0,"(-17.269,-178.976)"
BHR,Bharatpur Airport,Bharatpur,Nepal,Asia/Kathmandu,5.75,"(27.6781,84.4294)"
ANQ,Tri-State Steuben County Airport,"Angola, Indiana",United States of America,America/Indiana/Indianapolis,-4.0,"(41.6396983,-85.0834933)"
YSR,Nanisivik,Nanisivik,Canada,America/Iqaluit,-4.0,"(72.982222,-84.613611)"
TKG,Radin Inten II (Branti) Airport,Bandar Lampung,Indonesia,Asia/Jakarta,7.0,"(-5.242339,105.178939)"
AOI,Falconara,Ancona,Italy,Europe/Rome,2.0,"(43.616389,13.362222)"
MRK,Marco Islands,"Marco Island, Florida",United States of America,America/Indiana/Indianapolis,-4.0,"(25.9950278,-81.6725278)"
ABJ,Abidjan Felix Houphouet Boigny Intl,Abidjan,Cote d'Ivoire,Africa/Abidjan,0.0,"(5.261386,-3.926294)"
BJF,Batsfjord,Batsfjord,Norway,Europe/Oslo,2.0,"(70.600278,29.6925)"
PVK,Aktio,Preveza Lefkas,Greece,Europe/Athens,3.0,"(38.925467,20.765311)"
BOU,Bourges,Bourges,France,Europe/Paris,2.0,"(47.058056,2.370278)"
AUL,Aur Island Airport,Aur Island,Marshall Islands,Asia/Vladivostok,10.0,"(8.14528,171.173)"
XMS,Coronel E Carvajal,Macas,Ecuador,America/Guayaquil,-5.0,"(-2.299167,-78.12075)"
KTG,Rahadi Usman,Ketapang,Indonesia,Asia/Pontianak,7.0,"(-1.816639,109.963483)"
LKN,Leknes Airport,Leknes,Norway,Europe/Oslo,2.0,"(68.1525,13.6094)"
UKB,Kobe,Osaka,Japan,Asia/Tokyo,9.0,"(34.632778,135.223889)"
ITM,Osaka Intl,Osaka,Japan,Asia/Tokyo,9.0,"(34.785528,135.438222)"
KIX,Kansai,Osaka,Japan,Asia/Tokyo,9.0,"(34.4347222,135.244167)"
ENF,Enontekio,Enontekio,Finland,Europe/Helsinki,3.0,"(68.362586,23.424322)"
ZAD,Zadar,Zadar,Croatia,Europe/Zagreb,2.0,"(44.108269,15.346697)"
GNT,Grants Milan Muni,"Grants, New Mexico",United States of America,America/Denver,-6.0,"(35.167286,-107.901989)"
SMW,Smara Airport,Smara,Marocco,Africa/El_Aaiun,1.0,"(26.7318,-11.6847)"
POP,Gregorio Luperon Intl,Puerto Plata,Dominican Republic,America/Santo_Domingo,-4.0,"(19.7579,-70.570033)"
YDF,Deer Lake,"Deer Lake, NL",Canada,America/St_Johns,-2.5,"(49.210833,-57.391388)"
MGM,Montgomery Regional Airport ,"Montgomery, AL",United States of America,America/Chicago,-5.0,"(32.3006389,-86.3939722)"
MXF,Maxwell Afb,"Montgomery, AL",United States of America,America/Chicago,-5.0,"(32.382944,-86.365778)"
SRL,Palo Verde Airport,Santa Rosalia,Mexico,,,"(27.093056,-112.098889)"
OSD,Östersund Airport,Oestersund,Sweden,Europe/Stockholm,2.0,"(63.1944,14.5003)"
BRX,Maria Montez Intl,Barahona,Dominican Republic,America/Santo_Domingo,-4.0,"(18.251464,-71.1204)"
NGI,Ngau Airport,Ngau Island,Fiji,Pacific/Fiji,12.0,"(-18.1156,179.34)"
CDK,CedarKey,"Cedar Key, Florida",United States of America,America/Indiana/Indianapolis,-4.0,"(29.1342222,-83.0504722)"
AVL,Asheville Regional Airport,"Asheville, North Carolina",United States of America,America/New_York,-4.0,"(35.436194,-82.541806)"
ATY,Watertown Regional Airport,"Watertown, South Dakota",United States of America,America/Chicago,-5.0,"(44.914,-97.1547)"
ESS,Essen Mulheim,Essen,Germany,Europe/Berlin,2.0,"(51.402333,6.937333)"
ESZ,Essen Hbf Railway Station,Essen,Germany,Europe/Berlin,2.0,"(51.4513906,7.013890962)"
SAQ,San Andros,San Andros,Bahamas,America/Nassau,-4.0,"(25.053814,-78.048997)"
IGO,Chigorodo           ,Chigorodo,Colombia,America/Bogota,-5.0,"(7.68038,-76.6865)"
LDZ,Londolozi,Londolozi,South Africa,Africa/Johannesburg,2.0,"(-24.8333,31.5)"
SPU,Split International,Split,Croatia,Europe/Zagreb,2.0,"(43.538944,16.297964)"
VMU,Baimuru Airport,Baimuru,Papua New Guinea,Asia/Vladivostok,10.0,"(-7.49686,144.82)"
GDE,Gode Airport,Gode Iddidole,Ethiopia,Africa/Addis_Ababa,3.0,"(5.935128,43.578567)"
CFU,Ioannis Kapodistrias Intl,Kerkyra,Greece,Europe/Athens,3.0,"(39.601944,19.911667)"
JCB,Joacaba Airport,Joacaba,Brazil,America/Sao_Paulo,-3.0,"(-27.172778,-51.500833)"
PGF,Rivesaltes,Perpignan,France,Europe/Paris,2.0,"(42.740442,2.870667)"
HGH,Xiaoshan,Hangzhou,China,Asia/Shanghai,8.0,"(30.229503,120.434453)"
HHL,Hangzhou Tourist Center Bus Station,Hangzhou,China,Asia/Shanghai,8.0,"(37.1684885,43.2131843)"
HZD,Hangzhou railway station,Hangzhou,China,Asia/Shanghai,8.0,"(30.246,120.1784)"
MGZ,Myeik,Myeik,Myanmar,Asia/Rangoon,6.5,"(12.439797,98.621478)"
OEL,Yuzhny,Oryol,Russian Federation,Europe/Moscow,3.0,"(52.9347,36.0022)"
BWG,Bowling Green-Warren County Regional Airport,"Bowling Green, Kentucky",United States of America,America/Chicago,-5.0,"(36.9645278,-86.4196667)"
MPI,MariposaYosemite,Mamitupo,Panama,America/Panama,-5.0,"(37.3039,-120.0222)"
BVH,Vilhena,Vilhena,Brazil,America/Porto_Velho,-4.0,"(-12.694375,-60.098269)"
SNY,Sidney Muni Airport,"Sidney, Nebraska",United States of America,America/Denver,-6.0,"(41.10167,-102.985)"
KSQ,Karshi Khanabad Airport,Qarshi,Uzbekistan,Asia/Samarkand,5.0,"(38.8336,65.9215)"
YST,St. Theresa Point Airport,Sainte Therese Point,Canada,America/Winnipeg,-5.0,"(53.8456,-94.8519)"
THZ,Tahoua,Tahoua,Niger,Africa/Niamey,1.0,"(14.875658,5.265358)"
LEI,Almeria,Almeria,Spain,Europe/Madrid,2.0,"(36.843936,-2.370097)"
AMR,Almería railway station,Almeria,Spain,Europe/Madrid,2.0,"(36.835,-2.45553)"
TBP,Pedro Canga,Tumbes,Peru,America/Lima,-5.0,"(-3.552528,-80.381356)"
YHN,Hornepayne,Hornepayne,Canada,America/Toronto,-4.0,"(49.193056,-84.758889)"
XED,Gare de Marne-la-Vallee - Chessy,Chessy,France,Europe/Paris,2.0,"(48.870444,2.782824)"
WRE,Whangarei,Whangarei,New Zealand,Pacific/Auckland,12.0,"(-35.768333,174.365)"
LBP,Long Banga Airport,Long Banga,Malaysia,Asia/Taipei,8.0,"(3.18495,115.454)"
ABX,Albury,Albury,Australia,Australia/Sydney,10.0,"(-36.067778,146.958056)"
BCL,Barra del Colorado Airport,Barra Colorado,Costa Rica,America/Costa_Rica,-6.0,"(10.768736,-83.585614)"
CTD,Alonso Valderrama Airport,Chitre,Panama,America/Panama,-5.0,"(7.98784,-80.4097)"
HTR,Hateruma            ,Hateruma,Japan,Asia/Tokyo,9.0,"(24.06667,123.8)"
NTO,Santo antao         ,Santo Antao,Cape Verde,Atlantic/Cape_Verde,-1.0,"(17.2028,-25.0906)"
IGT,Sleptsovskaya (Magas),Nazran,Russian Federation,Europe/Moscow,3.0,"(43.318309,45.012531)"
WHD,Hyder Seaplane Base,"Hyder, Alaska",United States of America,America/Anchorage,-8.0,"(55.903333,-130.006667)"
YQV,Yorkton Muni,Yorkton,Canada,America/Regina,-6.0,"(51.264721,-102.461667)"
HDB,Heidelberg,Heidelberg,Germany,Europe/Berlin,2.0,"(49.393333,8.6525)"
LIW,Loikaw Airport,Loikaw,Myanmar,Asia/Rangoon,6.5,"(19.691494,97.214825)"
JNX,Naxos,Naxos,Greece,Europe/Athens,3.0,"(37.080556,25.368056)"
TBB,Dong Tac,Tuy Hoa,Viet Nam,Asia/Ho_Chi_Minh,7.0,"(13.04955,109.333706)"
TOF,Tomsk Bogashevo Airport,Tomsk,Russian Federation,Asia/Novosibirsk,7.0,"(56.380278,85.208333)"
APK,Apataki Airport,Apataki,French Polynesia,Pacific/Tahiti,-10.0,"(-15.5736,-146.415)"
TOB,Gamal Abdel Nasser Airport,Tobruk,Libyan Arab Jamahiriya,Africa/Tripoli,2.0,"(31.861,23.907)"
SHS,Shashi              ,Shashi,China,Asia/Shanghai,8.0,"(30.3244,112.281)"
PDP,Capitan Corbeta C A Curbelo International Airport,Punta Del Este,Uruguay,America/Montevideo,-3.0,"(-34.855139,-55.094278)"
LDB,Londrina,Londrina,Brazil,America/Sao_Paulo,-3.0,"(-23.333625,-51.130072)"
WTP,Woitape Airport,Woitape,Papua New Guinea,Pacific/Port_Moresby,10.0,"(-8.533,147.25)"
AYG,Yaguara             ,Yaguara,Colombia,America/Bogota,-5.0,"(1.54417,-73.9333)"
BNA,Nashville Intl,"Nashville, Tennessee",United States of America,America/Chicago,-5.0,"(36.124472,-86.678194)"
DTM,Dortmund,Dortmund,Germany,Europe/Berlin,2.0,"(51.518314,7.612242)"
DTZ,HBF RAILWAY STATION,Dortmund,Germany,Europe/Berlin,2.0,"(51.518314,7.612242)"
NIC,Nicosia International Airport,Nicosia,Cyprus,Europe/Vilnius,3.0,"(35.15111,33.27222)"
HUN,Hualien,Hualien,Taiwan,Asia/Taipei,8.0,"(24.023725,121.616906)"
GSA,Long pasia          ,Long Pasia,Malaysia,Asia/Kuching,8.0,"(4.4,115.717)"
ORB,Orebro,Oerebro,Sweden,Europe/Stockholm,2.0,"(59.223733,15.037956)"
SBB,Santa barbaraba     ,Santa Barbara Ba,Venezuela,America/Caracas,-4.0,"(7.80351,-71.16572)"
ABK,Kabri Dehar Airport,Kabri Dar,Ethiopia,Africa/Addis_Ababa,3.0,"(6.734,44.253)"
SBM,Sheboygan County Memorial Airport,"Sheboygan, WI",United States of America,America/Merida,-6.0,"(43.7696,-87.851402)"
BCK,BOLWARRA,Bolwarra,Australia,Australia/Hobart,10.0,"(-17.3877,144.1708)"
YSC,Sherbrooke,Sherbrooke,Canada,America/Montreal,-4.0,"(45.438611,-71.691389)"
XNN,Xining Caojiabu Airport,Xining,China,Asia/Chongqing,8.0,"(36.5275,102.043)"
ISA,Mount Isa,Mount Isa,Australia,Australia/Brisbane,10.0,"(-20.663889,139.488611)"
ART,Watertown Intl,"Watertown, New York",United States of America,America/New_York,-4.0,"(43.991922,-76.021739)"
AKT,Akrotiri,Akrotiri,Cyprus,Asia/Nicosia,3.0,"(34.590416,32.987861)"
KKW,Kikwit,Kikwit,"Congo, Democratic Republic of the",Africa/Kinshasa,1.0,"(-5.035767,18.785631)"
IHU,Ihu Airport,Ihu,Papua New Guinea,Asia/Vladivostok,10.0,"(-7.89756,145.396)"
UAH,Ua Huka Airport,Ua Huka,French Polynesia,Pacific/Marquesas,-9.5,"(-8.93611,-139.552)"
BJZ,Talavera La Real,Badajoz,Spain,Europe/Madrid,2.0,"(38.89125,-6.821333)"
ISN,Sloulin Fld Intl,"Williston, North Dakota",United States of America,America/Chicago,-5.0,"(48.177939,-103.642347)"
XWA,BASIN INTERNATIONAL,"Williston, North Dakota",United States of America,America/Chicago,-5.0,"(48.259722,-103.750556)"
PCL,Cap Fap David Abenzur Rengifo Intl,Pucallpa,Peru,America/Lima,-5.0,"(-8.377939,-74.574297)"
JAL,Lencero Airport,Jalapa,Mexico,America/Mexico_City,-6.0,"(19.475083,-96.797506)"
ASW,Aswan Intl,Aswan,Egypt,Africa/Cairo,3.0,"(23.964356,32.819975)"
GIF,Gilbert Airport,"Winter Haven, Florida",United States of America,America/New_York,-4.0,"(28.062778,-81.753333)"
BQU,J F Mitchell Airport,Port Elizabeth,Saint Vincent and the Grenadines,America/St_Vincent,-4.0,"(12.988444,-61.262033)"
IVL,Ivalo,Ivalo,Finland,Europe/Helsinki,3.0,"(68.607269,27.405328)"
KSU,Kvernberget,Kristiansund,Norway,Europe/Oslo,2.0,"(63.111781,7.824522)"
PGG,Progresso           ,Progresso,Brazil,,,"(0.0,0.0)"
QGV,Neu isenburg        ,Frankfurt am Main,Germany,Europe/Berlin,2.0,"(0.0,0.0)"
FRF,Rhein main afb      ,Frankfurt am Main,Germany,Europe/Berlin,2.0,"(52.03806,11.20556)"
ZRB,Frankfurt-Main Hauptbahnhof,Frankfurt am Main,Germany,Europe/Berlin,2.0,"(50.1070258,8.662760505)"
FRA,Frankfurt Main,Frankfurt am Main,Germany,Europe/Berlin,2.0,"(50.026421,8.543125)"
HHN,Frankfurt Hahn,Frankfurt am Main,Germany,Europe/Berlin,2.0,"(49.948672,7.263892)"
AHS,Ahuas Airport,Ahuas,Honduras,America/Tegucigalpa,-6.0,"(15.4722,-84.3522)"
SPP,Menongue,Menongue,Angola,Africa/Luanda,1.0,"(-14.657583,17.719833)"
JMK,Mikonos,Mykonos,Greece,Europe/Athens,3.0,"(37.435128,25.348103)"
CEU,Clemson,"Clemson, South Carolina",United States of America,America/New_York,-4.0,"(34.6722222,-82.8858889)"
BCW,Benguera Island Airport,Benguera Island,Mozambique,Asia/Amman,3.0,"(-21.849167,35.436944)"
OUE,Ouesso,Ouesso,Congo,Africa/Brazzaville,1.0,"(1.615994,16.037917)"
ATQ,Amritsar,Amritsar,India,Asia/Kolkata,5.5,"(31.709594,74.797264)"
HYG,Hydaburg Seaplane Base,"Hydaburg, Alaska",United States of America,America/Sitka,-8.0,"(55.206389,-132.828333)"
WEW,Wee waa             ,Wee Waa,Australia,Australia/Sydney,10.0,"(-30.25358,149.40943)"
PEX,Pechora,Pechora,Russian Federation,Europe/Moscow,3.0,"(65.070387,57.082045)"
TJS,Tanjung Harapan Airport,Tanjung Selor,Indonesia,Asia/Makassar,8.0,"(2.83641,117.374)"
APG,Phillips Aaf,"Aberdeen, MD",United States of America,America/New_York,-4.0,"(39.466219,-76.168808)"
CDL,Candle              ,"Candle, Alaska",United States of America,America/Anchorage,-8.0,"(0.0,0.0)"
RCS,Rochester Airport,Rochester,Great Britain (United Kingdom),Europe/London,1.0,"(51.351944,0.502778)"
YPL,Pickle Lake,Pickle Lake,Canada,America/Toronto,-4.0,"(51.446388,-90.214167)"
ULV,Barataevka,Ulyanovsk,Russian Federation,Europe/Samara,4.0,"(54.268299,48.2267)"
ULY,Ulyanovsk East Airport,Ulyanovsk,Russian Federation,Europe/Samara,4.0,"(54.401,48.8027)"
AJY,Manu Dayak,Agades,Niger,Africa/Niamey,1.0,"(16.965997,8.000114)"
BMM,Bitam,Bitam,Gabon,Africa/Libreville,1.0,"(2.075639,11.493195)"
XQL,Lancaster railway station,Lancaster,Great Britain (United Kingdom),Europe/London,1.0,"(54.0433,-2.7982)"
BHE,Woodbourne,Blenheim,New Zealand,Pacific/Auckland,12.0,"(-41.518333,173.870278)"
MBP,Moyobamba           ,Moyobamba,Peru,America/Lima,-5.0,"(-6.01889,-76.98833)"
LBE,Arnold Palmer Regional Airport,"Latrobe, Pennsylvania",United States of America,America/New_York,-4.0,"(40.2759,-79.4048)"
GAH,Gayndah,Gayndah,Australia,Australia/Brisbane,10.0,"(-25.61528,151.62083)"
MMY,Miyako,Miyako Jima,Japan,Asia/Tokyo,9.0,"(24.782833,125.295111)"
KEX,Kempten HBF,Kanabea,Papua New Guinea,Asia/Vladivostok,10.0,"(47.724,10.311)"
JUB,Juba,Juba,South Sudan,Africa/Juba,2.0,"(4.872006,31.601117)"
SIO,Smithton            ,Smithton,Australia,Australia/Hobart,10.0,"(-40.835,145.084)"
YFA,Fort Albany Airport,Fort Albany,Canada,America/Toronto,-4.0,"(52.2014,-81.6969)"
CAJ,Canaima,Canaima,Venezuela,America/Caracas,-4.0,"(6.231989,-62.854433)"
TQL,Tarko sale,Tarko-Sale,Russian Federation,Asia/Yekaterinburg,5.0,"(40.51751,17.40321)"
SHG,Shungnak Airport,"Shungnak, Alaska",United States of America,America/Anchorage,-8.0,"(66.888056,-157.1625)"
MZT,General Rafael Buelna Intl,Mazatlan,Mexico,America/Mazatlan,-7.0,"(23.161356,-106.266072)"
UIP,Pluguffan,Quimper,France,Europe/Paris,2.0,"(47.974981,-4.167786)"
CWC,Chernivtsi International Airport,Chernivtsi,Ukraine,Europe/Kiev,3.0,"(48.259322,25.980831)"
RJB,Rajbiraj,Rajbiraj,Nepal,Asia/Kathmandu,5.75,"(26.517,86.75)"
XGZ,Bregenz Railway station,Bregenz,Austria,Europe/Vienna,2.0,"(47.50304477,9.740063457)"
ZYL,Osmany Intl,Sylhet,Bangladesh,Asia/Dhaka,6.0,"(24.963242,91.866783)"
CYC,Caye Chapel Airport,Caye Chapel,Belize,America/Costa_Rica,-6.0,"(17.683611,-88.045)"
EHL,El Bolson,El Bolson,Argentina,America/Argentina/Salta,-3.0,"(-41.943189,-71.532289)"
BTK,Bratsk,Bratsk,Russian Federation,Asia/Irkutsk,8.0,"(56.370556,101.698331)"
GEB,Gebe                ,Gebe,Indonesia,Asia/Jayapura,9.0,"(-0.07889,129.45799)"
BBS,Blackbushe,Blackbush,Great Britain (United Kingdom),Europe/London,1.0,"(51.323889,-0.8475)"
TNR,Ivato,Antananarivo,Madagascar,Indian/Antananarivo,3.0,"(-18.79695,47.478806)"
BRD,Brainerd Lakes Rgnl,"Brainerd, Minnesota",United States of America,America/Chicago,-5.0,"(46.398308,-94.138078)"
MSU,Moshoeshoe I Intl,Maseru,Lesotho,Africa/Maseru,2.0,"(-29.462256,27.552503)"
VRK,Varkaus,Varkaus,Finland,Europe/Helsinki,3.0,"(62.171111,27.868611)"
SYZ,Shiraz Shahid Dastghaib Intl,Shiraz,Iran,Asia/Tehran,3.5,"(29.539242,52.589786)"
EHM,Cape Newenham Lrrs,"Cape Newenham, Alaska",United States of America,America/Nome,-8.0,"(58.646428,-162.062778)"
SVJ,Svolvær Helle Airport,Svolvaer,Norway,Europe/Oslo,2.0,"(68.2433,14.6692)"
TGP,Podkamennaya Tunguska,Bor (Krasnoyarsk Krai),Russian Federation,Asia/Krasnoyarsk,7.0,"(61.566667,89.933333)"
ABM,Bamaga Injinoo,Bamaga,Australia,Australia/Brisbane,10.0,"(-10.950833,142.459444)"
MOZ,Moorea,Moorea,French Polynesia,Pacific/Tahiti,-10.0,"(-17.489972,-149.761869)"
CZX,Changzhou,Changzhou,China,Asia/Shanghai,8.0,"(31.941667,119.711667)"
CZV,CHANGZHOU BUS STATION,Changzhou,China,Asia/Shanghai,8.0,"(31.70671,119.98233)"
ANB,Anniston Metro,"Anniston, Alabama",United States of America,America/Chicago,-5.0,"(33.588167,-85.858111)"
KUD,Kudat Airport,Kudat,Malaysia,Asia/Kuching,8.0,"(6.9225,116.836)"
RBR,PlÃ¡cido de Castro,Rio Branco,Brazil,America/Rio_Branco,-5.0,"(-9.583,-67.4836)"
NCY,Meythet,Annecy,France,Europe/Paris,2.0,"(45.929233,6.098764)"
VLL,Valladolid,Valladolid,Spain,Europe/Madrid,2.0,"(41.706111,-4.851944)"
XIV,Campo Grande railway station,Valladolid,Spain,Europe/Madrid,2.0,"(41.6419,-4.72694)"
STW,Shpakovskoye,Stavropol,Russian Federation,Europe/Moscow,3.0,"(45.110804,42.106169)"
MEY,Meghauli Airport,Meghauli,Nepal,Asia/Kathmandu,5.75,"(27.583,84.233)"
CTC,Catamarca,Catamarca,Argentina,America/Argentina/Catamarca,-3.0,"(-28.593214,-65.750925)"
BYT,Bantry Aerodrome,Bantry,Ireland,Europe/Dublin,1.0,"(51.668598,-9.48417)"
SJP,Sao Jose Do Rio Preto,Sao Jose Do Rio Preto,Brazil,America/Sao_Paulo,-3.0,"(-20.816567,-49.406511)"
WIU,Witu                ,Witu,Papua New Guinea,Asia/Vladivostok,10.0,"(0.0,0.0)"
ILO,Iloilo,Iloilo,Philippines,Asia/Manila,8.0,"(10.713044,122.545297)"
LVS,Las Vegas Muni,"Las Vegas, New Mexico",United States of America,America/Denver,-6.0,"(35.654222,-105.142389)"
KAA,Kasama              ,Kasama,Zambia,Africa/Lusaka,2.0,"(-10.21667,31.13333)"
SDN,Anda Airport,Sandane,Norway,Europe/Oslo,2.0,"(61.83,6.10583)"
CBX,Condobolin          ,Condobolin,Australia,Australia/Sydney,10.0,"(-33.0644,147.209)"
UCK,Lutsk               ,Lutsk,Ukraine,Europe/Kiev,3.0,"(50.6784,25.48717)"
SUE,Door County Cherryland Airport,"Sturgeon Bay, WI",United States of America,America/Merida,-6.0,"(44.8436667,-87.4215556)"
BZE,Philip S W Goldson Intl,Belize City,Belize,America/Belize,-6.0,"(17.539144,-88.308203)"
TZA,Belize City Municipal Airport,Belize City,Belize,America/Belize,-6.0,"(17.5344,-88.298)"
KYN,CENTRAL RAILWAY STN,Milton Keynes,Great Britain (United Kingdom),,,"(0.0,0.0)"
YSY,Sachs Harbour,Sachs Harbour,Canada,America/Yellowknife,-6.0,"(71.993889,-125.2425)"
TWB,Toowoomba,Toowoomba,Australia,Australia/Brisbane,10.0,"(-27.542778,151.916389)"
MWM,Windom Municipal Airport,"Windom, MN",United States of America,America/Merida,-6.0,"(43.9134017,-95.1094083)"
AJR,Arvidsjaur,Arvidsjaur,Sweden,Europe/Stockholm,2.0,"(65.590278,19.281944)"
OKQ,Okaba               ,Okaba,Indonesia,Asia/Jayapura,9.0,"(-8.08822,139.71899)"
AAH,Flugplatz Merzbrueck,Aachen,Germany,Europe/Berlin,2.0,"(50.823194,6.186389)"
XHJ,Aachen Hauptbahnhof,Aachen,Germany,Europe/Berlin,2.0,"(50.767635,6.091179)"
XJV,Main Railway Station,Ostrava,Czech Republic,Europe/Prague,2.0,"(0.0,0.0)"
OSR,Mosnov,Ostrava,Czech Republic,Europe/Prague,2.0,"(49.696292,18.111053)"
PAZ,Tajin,Poza Rica,Mexico,America/Mexico_City,-6.0,"(20.602671,-97.460839)"
YXP,Pangnirtung,Pangnirtung,Canada,America/Pangnirtung,-4.0,"(66.145,-65.713611)"
LUR,Cape Lisburne Lrrs,"Cape Lisburne, Alaska",United States of America,America/Nome,-8.0,"(68.875133,-166.110022)"
BJU,Bajura Airport,Bajura,Nepal,Asia/Kathmandu,5.75,"(29.50611,81.66944)"
PUB,Pueblo Memorial,"Pueblo, Colorado",United States of America,America/Denver,-6.0,"(38.289085,-104.496572)"
WTZ,Whitianga Airport,Whitianga,New Zealand,Pacific/Auckland,12.0,"(-36.835833,175.700278)"
CDU,Camden,Camden,Australia,Australia/Sydney,10.0,"(-34.040278,150.687222)"
ILA,Illaga              ,Illaga,Indonesia,Asia/Jayapura,9.0,"(-3.83328,137.58299)"
HIB,Chisholm Hibbing,"Chisholm, Minnesota",United States of America,America/Chicago,-5.0,"(47.3866,-92.838994)"
GCN,Grand Canyon National Park Airport,"Grand Canyon, Arizona",United States of America,America/Phoenix,-7.0,"(35.9523611,-112.1469722)"
FLG,Flagstaff Pulliam Airport,"Grand Canyon, Arizona",United States of America,America/Phoenix,-7.0,"(35.140318,-111.6692392)"
JGC,Grand Canyon Heliport,"Grand Canyon, Arizona",United States of America,America/Phoenix,-7.0,"(35.96666666,-112.1333333)"
SSC,Shaw Afb,"Sumter, South Carolina",United States of America,America/New_York,-4.0,"(33.972719,-80.470564)"
IKK,Greater Kankakee,"Kankakee, Illinois",United States of America,America/Chicago,-5.0,"(41.071389,-87.846278)"
TNI,Satna,Satna,India,Asia/Kolkata,5.5,"(24.562319,80.854933)"
DET,Coleman A Young Muni,"Detroit, Michigan",United States of America,America/Detroit,-4.0,"(42.409195,-83.009861)"
DTW,Detroit Metro Wayne Co,"Detroit, Michigan",United States of America,America/Detroit,-4.0,"(42.212444,-83.353389)"
YIP,Willow Run,"Detroit, Michigan",United States of America,America/Detroit,-4.0,"(42.237928,-83.530408)"
TME,Tame,Tame,Colombia,America/Bogota,-5.0,"(6.451081,-71.760261)"
YGM,Gimli Industrial Park Airport,Gimli,Canada,America/Winnipeg,-5.0,"(50.628056,-97.043333)"
VIF,Vieste Heliport,Vieste,Italy,Europe/Monaco,2.0,"(41.885277,16.176945)"
UUS,Khomutovo,Yuzhno Sakhalinsk,Russian Federation,Asia/Sakhalin,11.0,"(46.888672,142.717531)"
BDR,Igor I Sikorsky Mem,"Bridgeport, Connecticut",United States of America,America/New_York,-4.0,"(41.163472,-73.126167)"
BGO,Flesland,Bergen,Norway,Europe/Oslo,2.0,"(60.293386,5.218142)"
NOZ,Spichenkovo Airport,Novokuznetsk,Russian Federation,Asia/Novokuznetsk,7.0,"(53.8114,86.8772)"
YPR,Prince Rupert,Prince Rupert,Canada,America/Vancouver,-7.0,"(54.28611,-130.444722)"
ZSW,Seal Cove Seaplane Base,Prince Rupert,Canada,America/Vancouver,-7.0,"(54.3333,-130.283)"
GLT,Gladstone Airport,Gladstone,Australia,Australia/Brisbane,10.0,"(-23.8697,151.223)"
MVX,Minvoul             ,Minvoul,Gabon,Africa/Libreville,1.0,"(2.15,12.133)"
LHG,Lightning Ridge Airport,Lightning Ridge,Australia,Australia/Sydney,10.0,"(-29.4567,147.984)"
FLL,Fort Lauderdale Hollywood Intl,"Fort Lauderdale, FL",United States of America,America/New_York,-4.0,"(26.072583,-80.15275)"
FXE,Fort Lauderdale Executive,"Fort Lauderdale, FL",United States of America,America/New_York,-4.0,"(26.197281,-80.170706)"
FBT,FORT LAUDERDALE,"Fort Lauderdale, FL",United States of America,America/New_York,-4.0,"(26.119469,-80.169872)"
PET,Pelotas,Pelotas,Brazil,America/Sao_Paulo,-3.0,"(-31.718353,-52.327689)"
VNE,Meucon,Vannes,France,Europe/Paris,2.0,"(47.723303,-2.718561)"
NYU,Bagan Intl,Nyaung U,Myanmar,Asia/Rangoon,6.5,"(21.17383327,94.9246666)"
MEZ,Messina,Messina,South Africa,Africa/Johannesburg,2.0,"(-25.704458,26.908978)"
MNY,Mono Airport,Mono,Solomon Islands,Pacific/Guadalcanal,11.0,"(-7.41694,155.565)"
FUT,Pointe Vele Airport,Futuna Island,Wallis and Futuna Islands,Pacific/Wallis,12.0,"(-14.3114,-178.066)"
UND,Konduz,Kunduz,Afghanistan,Asia/Kabul,4.5,"(36.665111,68.910833)"
TAB,Crown Point,Tobago,Trinidad and Tobago,America/Port_of_Spain,-4.0,"(11.149658,-60.832194)"
SSY,Mbanza Congo,M Banza Congo,Angola,Africa/Luanda,1.0,"(-6.269897,14.247025)"
CND,Mihail Kogalniceanu,Constanta,Romania,Europe/Bucharest,3.0,"(44.362222,28.488333)"
GIZ,King Abdullah Bin Abdulaziz,Gizan,Saudi Arabia,Asia/Riyadh,3.0,"(16.901111,42.585833)"
LRU,Las Cruces Intl,"Las Cruces, New Mexico",United States of America,America/Denver,-6.0,"(32.289417,-106.921972)"
TEH,Tetlin              ,"Tetlin, Alaska",United States of America,America/Anchorage,-8.0,"(0.0,0.0)"
YFC,Fredericton,Fredericton,Canada,America/Moncton,-3.0,"(45.868889,-66.537222)"
FLR,Peretola,Florence,Italy,Europe/Rome,2.0,"(43.809953,11.2051)"
ZMS,Florence rr station,Florence,Italy,Europe/Rome,2.0,"(0.0,0.0)"
FIR,Firenze Campo di Marte railway station,Florence,Italy,Europe/Rome,2.0,"(43.7775,11.276389)"
RGK,Gorno-Altaysk Airport,Gorno-Altaisk,Russian Federation,Asia/Omsk,6.0,"(51.966667,85.833333)"
PBH,Paro,Paro,Bhutan,Asia/Thimphu,6.0,"(27.403192,89.424606)"
SXP,Sheldon Point Airport,"Sheldon Point, Alaska",United States of America,America/Anchorage,-8.0,"(62.520556,-164.847778)"
MCY,Sunshine Coast,Sunshine Coast,Australia,Australia/Brisbane,10.0,"(-26.603333,153.091111)"
DOF,Dora bay            ,"Dora Bay, Alaska",United States of America,America/Anchorage,-8.0,"(0.0,0.0)"
CNQ,Corrientes,Corrientes,Argentina,America/Argentina/Cordoba,-3.0,"(-27.445503,-58.761864)"
ROS,Rosario,Rosario,Argentina,America/Argentina/Cordoba,-3.0,"(-32.903611,-60.785)"
VAL,Valenca Airport,Valenca,Brazil,America/Bahia,-3.0,"(-13.2965,-38.9924)"
BWE,Braunschweig Wolfsburg,Braunschweig,Germany,Europe/Berlin,2.0,"(52.319167,10.556111)"
FST,Fort Stockton Pecos Co,"Fort Stockton, Texas",United States of America,America/Chicago,-5.0,"(30.915667,-102.916139)"
HLF,Hultsfred,Hultsfred,Sweden,Europe/Stockholm,2.0,"(57.525833,15.823333)"
MZK,Marakei Airport,Marakei,Kiribati,Pacific/Tarawa,12.0,"(2.050278,173.266667)"
YCT,Coronation,Coronation,Canada,America/Edmonton,-6.0,"(52.075001,-111.445278)"
FNI,Garons,Nimes,France,Europe/Paris,2.0,"(43.757444,4.416347)"
ZYN,RAILWAY STATION,Nimes,France,Europe/Paris,2.0,"(43.8325,4.366389)"
LDJ,Linden Airport,"Linden, New Jersey",United States of America,America/Lima,-5.0,"(40.6174472,-74.2445942)"
GRO,Girona,Girona,Spain,Europe/Madrid,2.0,"(41.900969,2.760547)"
GIA,Girona railway station,Girona,Spain,Europe/Madrid,2.0,"(41.977842,2.816439)"
NIB,Nikolai Airport,"Nikolai, Alaska",United States of America,America/Anchorage,-8.0,"(63.010833,-154.383889)"
LCG,A Coruna,La Coruna,Spain,Europe/Madrid,2.0,"(43.302061,-8.377256)"
HME,Oued Irara,Hassi Messaoud,Algeria,Africa/Algiers,1.0,"(31.672972,6.140444)"
XVC,Crewe railway station,Crewe,Great Britain (United Kingdom),Europe/London,1.0,"(53.089,-2.433)"
LAN,Capital City,"Lansing, Michigan",United States of America,America/Detroit,-4.0,"(42.7787,-84.587357)"
TID,Bou Chekif,Tiaret,Algeria,Africa/Algiers,1.0,"(35.341136,1.463147)"
EEK,Eek Airport,"Eek, Alaska",United States of America,America/Nome,-8.0,"(60.213611,-162.043889)"
SHL,Shillong Airport,Shillong,India,Asia/Kolkata,5.5,"(25.7036,91.9787)"
HBA,Hobart,Hobart,Australia,Australia/Hobart,10.0,"(-42.836111,147.510278)"
CAU,Caruaru Airport,Caruaru,Brazil,America/Recife,-3.0,"(-8.28239,-36.0135)"
HUS,Hughes Airport,"Hughes, Alaska",United States of America,America/Anchorage,-8.0,"(66.039167,-154.264722)"
LTO,Loreto Intl,Loreto,Mexico,America/Mazatlan,-7.0,"(25.989194,-111.348361)"
KSF,Kassel Calden,Kassel,Germany,Europe/Berlin,2.0,"(51.408394,9.377631)"
KWQ,Kassel-Wilhelmshöhe station,Kassel,Germany,Europe/Berlin,2.0,"(51.312222,9.447222)"
FAA,Faranah,Faranah,Guinea,Africa/Conakry,0.0,"(10.035467,-10.769825)"
KEI,Kepi                ,Kepi,Indonesia,Asia/Jayapura,9.0,"(-6.59437,139.35699)"
GCC,Gillette-Campbell County Airport,"Gillette, Wyoming",United States of America,America/Denver,-6.0,"(44.3489167,-105.5393611)"
BPF,Batuna Airport,Batuna,Solomon Islands,Pacific/Pohnpei,11.0,"(-8.63,158.0)"
FSM,Fort Smith Rgnl,"Fort Smith, Arkansas",United States of America,America/Chicago,-5.0,"(35.336583,-94.367444)"
BXE,Bakel,Bakel,Senegal,Africa/Dakar,0.0,"(14.847256,-12.468264)"
WLK,Selawik Airport,"Selawik, Alaska",United States of America,America/Anchorage,-8.0,"(66.6,-159.985833)"
ZFM,Fort Mcpherson,Fort Mcpherson,Canada,America/Yellowknife,-6.0,"(67.4075,-134.860556)"
MTT,Minatitlan,Minatitlan,Mexico,America/Mexico_City,-6.0,"(18.103419,-94.580681)"
SPM,Spangdahlem Ab,Spangdahlem,Germany,Europe/Berlin,2.0,"(49.972667,6.6925)"
GBK,Gbangbatok Airport,Gbangbatok,Sierra Leone,Africa/Freetown,0.0,"(7.767,-12.383)"
SJK,Professor Urbano Ernesto Stumpf,Sao Jose Dos Campos,Brazil,America/Sao_Paulo,-3.0,"(-23.228172,-45.862739)"
MDG,Hailang,Mudanjiang,China,Asia/Harbin,8.0,"(44.523889,129.568889)"
DEB,Debrecen,Debrecen,Hungary,Europe/Budapest,2.0,"(47.488917,21.615333)"
IGA,Matthew Town,Inagua,Bahamas,America/Nassau,-4.0,"(20.975,-73.666862)"
KRB,Karumba Airport,Karumba,Australia,Australia/Brisbane,10.0,"(-17.4567,140.83)"
NPL,New Plymouth,New Plymouth,New Zealand,Pacific/Auckland,12.0,"(-39.008611,174.179167)"
YXL,Sioux Lookout,Sioux Lookout,Canada,America/Winnipeg,-5.0,"(50.113889,-91.905278)"
CCH,Chile Chico,Chile Chico,Chili,America/Santiago,-4.0,"(-46.583341,-71.687405)"
FDU,Bandundu,Bandundu,"Congo, Democratic Republic of the",Africa/Kinshasa,1.0,"(-3.311319,17.381683)"
PTJ,Portland Airport,Portland,Australia,Australia/Melbourne,10.0,"(-38.3181,141.471)"
BOA,Boma Airport,Boma,"Congo, Democratic Republic of the",Africa/Kinshasa,1.0,"(-5.854,13.064)"
MYP,Mary International,Mary,Turkmenistan,Asia/Ashgabat,5.0,"(37.6194,61.8967)"
JSM,Jose de San Martin Airport,Jose D San Martin,Argentina,America/Argentina/Catamarca,-3.0,"(-44.016667,-70.466667)"
TZX,Trabzon,Trabzon,Turkey,Europe/Istanbul,3.0,"(40.995108,39.789728)"
RDE,Merdey              ,Merdey,Indonesia,Asia/Jayapura,9.0,"(-1.58333,133.33299)"
TNP,Twentynine Palms,"Twentynine Palms, California",United States of America,America/Los_Angeles,-7.0,"(34.296161,-116.162203)"
ADZ,Gustavo Rojas Pinilla,San Andres Island,Colombia,America/Bogota,-5.0,"(12.583594,-81.711192)"
CRQ,Caravelas,Caravelas,Brazil,America/Bahia,-3.0,"(-17.652283,-39.253069)"
LEV,Levuka Airfield,Bureta,Fiji,Pacific/Fiji,12.0,"(-17.68333,178.83333)"
QVY,Utti,Kouvola,Finland,Europe/Riga,3.0,"(60.896394,26.938353)"
DTA,Delta Municipal Airport,"Delta, Utah",United States of America,America/Denver,-6.0,"(39.3806386,-112.5077147)"
GUD,Goundam             ,Goundam,Mali,Africa/Bamako,0.0,"(16.3614,-3.59972)"
TAM,General Francisco Javier Mina Intl,Tampico,Mexico,America/Monterrey,-6.0,"(22.29645,-97.865931)"
CDV,Merle K Mudhole Smith,"Cordova, Alaska",United States of America,America/Anchorage,-8.0,"(60.491778,-145.477556)"
BWD,KBWD,"Brownwood, Texas",United States of America,America/Chicago,-5.0,"(31.7936111,-98.9565)"
OIA,Ourilandia do Norte Airport,Ourilandia,Brazil,America/Belem,-3.0,"(-6.763056,-51.05)"
SES,Svetlogorsk,Svetlogorsk,Russian Federation,Europe/Kaliningrad,2.0,"(66.842677,88.409879)"
PFN,Panama City Bay Co Intl,"Panama City, Florida",United States of America,America/Chicago,-5.0,"(30.212083,-85.682806)"
UBB,Mabuiag Island Airport,Mabuiag Island,Australia,Australia/Brisbane,10.0,"(-9.95,142.183)"
PMC,El Tepual Intl,Puerto Montt,Chili,America/Santiago,-4.0,"(-41.438886,-73.093953)"
MKK,Molokai,"Hoolehua, Hawaii",United States of America,Pacific/Honolulu,-10.0,"(21.152886,-157.096256)"
EGN,Geneina Airport,Geneina,Sudan,Africa/Khartoum,2.0,"(13.4817,22.4672)"
MKB,Mekambo             ,Mekambo,Gabon,Africa/Libreville,1.0,"(1.01667,13.93333)"
TON,Tonu                ,Tonu,Papua New Guinea,Pacific/Port_Moresby,10.0,"(0.0,0.0)"
NHA,Nhatrang,Nha Trang,Viet Nam,Asia/Ho_Chi_Minh,7.0,"(12.227467,109.192322)"
CXR,Cam Ranh Airport,Nha Trang,Viet Nam,Asia/Ho_Chi_Minh,7.0,"(11.998153,109.219372)"
NUP,Nunapitchuk Airport,"Nunapitchuk, Alaska",United States of America,America/Anchorage,-8.0,"(60.905833,-162.439167)"
GGR,Garowe - International,Garoe,Somali,Europe/Minsk,3.0,"(8.24,48.29)"
JHS,Sisimiut Airport,Sisimiut,Greenland,America/Godthab,-1.0,"(66.9513,-53.7293)"
BDI,Bird Island Airport,Bird Island,Seychelles,Indian/Mahe,4.0,"(-3.721389,55.208611)"
TDB,Tetabedi            ,Tetabedi,Papua New Guinea,Asia/Vladivostok,10.0,"(0.0,0.0)"
ATH,Eleftherios Venizelos Intl,Athens,Greece,Europe/Athens,3.0,"(37.936358,23.944467)"
MYJ,Matsuyama,Matsuyama,Japan,Asia/Tokyo,9.0,"(33.827222,132.699722)"
FNL,Fort Collins Loveland Muni,"Fort Collins, CO",United States of America,America/Denver,-6.0,"(40.451828,-105.011336)"
NAI,Annai Airport,Annai,Guyana,America/Guyana,-4.0,"(3.95,-59.133333)"
KUO,Kuopio,Kuopio,Finland,Europe/Helsinki,3.0,"(63.00715,27.797756)"
OPB,Open bay            ,Open Bay,Papua New Guinea,Asia/Vladivostok,10.0,"(0.0,0.0)"
MCE,Merced Municipal Airport,"Merced, California",United States of America,America/Los_Angeles,-7.0,"(37.284722,-120.513889)"
MER,Castle,"Merced, California",United States of America,America/Los_Angeles,-7.0,"(37.380481,-120.568189)"
FSD,Sioux Falls,"Sioux Falls, SD",United States of America,America/Chicago,-5.0,"(43.582014,-96.741914)"
MGA,Managua Intl,Managua,Nicaragua,America/Managua,-6.0,"(12.141494,-86.168178)"
SZG,Wolfgang A. Mozart,Salzburg,Austria,Europe/Vienna,2.0,"(47.793304,13.004333)"
ZSB,Hauptbahnhof,Salzburg,Austria,Europe/Vienna,2.0,"(47.813056,13.046667)"
SXQ,Soldotna Airport,"Soldotna, Alaska",United States of America,America/Anchorage,-8.0,"(60.4749583,-151.0382389)"
ORS,Orpheus Island,Orpheus Island,Australia,Australia/Brisbane,10.0,"(-18.634,146.5)"
YQI,Yarmouth Airport,Yarmouth,Canada,America/Halifax,-3.0,"(43.8269,-66.0881)"
YZE,Gore Bay Manitoulin,Gore Bay,Canada,America/Toronto,-4.0,"(45.885277,-82.567778)"
AZO,Kalamazoo,"Kalamazoo, MI",United States of America,America/Detroit,-4.0,"(42.234875,-85.552058)"
ENI,El Nido Airport,El Nido,Philippines,Australia/Perth,8.0,"(11.202,119.417)"
BCD,Bacolod,Bacolod,Philippines,Asia/Manila,8.0,"(10.642511,122.929617)"
OVA,Bekily,Bekily,Madagascar,Indian/Antananarivo,3.0,"(-24.236111,45.305)"
OAM,Oamaru,Oamaru,New Zealand,Pacific/Auckland,12.0,"(-44.97,171.081667)"
IQQ,Diego Aracena Intl,Iquique,Chili,America/Santiago,-4.0,"(-20.535222,-70.181275)"
YLI,Ylivieska           ,Ylivieska,Finland,Europe/Helsinki,3.0,"(64.0605,24.716)"
EZE,Ministro Pistarini,Buenos Aires,Argentina,America/Argentina/Buenos_Aires,-3.0,"(-34.822222,-58.535833)"
AEP,Aeroparque Jorge Newbery,Buenos Aires,Argentina,America/Argentina/Buenos_Aires,-3.0,"(-34.559175,-58.415606)"
DUC,Halliburton Field Airport,"Duncan, Oklahoma",United States of America,America/Chicago,-5.0,"(34.4713056,-97.9598611)"
AAL,Aalborg,Aalborg,Denmark,Europe/Copenhagen,2.0,"(57.092789,9.849164)"
CAY,Rochambeau,Cayenne,French Guyana,America/Cayenne,-3.0,"(4.819808,-52.360447)"
JQO,Belorussky railway st,Moscow,Russian Federation,Europe/Moscow,3.0,"(0.0,0.0)"
VKO,Vnukovo,Moscow,Russian Federation,Europe/Moscow,3.0,"(55.606355,37.28735)"
DME,Domodedovo,Moscow,Russian Federation,Europe/Moscow,3.0,"(55.415529,37.899324)"
,Kievskiy rail,Moscow,Russian Federation,Europe/Moscow,3.0,"(0.0,0.0)"
,Ostafievo,Moscow,Russian Federation,Europe/Moscow,3.0,"(55.5117,37.5072)"
XRK,Paveletsky rail stn,Moscow,Russian Federation,Europe/Moscow,3.0,"(0.0,0.0)"
SZH,Savelovskii train station,Moscow,Russian Federation,Europe/Moscow,3.0,"(0.0,0.0)"
SVO,Sheremetyevo,Moscow,Russian Federation,Europe/Moscow,3.0,"(55.964982,37.416252)"
ZIA,Zhukovsky,Moscow,Russian Federation,Europe/Moscow,3.0,"(55.560676,38.117261)"
JQF,Savyolovsky railway station,Moscow,Russian Federation,Europe/Moscow,3.0,"(55.794167,37.588056)"
PFO,Pafos Intl,Paphos,Cyprus,Asia/Nicosia,3.0,"(34.718039,32.485731)"
BUD,Budapest Ferenc Liszt International,Budapest,Hungary,Europe/Budapest,2.0,"(47.436933,19.255592)"
XXQ,KELETI RAILWAY STATION,Budapest,Hungary,Europe/Budapest,2.0,"(47.500278,19.083889)"
TRK,Juwata,Tarakan,Indonesia,Asia/Makassar,8.0,"(3.326694,117.565569)"
REA,Reao,Reao,French Polynesia,Pacific/Tahiti,-10.0,"(-18.465861,-136.439706)"
SJB,San joaquin         ,San Joaquin,Bolivia,America/La_Paz,-4.0,"(-13.06667,-64.81667)"
UFA,Ufa,Ufa,Russian Federation,Asia/Yekaterinburg,5.0,"(54.557511,55.874417)"
BLD,Boulder City Municipal Airport,"Boulder City, Nevada",United States of America,America/Vancouver,-7.0,"(35.5651,-114.514)"
LYA,Luoyang Airport,Luoyang,China,Asia/Shanghai,8.0,"(34.41,112.28)"
BPX,Qamdo Bangda Airport,Bangda,China,Asia/Urumqi,6.0,"(30.5536,97.1083)"
ERF,Erfurt,Erfurt,Germany,Europe/Berlin,2.0,"(50.979811,10.958106)"
XIU,Erfurt Hauptbahnhof,Erfurt,Germany,Europe/Berlin,2.0,"(50.972778,11.037778)"
PNB,Porto Nacional,Porto Nacional,Brazil,America/Araguaina,-3.0,"(-10.719417,-48.399736)"
HPB,Hooper Bay Airport,"Hooper Bay, Alaska",United States of America,America/Nome,-8.0,"(61.5239,-166.147)"
EKS,SHAKHTERSK,Shakhtersk,Russian Federation,Asia/Sakhalin,11.0,"(49.189782,142.076569)"
MRZ,Moree Airport,Moree,Australia,Australia/Sydney,10.0,"(-29.4989,149.845)"
DIL,Presidente Nicolau Lobato Intl,Dili,Timor-Leste,Asia/Dili,9.0,"(-8.546553,125.524719)"
KOA,Kona Intl At Keahole,"Kona, Hawaii",United States of America,Pacific/Honolulu,-10.0,"(19.738767,-156.045631)"
YKK,Kitkatla            ,Kitkatia,Canada,,,"(0.0,0.0)"
FTI,Fitiuta Airport,Fitiuta,American Samoa,Pacific/Pago_Pago,-11.0,"(-14.216111,-169.423611)"
CFR,Carpiquet,Caen,France,Europe/Paris,2.0,"(49.173333,-0.45)"
RJL,Logroño-Agoncillo Airport,Logrono,Spain,Europe/Madrid,2.0,"(42.4542,-2.32083)"
KRQ,Kramatorsk          ,Kramatorsk,Russian Federation,Europe/Kiev,3.0,"(48.7056,37.6289)"
IXL,Leh,Leh,India,Asia/Kolkata,5.5,"(34.135872,77.546514)"
VHM,Vilhelmina,Vilhelmina,Sweden,Europe/Stockholm,2.0,"(64.579083,16.833575)"
ABA,Abakan,Abakan,Russian Federation,Asia/Krasnoyarsk,7.0,"(53.74,91.385)"
YPI,Seaplane Base,Port Simpson,Canada,America/Vancouver,-7.0,"(54.566667,-130.433333)"
NGZ,NAS Alameda,"Alameda, California",United States of America,America/Los_Angeles,-7.0,"(37.7861,-122.3186)"
LYP,Faisalabad Intl,Faisalabad,Pakistan,Asia/Karachi,5.0,"(31.365014,72.994842)"
HRM,Hassi R Mel,Hassi R Mel,Algeria,Africa/Algiers,1.0,"(32.930431,3.311542)"
YKY,Kindersley,Kindersley,Canada,America/Regina,-6.0,"(51.5175,-109.180833)"
LOZ,London-Corbin Airport-MaGee Field,"London, Kentucky",United States of America,Europe/London,1.0,"(37.0868889,-84.0773889)"
UMU,Orlando de Carvalho Airport,Umuarama,Brazil,America/Sao_Paulo,-3.0,"(-23.798611,-53.313611)"
NVT,Ministro Victor Konder Intl,Navegantes,Brazil,America/Sao_Paulo,-3.0,"(-26.879999,-48.65139)"
NMB,Daman,Daman,India,Asia/Kolkata,5.5,"(20.434364,72.843206)"
YSF,Stony Rapids Airport,Stony Rapids,Canada,America/Regina,-6.0,"(59.2503,-105.841)"
RIF,Richfield Minicipal Airport,"Richfield, Utah",United States of America,America/Denver,-6.0,"(38.7364361,-112.0989444)"
CNI,Changhai,Changhai,China,Asia/Shanghai,8.0,"(39.266389,122.666944)"
OKF,Okaukuejo Airport,Okaukuejo,Namibia,Africa/Windhoek,2.0,"(-19.1492,15.9119)"
KVL,Kivalina Airport,"Kivalina, Alaska",United States of America,America/Nome,-8.0,"(67.7362,-164.563)"
IXC,Chandigarh,Chandigarh,India,Asia/Kolkata,5.5,"(30.673469,76.788542)"
RDU,Raleigh Durham Intl,"Raleigh Durham, North Carolina",United States of America,America/New_York,-4.0,"(35.877639,-78.787472)"
CZM,Cozumel Intl,Cozumel,Mexico,America/Cancun,-5.0,"(20.522403,-86.925644)"
NDB,Nouadhibou,Nouadhibou,Mauritania,Africa/Nouakchott,0.0,"(20.933067,-17.029956)"
BFI,Boeing Fld King Co Intl,"Seattle, WA",United States of America,America/Los_Angeles,-7.0,"(47.53,-122.301947)"
SEA,Seattle–Tacoma,"Seattle, WA",United States of America,America/Los_Angeles,-7.0,"(47.449,-122.309306)"
LKE,Kenmore Air Harbor Seaplane Base,"Seattle, WA",United States of America,America/Los_Angeles,-7.0,"(47.629,-122.339)"
MGC,Michigan City Municipal Airport,"Michigan City, Indiana",United States of America,America/Chicago,-5.0,"(41.7033,-86.8211)"
HRK,Osnova International Airport,Kharkov,Ukraine,Europe/Kiev,3.0,"(49.924786,36.289986)"
PBC,Hermanos Serdan Intl,Puebla,Mexico,America/Mexico_City,-6.0,"(19.158144,-98.371447)"
SUI,Babushara,Sokhumi,Abkhazia,Asia/Tbilisi,4.0,"(42.87,41.12)"
ZBY,Sayaboury           ,Sayaboury,Lao People's Democratic Republic,Asia/Vientiane,7.0,"(19.23333,101.73333)"
KRT,Khartoum,Khartoum,Sudan,Africa/Khartoum,2.0,"(15.589497,32.553161)"
FSP,St Pierre,Saint Pierre,St. Pierre and Miquelon,America/Miquelon,-2.0,"(46.762904,-56.173088)"
MDU,Mendi Airport,Mendi,Papua New Guinea,Pacific/Port_Moresby,10.0,"(-6.14774,143.657)"
SVU,Savusavu Airport,Savusavu,Fiji,Pacific/Fiji,12.0,"(-16.8028,179.341)"
POC,Brackett Field,"La Verne, California",United States of America,America/Vancouver,-7.0,"(34.0916667,-117.7817778)"
PAT,Patna,Patna,India,Asia/Kolkata,5.5,"(25.591317,85.087992)"
SGH,Springfield-Beckly Municipal Airport,"Springfield, Ohio",United States of America,America/New_York,-4.0,"(39.8402778,-83.8401667)"
RNE,Renaison,Roanne,France,Europe/Paris,2.0,"(46.058334,4.001389)"
DOE,Djoemoe Airstrip,Djoemoe,Surinam,America/Cayenne,-3.0,"(4.016667,-55.483333)"
LDO,Laduani Airstrip,Ladouanie,Surinam,America/Cayenne,-3.0,"(4.3754,-55.4075)"
SBU,Springbok,Springbok,South Africa,Africa/Johannesburg,2.0,"(-29.689333,17.939611)"
SXK,Saumlaki            ,Saumlaki,Indonesia,Asia/Jayapura,9.0,"(-7.98333,131.3)"
YRA,Rae Lakes Airport,Rae Lakes,Canada,America/Yellowknife,-6.0,"(64.1161,-117.31)"
HOA,Hola,Hola,Kenya,Africa/Nairobi,3.0,"(-1.52,40.00389)"
ABL,Ambler Airport,"Ambler, Alaska",United States of America,America/Anchorage,-8.0,"(67.106389,-157.8575)"
HRT,Hurlburt Fld,Harrogate,Great Britain (United Kingdom),Europe/London,1.0,"(30.427803,-86.689278)"
DRS,Dresden International,Dresden,Germany,Europe/Berlin,2.0,"(51.132767,13.767161)"
XIR,Hbf railway station dresden,Dresden,Germany,Europe/Berlin,2.0,"(0.0,0.0)"
SLM,Salamanca,Salamanca,Spain,Europe/Madrid,2.0,"(40.952117,-5.501986)"
AGI,Wageningen Airstrip,Wageningen,Surinam,America/Paramaribo,-3.0,"(5.76667,-56.63333)"
MJK,Shark Bay Airport,Monkey Mia,Australia,Australia/Perth,8.0,"(-25.8939,113.577)"
JCH,Qasigiannguit,Qasigiannguit,Greenland,America/Godthab,-1.0,"(68.833336,-51.0)"
VCV,Southern California Logistics,"Victorville, California",United States of America,America/Los_Angeles,-7.0,"(34.597453,-117.382997)"
HEM,Helsinki Malmi,Helsinki,Finland,Europe/Helsinki,3.0,"(60.254558,25.042828)"
HEL,Helsinki Vantaa,Helsinki,Finland,Europe/Helsinki,3.0,"(60.317222,24.963333)"
HEC,CENTRAL RAILWAY STN,Helsinki,Finland,Europe/Helsinki,3.0,"(0.0,0.0)"
PND,Punta Gorda Airport,Punta Gorda,Belize,America/Regina,-6.0,"(16.1024,-88.8083)"
SCW,Syktyvkar,Syktyvkar,Russian Federation,Europe/Moscow,3.0,"(61.663347,50.850768)"
PAE,Snohomish Co,"Everett, Washington",United States of America,America/Los_Angeles,-7.0,"(47.906342,-122.281564)"
CYS,Cheyenne Rgnl Jerry Olson Fld,"Cheyenne, Wyoming",United States of America,America/Denver,-6.0,"(41.155722,-104.811839)"
CHU,Chuathbaluk Airport,"Chuathbaluk, Alaska",United States of America,America/Anchorage,-8.0,"(61.579167,-159.215556)"
PDS,Piedras Negras Intl,Piedras Negras,Mexico,America/Matamoros,-5.0,"(28.627394,-100.535211)"
CGO,Xinzheng,Zhengzhou,China,Asia/Shanghai,8.0,"(34.519672,113.840889)"
DZN,Zhezkazgan Airport,Zhezkazgan,Kazakhstan,Asia/Qyzylorda,5.0,"(47.708333,67.733333)"
STK,Sterling Municipal Airport,"Sterling, Colorado",United States of America,America/Denver,-6.0,"(40.6153136,-103.2648454)"
PSP,Palm Springs Intl,"Palm Springs, California",United States of America,America/Los_Angeles,-7.0,"(33.829667,-116.506694)"
ZUH,Zhuhai Airport,Zhuhai,China,Asia/Shanghai,8.0,"(22.0064,113.376)"
HZI,HMZB ZHUHAI PORT,Zhuhai,China,Asia/Shanghai,8.0,"(22.20802,113.57855)"
BTI,Barter Island Lrrs,"Barter Island, Alaska",United States of America,America/Anchorage,-8.0,"(70.133989,-143.581867)"
MGS,Mangaia Island Airport,Mangaia Island,Cook Islands,Pacific/Rarotonga,-10.0,"(-21.8956,-157.905)"
AMI,Selaparang,Mataram,Indonesia,Asia/Makassar,8.0,"(-8.560708,116.094656)"
TLA,Teller Airport,"Teller, Alaska",United States of America,America/Nome,-8.0,"(65.240278,-166.339444)"
STU,Santa Cruz,Santa Cruz,Belize,America/Belize,-6.0,"(-22.93235,-43.719092)"
VTB,Vitebsk,Vitebsk,Belarus,Europe/Minsk,3.0,"(55.1265,30.349639)"
RBE,Ratanakiri,Ratanakiri,Cambodia,Asia/Phnom_Penh,7.0,"(13.73,106.987)"
VRC,Virac Airport,Virac,Philippines,Asia/Manila,8.0,"(13.576439,124.205672)"
NOB,Nosara,Nosara Beach,Costa Rica,America/Costa_Rica,-6.0,"(9.97649,-85.653)"
SQN,Sanana              ,Sanana,Indonesia,Asia/Jayapura,9.0,"(-2.08333,126.0)"
YAQ,Maple bay           ,Maple Bay,Canada,America/Regina,-6.0,"(0.0,0.0)"
LWR,Leeuwarden,Leeuwarden,Netherlands (Holland),Europe/Amsterdam,2.0,"(53.228611,5.760556)"
NSO,Scone Airport,Scone,Australia,Australia/Sydney,10.0,"(-32.0372,150.832)"
KWN,Quinhagak Airport,"Quinhagak, Alaska",United States of America,America/Anchorage,-8.0,"(59.755,-161.845278)"
BDP,Chandragadhi Airport,Bhadrapur,Nepal,Asia/Kathmandu,5.75,"(26.570822,88.079578)"
SJT,San Angelo Rgnl Mathis Fld,"San Angelo, Texas",United States of America,America/Chicago,-5.0,"(31.35775,-100.496306)"
FUE,Fuerteventura,Fuerteventura,Spain,Atlantic/Canary,1.0,"(28.452717,-13.863761)"
BKX,Brookings Regional Airport,"Brookings, South Dakota",United States of America,America/Chicago,-5.0,"(44.3048,-96.8169)"
PGH,Pantnagar,Pantnagar,India,Asia/Kolkata,5.5,"(29.033408,79.473744)"
YMS,Moises Benzaquen Rengifo,Yurimaguas,Peru,America/Lima,-5.0,"(-5.893772,-76.118211)"
PLM,Sultan Mahmud Badaruddin Ii,Palembang,Indonesia,Asia/Jakarta,7.0,"(-2.89825,104.699903)"
MTK,Makin Airport,Makin Island,Kiribati,Pacific/Tarawa,12.0,"(3.383333,173.0)"
SLW,Plan De Guadalupe Intl,Saltillo,Mexico,America/Monterrey,-6.0,"(25.549497,-100.928669)"
PLX,Semipalatinsk,Semey,Kazakhstan,Asia/Qyzylorda,5.0,"(50.3513,80.2344)"
MIC,Crystal             ,"Minneapolis, Minnesota",United States of America,America/Chicago,-5.0,"(45.06094,-93.35515)"
FCM,Flying cloud        ,"Minneapolis, Minnesota",United States of America,America/Chicago,-5.0,"(44.82719,-93.45717)"
MSP,Minneapolis St Paul Intl,"Minneapolis, Minnesota",United States of America,America/Chicago,-5.0,"(44.881956,-93.221767)"
BRE,Neuenland,Bremen,Germany,Europe/Berlin,2.0,"(53.0475,8.786667)"
DHC,Bremen Central railway station,Bremen,Germany,Europe/Berlin,2.0,"(53.153942,8.757994)"
TMC,Tambolaka Airport,Tambolaka,Indonesia,Asia/Makassar,8.0,"(-9.409717,119.244494)"
KPO,Pohang,Pohang,Korea (South),Asia/Seoul,9.0,"(35.987858,129.420486)"
COO,Cadjehoun,Cotonou,Benin,Africa/Porto-Novo,1.0,"(6.357228,2.384353)"
BLT,Blackwater Airport,Blackwater,Australia,Australia/Brisbane,10.0,"(-23.6031,148.807)"
RNS,St Jacques,Rennes,France,Europe/Paris,2.0,"(48.069508,-1.734794)"
ZFJ,Gare de Rennes,Rennes,France,Europe/Paris,2.0,"(48.103333,-1.6725)"
TBS,Tbilisi,Tbilisi,Georgia,Asia/Tbilisi,4.0,"(41.669167,44.954722)"
CGU,General Manuel Carlos Piar,Ciudad Guayana,Venezuela,America/Caracas,-4.0,"(8.288527,-62.760361)"
LTL,Lastourville        ,Lastourville,Gabon,Africa/Libreville,1.0,"(-0.83333,12.71667)"
OLB,Olbia Costa Smeralda,Olbia,Italy,Europe/Rome,2.0,"(40.898661,9.517628)"
KTL,Kitale,Kitale,Kenya,Africa/Nairobi,3.0,"(0.971989,34.958556)"
PBN,Porto Amboim,Porto Amboim,Angola,Africa/Luanda,1.0,"(-10.721956,13.765528)"
ALG,Houari Boumediene,Algiers,Algeria,Africa/Algiers,1.0,"(36.691014,3.215408)"
LSA,Losuia Airport,Losuia,Papua New Guinea,Pacific/Port_Moresby,10.0,"(-8.50582,151.081)"
TXM,Teminabuan          ,Teminabuan,Indonesia,Asia/Jayapura,9.0,"(-1.44472,132.021)"
SUF,Lamezia Terme,Lamezia Terme,Italy,Europe/Rome,2.0,"(38.905394,16.242269)"
LTZ,Lamezia Terme Centrale railway station,Lamezia Terme,Italy,Europe/Rome,2.0,"(38.921111,16.255556)"
THU,Thule Air Base,Thule,Greenland,America/Thule,-3.0,"(76.531203,-68.703161)"
TIP,Tripoli Intl,Tripoli,Libyan Arab Jamahiriya,Africa/Tripoli,2.0,"(32.663544,13.159011)"
MZL,La Nubia,Manizales,Colombia,America/Bogota,-5.0,"(5.029597,-75.464708)"
UGI,Uganik              ,"Uganik, Alaska",United States of America,America/Anchorage,-8.0,"(0.0,0.0)"
EJH,Wejh,Wedjh,Saudi Arabia,Asia/Riyadh,3.0,"(26.198553,36.476381)"
QYX,Central Station,Uppsala,Sweden,Europe/Stockholm,2.0,"(59.858333,17.646111)"
LAC,Layang Layang Airport,Pulau Layang,Malaysia,Asia/Hong_Kong,8.0,"(7.372222,113.841667)"
TAP,Tapachula Intl,Tapachula,Mexico,America/Mexico_City,-6.0,"(14.794339,-92.370025)"
TGR,Sidi Mahdi,Touggourt,Algeria,Africa/Algiers,1.0,"(33.067803,6.088672)"
SVS,Stevens village     ,"Stevens Village, Alaska",United States of America,America/Anchorage,-8.0,"(66.0146,-149.05983)"
YQQ,Comox,Comox,Canada,America/Vancouver,-7.0,"(49.710833,-124.886667)"
STJ,Rosecrans Mem,"Saint Joseph, Missouri",United States of America,America/Chicago,-5.0,"(39.771944,-94.909706)"
ESL,Elista Airport,Elista,Russian Federation,Europe/Moscow,3.0,"(46.3739,44.3309)"
PSG,Petersburg James A. Johnson,"Petersburg, Alaska",United States of America,America/Sitka,-8.0,"(56.801667,-132.945278)"
ELL,Ellisras,Ellisras,South Africa,Africa/Johannesburg,2.0,"(-23.666667,27.75)"
ADH,Aldan               ,Aldan,Russian Federation,Asia/Yakutsk,9.0,"(58.6028,125.409)"
BVI,Birdsville Airport,Birdsville,Australia,Australia/Brisbane,10.0,"(-25.8975,139.348)"
LEQ,Land's End / St. Just Airport,Lands End,Great Britain (United Kingdom),Europe/London,1.0,"(50.1028,-5.67056)"
GAS,Garissa,Garissa,Kenya,Africa/Nairobi,3.0,"(-0.468611,39.649444)"
TUJ,Tum                 ,Tum,Ethiopia,Asia/Aden,3.0,"(0.0,0.0)"
MXM,Morombe,Morombe,Madagascar,Indian/Antananarivo,3.0,"(-21.753867,43.375533)"
TLI,Tolitoli            ,Tolitoli,Indonesia,Asia/Makassar,8.0,"(0.0,0.0)"
CMN,Mohammed V Intl,Casablanca,Marocco,Africa/Casablanca,1.0,"(33.367467,-7.589967)"
CYB,Gerrard Smith Intl,Cayman Brac Is,Cayman Islands,America/Cayman,-5.0,"(19.686981,-79.882789)"
CVT,Coventry,Coventry,Great Britain (United Kingdom),Europe/London,1.0,"(52.369722,-1.479722)"
CHT,Chatham Islands,Chatham Island,New Zealand,Pacific/Chatham,12.75,"(-43.81,-176.457222)"
CTT,Le Castellet,Le Castellet,France,Europe/Paris,2.0,"(43.252506,5.785189)"
YRF,Cartwright Airport,Cartwright,Canada,America/Goose_Bay,-3.0,"(53.6828,-57.0419)"
BYU,Bayreuth,Bayreuth,Germany,Europe/Berlin,2.0,"(49.984428,11.638569)"
BPY,Besalampy,Besalampy,Madagascar,Indian/Antananarivo,3.0,"(-16.741945,44.481388)"
TFM,Telefomin Airport,Telefomin,Papua New Guinea,Asia/Vladivostok,10.0,"(-5.117,141.633)"
MAE,Madera Municipal Airport,"Madera, California",United States of America,America/Los_Angeles,-7.0,"(36.9886111,-120.1124444)"
MMH,Mammoth Yosemite Airport,"Mammoth Lakes, California",United States of America,America/Los_Angeles,-7.0,"(37.624049,-118.837772)"
INV,Inverness,Inverness,Great Britain (United Kingdom),Europe/London,1.0,"(57.5425,-4.0475)"
ZIV,Inverness Railway Station,Inverness,Great Britain (United Kingdom),Europe/London,1.0,"(57.48,-4.223)"
HOE,Ban Huoeisay Airport,Houeisay,Lao People's Democratic Republic,Asia/Pontianak,7.0,"(20.2573,100.437)"
SLV,Shimla Airport,Simla,India,Asia/Kolkata,5.5,"(31.081803,77.067967)"
YCO,Kugluktuk,Kugluktuk Coppermine,Canada,America/Cambridge_Bay,-6.0,"(67.816667,-115.143889)"
WNA,Napakiak            ,"Napakiak, Alaska",United States of America,America/Anchorage,-8.0,"(60.69344,-161.97779)"
YRR,Big Bay Water Aerodrome,Stuart Island,Canada,,,"(50.4,-125.133333)"
IFO,Ivano Frankivsk International Airport,Ivano Frankivsk,Ukraine,Europe/Kiev,3.0,"(48.884167,24.686111)"
YAZ,Tofino,Tofino,Canada,America/Vancouver,-7.0,"(49.082222,-125.7725)"
HET,Baita Airport,Hohhot,China,Asia/Chongqing,8.0,"(40.851422,111.824103)"
JRO,Kilimanjaro Intl,Kilimanjaro,Tanzania,Africa/Dar_es_Salaam,3.0,"(-3.429406,37.074461)"
KEW,Keewaywin,Keewaywin,Canada,America/Winnipeg,-5.0,"(52.991111,-92.836389)"
BRV,Bremerhaven,Bremerhaven,Germany,Europe/Berlin,2.0,"(53.507081,8.572878)"
GZO,Nusatupe Airport,Gizo,Solomon Islands,Pacific/Guadalcanal,11.0,"(-8.09778,156.864)"
BPS,Aeroporto de Porto Seguro,Porto Seguro,Brazil,America/Bahia,-3.0,"(-16.438611,-39.080833)"
TPI,Tapini Airport,Tapini,Papua New Guinea,Pacific/Port_Moresby,10.0,"(-8.35,146.983)"
TLT,Tuluksak Airport,"Tuluksak, Alaska",United States of America,America/Anchorage,-8.0,"(61.096944,-160.969444)"
JEJ,Jeh Airport,Jeh,Marshall Islands,Pacific/Wallis,12.0,"(7.56535,168.962)"
IMP,Prefeito Renato Moreira,Imperatriz,Brazil,America/Fortaleza,-3.0,"(-5.531292,-47.46005)"
GRG,Gardez              ,Gardez,Afghanistan,Asia/Kabul,4.5,"(0.0,0.0)"
SFJ,Sondre Stromfjord,Kangerlussuaq,Greenland,America/Godthab,-1.0,"(67.016969,-50.689325)"
KTT,Kittila,Kittila,Finland,Europe/Helsinki,3.0,"(67.701022,24.84685)"
TAI,Taiz Intl,Taiz,Yemen,Asia/Aden,3.0,"(13.685964,44.139056)"
LAR,Laramie Regional Airport,"Laramie, WY",United States of America,America/Denver,-6.0,"(41.3121,-105.675)"
FTK,Godman Aaf,"Fort Knox, Kentucky",United States of America,America/New_York,-4.0,"(37.907058,-85.972106)"
KZB,Zachar Bay Seaplane Base,"Zachar Bay, Alaska",United States of America,America/Anchorage,-8.0,"(57.55,-153.75)"
YPC,Paulatuk,Paulatuk,Canada,America/Yellowknife,-6.0,"(62.35,-124.3333)"
FAK,False island        ,"False Island, Alaska",United States of America,America/Anchorage,-8.0,"(0.0,0.0)"
MMJ,Matsumoto,Matsumoto,Japan,Asia/Tokyo,9.0,"(36.166758,137.922669)"
HDN,Yampa Valley,"Hayden, Colorado",United States of America,America/Denver,-6.0,"(40.481181,-107.21766)"
VER,General Heriberto Jara Intl,Veracruz,Mexico,America/Mexico_City,-6.0,"(19.145931,-96.187267)"
CCU,Netaji Subhash Chandra Bose Intl,Kolkata,India,Asia/Kolkata,5.5,"(22.654739,88.446722)"
MRY,Monterey Peninsula,Monterey California,United States of America,America/Los_Angeles,-7.0,"(36.587,-121.842944)"
OAR,Marina Muni,Monterey California,United States of America,America/Los_Angeles,-7.0,"(36.681878,-121.762347)"
CKL,Chkalovsky Airport,Chkalovskiy,Russian Federation,Europe/Moscow,3.0,"(55.878333,38.061667)"
BRR,Barra Airport,Barra,Great Britain (United Kingdom),Europe/London,1.0,"(57.0228,-7.44306)"
TVI,Thomasville Regional Airport,"Thomasville, Georgia",United States of America,America/New_York,-4.0,"(30.9017921,-83.8811285)"
SEY,Selibady,Selibaby,Mauritania,Africa/Nouakchott,0.0,"(15.179692,-12.207272)"
HLG,Wheeling Ohio County Airport,"Wheeling, West Virginia",United States of America,America/New_York,-4.0,"(40.175,-80.6463)"
GCJ,Grand Central,Johannesburg,South Africa,Africa/Johannesburg,2.0,"(-25.986267,28.140061)"
QRA,Rand Airport,Johannesburg,South Africa,Africa/Johannesburg,2.0,"(-26.242506,28.151169)"
HLA,Lanseria,Johannesburg,South Africa,Africa/Johannesburg,2.0,"(-25.938514,27.926133)"
JNB,OR Tambo int Airport,Johannesburg,South Africa,Africa/Johannesburg,2.0,"(-26.139166,28.246)"
IXU,Aurangabad,Aurangabad,India,Asia/Kolkata,5.5,"(19.862728,75.398114)"
UBP,Ubon Ratchathani,Ubon Ratchathani,Thailand,Asia/Bangkok,7.0,"(15.251278,104.870231)"
ACP,Sahand Airport,Sahand,Iran,Asia/Tehran,3.5,"(37.348017,46.127903)"
GEO,Cheddi Jagan Intl,Georgetown,Guyana,America/Guyana,-4.0,"(6.498553,-58.254119)"
YYC,Calgary Intl,"Calgary, AB",Canada,America/Edmonton,-6.0,"(51.113888,-114.020278)"
BKW,Raleigh County Memorial Airport,"Beckley, West Virginia",United States of America,America/New_York,-4.0,"(37.7873,-81.1242)"
HMA,Khanty Mansiysk Airport,Khanty-Mansiysk,Russian Federation,Asia/Yekaterinburg,5.0,"(61.028479,69.086067)"
SWG,Satwag              ,Satwag,Papua New Guinea,Pacific/Port_Moresby,10.0,"(0.0,0.0)"
VTU,Hermanos Ameijeiras,Las Tunas,Cuba,America/Havana,-4.0,"(20.987642,-76.9358)"
COR,Ambrosio L V Taravella,Cordoba,Argentina,America/Argentina/Cordoba,-3.0,"(-31.323619,-64.207953)"
MGX,Moabi               ,Moabi,Gabon,Africa/Libreville,1.0,"(-2.433,11.0)"
PEE,Bolshoye Savino,Perm,Russian Federation,Asia/Yekaterinburg,5.0,"(57.914517,56.021214)"
ПЦА,PERM BUSSTATION RU,Perm,Russian Federation,Asia/Yekaterinburg,5.0,"(58.00254,56.23242)"
NYA,Nyagan Airport,Nyagan,Russian Federation,Asia/Yekaterinburg,5.0,"(62.11,65.615)"
MJZ,Mirny,Mirny (Resp. Yakutiya),Russian Federation,Asia/Yakutsk,9.0,"(62.534689,114.038928)"
AVK,Arvaikheer Airport,Arvaikheer,Mongolia,Asia/Ulaanbaatar,8.0,"(46.2503,102.802)"
BET,Bethel,"Bethel, Alaska",United States of America,America/Anchorage,-8.0,"(60.779778,-161.838)"
RVR,Jose Aponte de la Torre Airport,"Green River, Utah",United States of America,America/Denver,-6.0,"(18.245278,-65.643333)"
SCC,Deadhorse,"Prudhoe Bay Deadh, Alaska",United States of America,America/Anchorage,-8.0,"(70.19475,-148.465167)"
ZJG,Jenpeg              ,Jenpeg,Canada,America/Winnipeg,-5.0,"(54.5189,-98.0461)"
MDC,Sam Ratulangi,Manado,Indonesia,Asia/Makassar,8.0,"(1.549447,124.925878)"
GUW,Atyrau,Atyrau,Kazakhstan,Asia/Qyzylorda,5.0,"(47.121944,51.821389)"
CXF,Coldfoot Airport,"Coldfoot, Alaska",United States of America,America/Anchorage,-8.0,"(67.251389,-150.176111)"
AJN,Ouani,Anjouan,Comoros,Indian/Comoro,3.0,"(-12.131667,44.430279)"
CSF,Creil,Creil,France,Europe/Paris,2.0,"(49.253547,2.519139)"
PNL,Pantelleria,Pantelleria,Italy,Europe/Rome,2.0,"(36.816519,11.968864)"
YET,Edson,Edson,Canada,America/Edmonton,-6.0,"(53.578888,-116.465)"
YAA,Anahim Lake Airport,Anahim Lake,Canada,America/Vancouver,-7.0,"(52.4525,-125.303)"
CUZ,Teniente Alejandro Velasco Astete Intl,Cuzco,Peru,America/Lima,-5.0,"(-13.535722,-71.938781)"
FOD,Fort Dodge Rgnl,"Fort Dodge, Iowa",United States of America,America/Chicago,-5.0,"(42.5512,-94.191842)"
ASP,Alice Springs,Alice Springs,Australia,Australia/Darwin,9.5,"(-23.806667,133.902222)"
MWU,Mussau              ,Mussau,Papua New Guinea,Asia/Vladivostok,10.0,"(0.0,0.0)"
NOI,Novorossiysk Krymsk,Novorossijsk,Russian Federation,Europe/Moscow,3.0,"(44.959885,37.991839)"
QSA,Sabadell Airport,Sabadell,Spain,Europe/Monaco,2.0,"(41.5209,2.10508)"
OKJ,Okayama,Okayama,Japan,Asia/Tokyo,9.0,"(34.756944,133.855278)"
FMH,Otis Angb,"Falmouth, Massachusetts",United States of America,America/New_York,-4.0,"(41.658439,-70.521417)"
KLO,Kalibo,Kalibo,Philippines,Asia/Manila,8.0,"(11.679431,122.376294)"
IRA,Ngorangora Airport,Kirakira,Solomon Islands,Pacific/Guadalcanal,11.0,"(-10.4497,161.898)"
HUI,Phu Bai,Hue,Viet Nam,Asia/Ho_Chi_Minh,7.0,"(16.401499,107.702614)"
LHV,William T. Piper Mem.,"Lock Haven, Pennsylvania",United States of America,America/Indiana/Indianapolis,-4.0,"(41.1357778,-77.4223056)"
BQS,Blagoveschensk Ignatyevo,Blagoveschensk (Amur Oblast),Russian Federation,Asia/Yakutsk,9.0,"(50.425394,127.412478)"
KAT,Kaitaia,Kaitaia,New Zealand,Pacific/Auckland,12.0,"(-35.07,173.285278)"
POE,Polk Aaf,"Fort Polk, Louisiana",United States of America,America/Chicago,-5.0,"(31.044833,-93.191667)"
TST,Trang,Trang,Thailand,Asia/Bangkok,7.0,"(7.508744,99.616578)"
LNN,Lost Nation Municipal Airport,"Willoughby, Ohio",United States of America,America/New_York,-4.0,"(41.6840278,-81.38975)"
JHM,Kapalua,"Kapalua, Hawaii",United States of America,Pacific/Honolulu,-10.0,"(20.962936,-156.673031)"
TCD,Tarapacá Airport,Tarapaca,Colombia,America/Cayman,-5.0,"(-2.867,-69.733)"
SOW,Show Low Regional Airport,"Show Low, Arizona",United States of America,America/Phoenix,-7.0,"(34.265556,-110.005556)"
MED,Prince Mohammad Bin Abdulaziz,Madinah,Saudi Arabia,Asia/Riyadh,3.0,"(24.553422,39.705061)"
WDR,Barrow County Airport,"Winder, Georgia",United States of America,America/New_York,-4.0,"(33.9828611,-83.6674167)"
TWF,Magic Valley Regional Airport,"Twin Falls, Idaho",United States of America,America/Boise,-6.0,"(42.481803,-114.487733)"
BHB,Hancock County - Bar Harbor,"Bar Harbor, Maine",United States of America,America/New_York,-4.0,"(44.4497689,-68.3615653)"
CUY,Cue                 ,Cue,Australia,Australia/Perth,8.0,"(-27.4467,117.918)"
EVV,Evansville Regional,"Evansville, Indiana",United States of America,America/Chicago,-5.0,"(38.036997,-87.532364)"
ESF,Esler Rgnl,"Alexandria, Louisiana",United States of America,America/Chicago,-5.0,"(31.394903,-92.295772)"
AEX,Alexandria Intl,"Alexandria, Louisiana",United States of America,America/Chicago,-5.0,"(31.3274,-92.549833)"
TIH,Tikehau,Tikehau Atoll,French Polynesia,Pacific/Tahiti,-10.0,"(-15.119617,-148.230697)"
LIM,Jorge Chavez Intl,Lima,Peru,America/Lima,-5.0,"(-12.021889,-77.114319)"
CIH,Changzhi Airport,Changzhi,China,Asia/Shanghai,8.0,"(36.2475,113.126)"
DRT,Del Rio Intl,"Del Rio, Texas",United States of America,America/Chicago,-5.0,"(29.374208,-100.927158)"
DLF,Laughlin Afb,"Del Rio, Texas",United States of America,America/Chicago,-5.0,"(29.359486,-100.777975)"
GIB,Gibraltar,Gibraltar,Gibraltar,Europe/Gibraltar,2.0,"(36.151219,-5.349664)"
PIU,Capitan Fap Guillermo Concha Iberico,Piura,Peru,America/Lima,-5.0,"(-5.20575,-80.616444)"
AAM,Malamala Airport,Mala Mala,South Africa,Africa/Johannesburg,2.0,"(-24.818111,31.544584)"
SCH,Stratton ANGB - Schenectady County Airpor,"Schenectady, New York",United States of America,America/New_York,-4.0,"(42.85245555,-73.92886667)"
TCP,Taba Intl,Taba,Egypt,Africa/Cairo,3.0,"(29.587778,34.778056)"
JHW,Chautauqua County-Jamestown,"Jamestown, New York",United States of America,America/New_York,-4.0,"(42.153333,-79.258056)"
XKS,Kasabonika Airport,Kasabonika,Canada,America/Winnipeg,-5.0,"(53.5247,-88.6428)"
PHK,Pahokee Airport,"Pahokee, Florida",United States of America,America/Indiana/Indianapolis,-4.0,"(26.789,-80.692)"
QFB,FREIBURG,Freiburg,Germany,Europe/Berlin,2.0,"(47.995916,7.837421)"
HZG,Hanzhong Airport,Hanzhong,China,Asia/Chongqing,8.0,"(33.0636,107.008)"
MNG,Maningrida Airport,Maningrida,Australia,Australia/Darwin,9.5,"(-12.0561,134.234)"
SJD,Los Cabos Intl,San Jose Cabo,Mexico,America/Mazatlan,-7.0,"(23.15185,-109.721044)"
SEV,Severodoneck        ,Severodonetsk,Ukraine,Europe/Kiev,3.0,"(48.90033,38.54167)"
ASU,Silvio Pettirossi Intl,Asuncion,Paraguay,America/Asuncion,-3.0,"(-25.23985,-57.519133)"
GLN,Goulimime           ,Goulimime,Marocco,Africa/Dakar,0.0,"(29.0267,-10.0503)"
LBR,Labrea Airport,Labrea,Brazil,America/Manaus,-4.0,"(-7.258889,-64.797778)"
SFZ,North Central State,"Smithfield, Rhode Island",United States of America,America/New_York,-4.0,"(41.920764,-71.491381)"
DLY,Dillon's Bay Airport,Dillons Bay,Vanuatu,Pacific/Efate,11.0,"(-18.7694,169.001)"
AQI,Qaisumah,Qaisumah,Saudi Arabia,Asia/Riyadh,3.0,"(28.335192,46.125069)"
MKN,Malekolon           ,Malekolon,Papua New Guinea,Asia/Vladivostok,10.0,"(0.0,0.0)"
RNN,Bornholm Ronne,Bornholm,Denmark,Europe/Copenhagen,2.0,"(55.063267,14.759558)"
HKD,Hakodate,Hakodate,Japan,Asia/Tokyo,9.0,"(41.77,140.821944)"
AOT,Aosta Airport,Aosta,Italy,Europe/Rome,2.0,"(45.738456,7.368719)"
CCI,Concordia Airport,Concordia,Brazil,America/Sao_Paulo,-3.0,"(-27.180556,-52.052778)"
ISG,Ishigaki,Ishigaki,Japan,Asia/Tokyo,9.0,"(24.344525,124.186983)"
CZH,Municipal,Corozal,Belize,America/Regina,-6.0,"(18.3822,-88.4119)"
SVA,Savoonga Airport,"Savoonga, Alaska",United States of America,America/Nome,-8.0,"(63.6864,-170.493)"
LAZ,Bom Jesus Da Lapa,Bom Jesus Da Lapa,Brazil,America/Bahia,-3.0,"(-13.262086,-43.408114)"
MCG,McGrath Airport,"McGrath, Alaska",United States of America,America/Anchorage,-8.0,"(62.9529,-155.606)"
JAA,Jalalabad,Jalalabad,Afghanistan,Asia/Kabul,4.5,"(34.399842,70.498625)"
ELI,Elim Airport,"Elim, Alaska",United States of America,America/Nome,-8.0,"(64.615,-162.270556)"
GGW,Wokal Field Glasgow International Airport,"Glasgow, Montana",United States of America,America/Denver,-6.0,"(48.2125,-106.615)"
UTP,Rayong-Pattaya,U Tapao,Thailand,Asia/Bangkok,7.0,"(12.679944,101.005028)"
HBT,King Khaled Military City,Hafr Albatin,Saudi Arabia,Asia/Riyadh,3.0,"(27.900917,45.528194)"
THY,Thohoyandou         ,Thohoyandou,South Africa,Africa/Johannesburg,2.0,"(-23.0769,30.3836)"
ASK,Yamoussoukro,Yamoussoukro,Cote d'Ivoire,Africa/Abidjan,0.0,"(6.903167,-5.365581)"
CWI,Clinton Municipal,"Clinton, Iowa",United States of America,America/Chicago,-5.0,"(41.83075,-90.3289722)"
KAI,Kaieteur,Kaieteur,Guyana,America/Antigua,-4.0,"(5.167,-59.483)"
GLH,Mid Delta Regional Airport,"Greenville, Mississipi",United States of America,America/Chicago,-5.0,"(33.4829,-90.9856)"
AWA,Awasa Airport,Awassa,Ethiopia,Africa/Addis_Ababa,3.0,"(7.067,38.5)"
ZPC,Pucón Airport,Pucon,Chili,America/Santiago,-4.0,"(-39.2928,-71.9159)"
BEV,Teyman,Beer Sheba,Israel,Asia/Jerusalem,3.0,"(31.287003,34.722953)"
CNG,Chateaubernard,Cognac,France,Europe/Paris,2.0,"(45.658333,-0.3175)"
LYN,Bron,Lyon,France,Europe/Paris,2.0,"(45.727172,4.944275)"
XYD,Lyon Part-Dieu Railway,Lyon,France,Europe/Paris,2.0,"(46.0,5.0)"
LYS,Saint Exupery,Lyon,France,Europe/Paris,2.0,"(45.726387,5.090833)"
GNB,Saint Geoirs,Lyon,France,Europe/Paris,2.0,"(45.362944,5.329375)"
CSO,Magdeburg-Cochstedt,Cochstedt,Germany,Europe/Berlin,2.0,"(51.855833,11.418333)"
FUO,Foshan,Foshan,China,Asia/Hong_Kong,8.0,"(23.133333,113.28333)"
WRL,Worland Municipal Airport,"Worland, Wyoming",United States of America,America/Denver,-6.0,"(43.9657,-107.951)"
AEA,Abemama Atoll Airport,Abemama Atoll,Kiribati,Pacific/Tarawa,12.0,"(0.490833,173.828611)"
BGR,Bangor Intl,"Bangor, Maine",United States of America,America/New_York,-4.0,"(44.807444,-68.828139)"
MYW,Mtwara,Mtwara,Tanzania,Africa/Dar_es_Salaam,3.0,"(-10.339058,40.181781)"
VLD,Valdosta Regional Airport,"Valdosta, Georgia",United States of America,America/New_York,-4.0,"(30.7825,-83.2767)"
VAD,Moody Afb,"Valdosta, Georgia",United States of America,America/New_York,-4.0,"(30.967833,-83.193)"
TUK,Turbat International Airport,Turbat,Pakistan,Asia/Karachi,5.0,"(25.986369,63.030167)"
OYG,Moyo Airport,Moyo,Uganda,Africa/Juba,2.0,"(3.633,31.75)"
BHZ,Belo horizonte      ,Belo Horizonte,Brazil,America/Sao_Paulo,-3.0,"(0.0,0.0)"
CNF,Tancredo Neves Intl,Belo Horizonte,Brazil,America/Sao_Paulo,-3.0,"(-19.63375,-43.968856)"
PLU,Pampulha Carlos Drummond De Andrade,Belo Horizonte,Brazil,America/Sao_Paulo,-3.0,"(-19.851181,-43.950628)"
SGU,St George Muni,"Saint George, Utah",United States of America,America/Denver,-6.0,"(37.090583,-113.593056)"
WIN,Winton Airport,Winton,Australia,Australia/Brisbane,10.0,"(-22.3636,143.086)"
CTG,Rafael Nunez,Cartagena,Colombia,America/Bogota,-5.0,"(10.442381,-75.512961)"
LEX,Blue Grass,"Lexington, Kentucky",United States of America,America/New_York,-4.0,"(38.0365,-84.605889)"
EMB,Embarkader          ,"San Francisco, California",United States of America,America/Los_Angeles,-7.0,"(0.0,0.0)"
SFO,San Francisco Intl,"San Francisco, California",United States of America,America/Los_Angeles,-7.0,"(37.618972,-122.374889)"
YQD,The Pas Airport,The Pas,Canada,America/Winnipeg,-5.0,"(53.9714,-101.091)"
YXS,Prince George,Prince George,Canada,America/Vancouver,-7.0,"(53.889444,-122.678889)"
TIE,Tippi Airport,Tippi,Ethiopia,Africa/Addis_Ababa,3.0,"(7.117,35.383)"
PQS,Pilot Station Airport,"Pilot Station, Alaska",United States of America,America/Anchorage,-8.0,"(61.934444,-162.899444)"
CBB,Jorge Wilsterman,Cochabamba,Bolivia,America/La_Paz,-4.0,"(-17.421058,-66.177114)"
QYG,Railway germany,Railway Germany,Germany,Europe/Monaco,2.0,"(0.0,0.0)"
WBE,Bealanana           ,Bealanana,Madagascar,Africa/Juba,2.0,"(0.0,0.0)"
BMC,Brigham City,"Brigham City, Utah",United States of America,America/Denver,-6.0,"(41.552,-112.062)"
RAE,Arar,Arar,Saudi Arabia,Asia/Riyadh,3.0,"(30.906589,41.138217)"
JCU,Ceuta Heliport,Ceuta,Spain,Africa/Ceuta,2.0,"(35.8969,-5.29908)"
YHG,Charlottetown       ,"Charlottetown, NL",Canada,America/Halifax,-3.0,"(0.0,0.0)"
GUR,Gurney Airport,Alotau,Papua New Guinea,Pacific/Port_Moresby,10.0,"(-10.3115,150.334)"
IXS,Silchar,Silchar,India,Asia/Kolkata,5.5,"(24.912928,92.978742)"
YQN,Nakina Airport,Nakina,Canada,America/Toronto,-4.0,"(50.182777,-86.696388)"
WIL,Nairobi Wilson,Nairobi,Kenya,Africa/Nairobi,3.0,"(-1.321719,36.814833)"
NBO,Jomo Kenyatta International,Nairobi,Kenya,Africa/Nairobi,3.0,"(-1.319167,36.9275)"
FIH,Ndjili Intl,Kinshasa,"Congo, Democratic Republic of the",Africa/Kinshasa,1.0,"(-4.38575,15.444569)"
NLO,Ndolo,Kinshasa,"Congo, Democratic Republic of the",Africa/Kinshasa,1.0,"(-4.326689,15.327342)"
SKB,Robert L Bradshaw,Saint Kitts,Saint Kitts (Christopher) and Nevis,America/St_Kitts,-4.0,"(17.311194,-62.718667)"
JJI,Juanjui,Juanjui,Peru,America/Lima,-5.0,"(-7.1691,-76.728561)"
ROT,Rotorua,Rotorua,New Zealand,Pacific/Auckland,12.0,"(-38.109167,176.317222)"
APF,Naples Muni,"Naples, Florida",United States of America,America/New_York,-4.0,"(26.152619,-81.775294)"
RAM,Ramingining Airport,Ramingining,Australia,Australia/Darwin,9.5,"(-12.3564,134.898)"
ROB,Monrovia Roberts Intl,Monrovia,Liberia,Africa/Monrovia,0.0,"(6.233789,-10.362311)"
MLW,Monrovia Spriggs Payne,Monrovia,Liberia,Africa/Monrovia,0.0,"(6.289061,-10.758722)"
POA,Salgado Filho,Porto Alegre,Brazil,America/Sao_Paulo,-3.0,"(-29.994428,-51.171428)"
ZFA,Faro,Faro,Canada,America/Whitehorse,-7.0,"(62.2075,-133.375833)"
YFB,Iqaluit,Iqaluit,Canada,America/Iqaluit,-4.0,"(63.75639,-68.555832)"
ROC,Greater Rochester Intl,"Rochester, New York",United States of America,America/New_York,-4.0,"(43.118866,-77.672389)"
HOF,Al Ahsa,Hofuf,Saudi Arabia,Asia/Riyadh,3.0,"(25.285306,49.485189)"
PBX,Pike County Airport - Hatcher Field,Porto Alegre Do Norte,Brazil,Africa/Dakar,0.0,"(37.5617639,-82.5663889)"
TRG,Tauranga,Tauranga,New Zealand,Pacific/Auckland,12.0,"(-37.671944,176.19611)"
BEF,Bluefields,Bluefields,Nicaragua,America/Managua,-6.0,"(11.990961,-83.774086)"
LTQ,Le Touquet Paris Plage,Le Touquet,France,Europe/Paris,2.0,"(50.517385,1.620587)"
TEZ,Tezpur Airport,Tezpur,India,Asia/Kolkata,5.5,"(26.7091,92.7847)"
LRR,Lar Airport,Lar,Iran,Asia/Tehran,3.5,"(27.674725,54.383278)"
SLD,Sliac,Sliac,Slovak Republic,Europe/Bratislava,2.0,"(48.637839,19.134108)"
YKF,Waterloo,Kitchener,Canada,America/Toronto,-4.0,"(43.460833,-80.378611)"
LCA,Larnaca International,Larnaca,Cyprus,Asia/Nicosia,3.0,"(34.875117,33.62485)"
KSD,Karlstad Airport,Karlstad,Sweden,Europe/Stockholm,2.0,"(59.4447,13.3374)"
HKV,Uzundzhovo,Haskovo,Bulgaria,Europe/Helsinki,3.0,"(41.976375,25.589817)"
NQI,Kingsville Nas,"Kingsville, Texas",United States of America,America/Chicago,-5.0,"(27.507223,-97.809723)"
BEQ,Honington,Bury St Edmunds,Great Britain (United Kingdom),Europe/London,1.0,"(52.342611,0.772939)"
ZMT,Masset Airport,Masset,Canada,America/Vancouver,-7.0,"(54.0275,-132.125)"
HFA,Haifa,Haifa,Israel,Asia/Jerusalem,3.0,"(32.809444,35.043056)"
RBA,Sale,Rabat,Marocco,Africa/Casablanca,1.0,"(34.051467,-6.751519)"
UEO,Kumejima,Kumejima,Japan,Asia/Tokyo,9.0,"(26.363506,126.713806)"
ONN,Onion bay,"Onion Bay, Alaska",United States of America,America/Anchorage,-8.0,"(0.0,0.0)"
ESU,Mogador Airport,Essaouira,Marocco,Africa/Casablanca,1.0,"(31.3975,-9.681667)"
AET,Allakaket Airport,"Allakaket, Alaska",United States of America,America/Anchorage,-8.0,"(66.5519,-152.6222)"
PNC,Ponca City Rgnl,"Ponca City, Oklahoma",United States of America,America/Chicago,-5.0,"(36.731958,-97.099781)"
SGV,Sierra Grande,Sierra Grande,Argentina,America/Argentina/Salta,-3.0,"(-41.592,-65.341)"
AMZ,Ardmore,Ardmore,New Zealand,Pacific/Auckland,12.0,"(-37.029722,174.973333)"
XUZ,Xuzhou Guanyin Airport,Xuzhou,China,Asia/Shanghai,8.0,"(34.16,117.11)"
MZO,Sierra Maestra,Manzanillo,Cuba,America/Havana,-4.0,"(20.288172,-77.0893)"
MLG,Abdul Rachman Saleh,Malang,Indonesia,Asia/Jakarta,7.0,"(-7.926556,112.714514)"
RBK,French Valley Airport,"Rancho, California",United States of America,America/Vancouver,-7.0,"(33.5741791,-117.1284732)"
BIR,Biratnagar,Biratnagar,Nepal,Asia/Kathmandu,5.75,"(26.481453,87.264036)"
FRD,Friday Harbor Airport,"Friday Harbor, Washington",United States of America,America/Los_Angeles,-7.0,"(48.521944,-123.024444)"
BYW,Blakely Island Airport,"Blakely Island, Washington",United States of America,America/Los_Angeles,-7.0,"(48.56025,-122.80243)"
NST,Nakhon Si Thammarat,Nakon Si Thammarat,Thailand,Asia/Bangkok,7.0,"(8.539617,99.944725)"
JIL,Jilin airport       ,Jilin,China,Asia/Harbin,8.0,"(44.0022,126.396)"
ERZ,Erzurum,Erzurum,Turkey,Europe/Istanbul,3.0,"(39.956501,41.170166)"
GNZ,Ghanzi Airport,Ghanzi,Botswana,Africa/Gaborone,2.0,"(-21.6925,21.6581)"
XPT,Preston railway station,Preston,Great Britain (United Kingdom),Europe/London,1.0,"(53.756,-2.7072)"
XYG,Praha hlavni nadrazi,Prague,Czech Republic,Europe/Prague,2.0,"(50.08268921,14.43502976)"
PRG,Ruzyne,Prague,Czech Republic,Europe/Prague,2.0,"(50.100833,14.26)"
PFL,Florenc bus station,Prague,Czech Republic,Europe/Prague,2.0,"(0.0,0.0)"
SDL,Sundsvall Harnosand,Sundsvall,Sweden,Europe/Stockholm,2.0,"(62.528125,17.443928)"
XXZ,SUNDSVALL C RAIL STN,Sundsvall,Sweden,Europe/Stockholm,2.0,"(0.0,0.0)"
PKA,Napaskiak           ,"Napaskiak, Alaska",United States of America,America/Anchorage,-8.0,"(60.7069,-161.77325)"
ZSY,Scottsdale Airport,"Scottsdale, Arizona",United States of America,America/Phoenix,-7.0,"(33.6228889,-111.9105278)"
RKT,Ras Al Khaimah Intl,Ras Al Khaimah,United Arab Emirates,Asia/Dubai,4.0,"(25.613483,55.938817)"
SGJ,St. Augustine Airport,Sagarai,Papua New Guinea,Asia/Vladivostok,10.0,"(29.95925,-81.3397222)"
GKL,Great Keppel Island,Great Keppel Isla,Australia,Australia/Brisbane,10.0,"(-23.186,150.943)"
TTE,Sultan Babullah,Ternate,Indonesia,Asia/Jayapura,9.0,"(0.831414,127.381486)"
IRD,Ishurdi,Ishurdi,Bangladesh,Asia/Dhaka,6.0,"(24.1525,89.049446)"
ETH,Eilat,Elat,Israel,Asia/Jerusalem,3.0,"(29.561281,34.960081)"
VDA,Ovda,Elat,Israel,Asia/Jerusalem,3.0,"(29.94025,34.93585)"
AKK,Akhiok Airport,"Akhiok, Alaska",United States of America,America/Anchorage,-8.0,"(56.938611,-154.1825)"
JCO,Comino Airport,Comino,Malta,Europe/Monaco,2.0,"(36.016,14.333)"
BVB,Boa Vista,Boa Vista,Brazil,America/Boa_Vista,-4.0,"(2.846311,-60.690069)"
ZAT,Zhaotong Airport,Zhaotong,China,Asia/Chongqing,8.0,"(27.3256,103.755)"
MFK,Matsu Beigan Airport,Beigan,Taiwan,Asia/Taipei,8.0,"(26.224153,120.00275)"
MST,Maastricht,Maastricht,Netherlands (Holland),Europe/Amsterdam,2.0,"(50.911658,5.770144)"
ZYT,RAILWAY STATION,Maastricht,Netherlands (Holland),Europe/Amsterdam,2.0,"(0.0,0.0)"
NOP,Sinop Airport,Sinop,Turkey,Europe/Istanbul,3.0,"(42.015833,35.066389)"
SIC,Sinop Airport,Sinop,Turkey,Europe/Istanbul,3.0,"(42.0158,35.0664)"
KHI,Jinnah Intl,Karachi,Pakistan,Asia/Karachi,5.0,"(24.906547,67.160797)"
YBY,Bonnyville Airport,Bonnyville,Canada,America/Edmonton,-6.0,"(54.304722,-110.741111)"
PQC,Duong Dong Airport,Phu Quoc,Viet Nam,Asia/Ho_Chi_Minh,7.0,"(10.227025,103.967169)"
BCI,Barcaldine Airport,Barcaldine,Australia,Australia/Brisbane,10.0,"(-23.5653,145.307)"
BOJ,Burgas,Burgas,Bulgaria,Europe/Sofia,3.0,"(42.569583,27.515236)"
DCM,Mazamet,Castres,France,Europe/Paris,2.0,"(43.55625,2.289183)"
SZZ,Goleniow,Szczecin,Poland,Europe/Warsaw,2.0,"(53.584731,14.902206)"
MXY,McCarthy Airport,"McCarthy, Alaska",United States of America,America/Anchorage,-8.0,"(61.4370608,-142.9030737)"
USL,Useless loop        ,Useless Loop,Australia,Australia/Perth,8.0,"(-26.1667,113.4)"
MNT,Minto Airport,"Minto, Alaska",United States of America,America/Anchorage,-8.0,"(65.143611,-149.37)"
OIM,Oshima,Oshima,Japan,Asia/Tokyo,9.0,"(34.782033,139.360306)"
NIT,Souche,Niort,France,Europe/Paris,2.0,"(46.311303,-0.401503)"
IGB,Ingeniero Jacobacci,Ingeniero Jacobacci,Argentina,America/Argentina/Salta,-3.0,"(-41.3,-69.5833)"
KVK,Kirovsk-Apatity Airport,Apatity,Russian Federation,Europe/Moscow,3.0,"(67.4633,33.5883)"
BWF,Walney Island,Barrow In Furness,Great Britain (United Kingdom),Europe/London,1.0,"(54.131167,-3.263667)"
KGA,Kananga,Kananga,"Congo, Democratic Republic of the",Africa/Lubumbashi,2.0,"(-5.900055,22.469166)"
CCS,Simon Bolivar Intl,Caracas,Venezuela,America/Caracas,-4.0,"(10.603117,-66.990583)"
BOB,Bora Bora,Bora Bora,French Polynesia,Pacific/Tahiti,-10.0,"(-16.444378,-151.751286)"
YWL,Williams Lake,Williams Lake,Canada,America/Vancouver,-7.0,"(52.183056,-122.054167)"
TRU,Capitan Carlos Martinez De Pinillos,Trujillo,Peru,America/Lima,-5.0,"(-8.081411,-79.108761)"
UPG,Hasanuddin,Ujung Pandang,Indonesia,Asia/Makassar,8.0,"(-5.061631,119.554042)"
YBD,New westminster     ,New Westminister,Canada,America/Vancouver,-7.0,"(0.0,0.0)"
CJU,Jeju Intl,Jeju,Korea (South),Asia/Seoul,9.0,"(33.511306,126.493028)"
OUK,Outer Skerries Airport,Outer Skerries,Great Britain (United Kingdom),Europe/Jersey,1.0,"(60.417,-0.75)"
CMF,Aix Les Bains,Chambery,France,Europe/Paris,2.0,"(45.63805,5.880225)"
CYY,Square Paul Vidal Bus Station,Chambery,France,Europe/Paris,2.0,"(45.5700475,5.9173244)"
YPA,Prince Albert Glass Field,Prince Albert,Canada,America/Regina,-6.0,"(53.214167,-105.672778)"
CNM,Cavern City Air Terminal,"Carlsbad, New Mexico",United States of America,America/Denver,-6.0,"(32.337472,-104.263278)"
RZN,Turlatovo,Ryazan,Russian Federation,Europe/Moscow,3.0,"(54.5559,39.8552)"
EKB,Ekibastuz           ,Ekibastuz,Kazakhstan,Asia/Qyzylorda,5.0,"(51.591,75.215)"
ARB,Ann Arbor Municipal Airport,"Ann Arbor, Michigan",United States of America,America/Detroit,-4.0,"(42.132274,-83.444418)"
XZM,Macau Ferry Pier,Macau,Macau (Macao),Asia/Macau,8.0,"(22.197075,113.558911)"
MFM,Macau Intl,Macau,Macau (Macao),Asia/Macau,8.0,"(22.149556,113.591558)"
LIO,Limon Intl,Limon,Costa Rica,America/Costa_Rica,-6.0,"(9.957961,-83.022006)"
MBD,Mmabatho International Airport,Mmabatho,South Africa,Africa/Johannesburg,2.0,"(-25.798444,25.548028)"
ERS,Eros Airport,Windhoek,Namibia,Africa/Windhoek,2.0,"(-22.6122,17.0804)"
WDH,Windhoek Hosea Kutako International Airport ,Windhoek,Namibia,Africa/Windhoek,2.0,"(-22.486667,17.4625)"
RAT,Raduzhny Airport,Raduzhnyi (KHMAO),Russian Federation,Asia/Yekaterinburg,5.0,"(62.1586,77.3289)"
GNM,Guanambi Airport,Guanambi,Brazil,America/Bahia,-3.0,"(-14.216667,-42.783333)"
KZI,Filippos,Kozani,Greece,Europe/Athens,3.0,"(40.28611,21.840834)"
URT,Surat Thani,Surat Thani,Thailand,Asia/Bangkok,7.0,"(9.1325,99.135556)"
LNO,Leonora Airport,Leonora,Australia,Australia/Perth,8.0,"(-28.8781,121.315)"
DAC,Hazrat Shahjalal,Dhaka,Bangladesh,Asia/Dhaka,6.0,"(23.843333,90.397781)"
MGP,Manga               ,Manga,Papua New Guinea,Asia/Vladivostok,10.0,"(0.0,0.0)"
UBS,Columbus            ,"Columbus, Mississipi",United States of America,America/Chicago,-5.0,"(33.46447,-88.38239)"
GTR,Golden Triangle Regional Airport,"Columbus, Mississipi",United States of America,America/Chicago,-5.0,"(33.450333,-88.591361)"
CBM,Columbus Afb,"Columbus, Mississipi",United States of America,America/Chicago,-5.0,"(33.643833,-88.443833)"
SGE,Siegen              ,Siegen,Germany,Europe/Berlin,2.0,"(0.0,0.0)"
PDT,Eastern Oregon Regional Airport,"Pendleton, Oregon",United States of America,America/Los_Angeles,-7.0,"(45.695,-118.841389)"
XIG,Xinguara            ,Xinguera,Brazil,America/Belem,-3.0,"(0.0,0.0)"
STX,Henry E Rohlsen,Saint Croix Isl,"Virgin Islands, US",America/St_Thomas,-4.0,"(17.701889,-64.798556)"
SSB,Christiansted Harbor Seaplane Base,Saint Croix Isl,"Virgin Islands, US",America/St_Thomas,-4.0,"(17.747222,-64.705)"
YDQ,Dawson Creek,Dawson Creek,Canada,America/Dawson_Creek,-7.0,"(55.742333,-120.183)"
ILE,Killeen             ,"Killeen, Texas",United States of America,America/Chicago,-5.0,"(31.08333,-97.68333)"
GRK,Robert Gray Aaf,"Killeen, Texas",United States of America,America/Chicago,-5.0,"(31.06725,-97.828917)"
HLR,Hood Aaf,"Killeen, Texas",United States of America,America/Chicago,-5.0,"(31.138731,-97.714469)"
FRW,Francistown,Francistown,Botswana,Africa/Gaborone,2.0,"(-21.159597,27.474525)"
PKH,Alexion,Porto Heli,Greece,Europe/Athens,3.0,"(37.298792,23.148986)"
QYI,Hilversum Railway Station,Hilversum,Netherlands (Holland),Europe/Monaco,2.0,"(52.226389,5.181667)"
TRO,Taree Airport,Taree,Australia,Australia/Sydney,10.0,"(-31.8886,152.514)"
BKQ,Blackall,Blackall,Australia,Australia/Brisbane,10.0,"(-24.427778,145.428611)"
AXA,Wallblake,Anguilla,Anguilla,America/Anguilla,-4.0,"(18.204834,-63.055084)"
LYU,Ely Municipal,"Ely, Minnesota",United States of America,America/Chicago,-5.0,"(47.824444,-91.830833)"
JEG,Aasiaat,Aasiaat,Greenland,America/Godthab,-1.0,"(68.7,-52.75)"
IXZ,Port Blair,Port Blair,India,Asia/Kolkata,5.5,"(11.641161,92.729744)"
IKI,Iki,Iki,Japan,Asia/Tokyo,9.0,"(33.749027,129.785417)"
REV,Reykjavik           ,Reykjavik,Iceland,Atlantic/Reykjavik,0.0,"(0.0,0.0)"
KEF,Keflavik International Airport,Reykjavik,Iceland,Atlantic/Reykjavik,0.0,"(63.985,-22.605556)"
RKV,Reykjavik,Reykjavik,Iceland,Atlantic/Reykjavik,0.0,"(64.13,-21.940556)"
GIG,Galeao Antonio Carlos Jobim,Rio De Janeiro,Brazil,America/Sao_Paulo,-3.0,"(-22.808903,-43.243647)"
SDU,Santos Dumont,Rio De Janeiro,Brazil,America/Sao_Paulo,-3.0,"(-22.910461,-43.163133)"
RRJ,JACAREPAGUA,Rio De Janeiro,Brazil,America/Sao_Paulo,-3.0,"(-22.9875,-43.37)"
WMA,Mandritsara Airport,Mandritsara,Madagascar,Indian/Antananarivo,3.0,"(-15.817,48.833)"
CCO,Coweta County Airport,Carimagua,Colombia,America/Bogota,-5.0,"(33.3115656,-84.7697554)"
CUT,Cutral co           ,Cutral,Argentina,America/Argentina/Salta,-3.0,"(-38.9397,-69.2646)"
PBZ,Plettenberg Bay Airport,Plettenberg Bay,South Africa,Africa/Johannesburg,2.0,"(-34.088056,23.328889)"
FDF,Le Lamentin,Fort De France,Martinique,America/Martinique,-4.0,"(14.591033,-61.003175)"
STI,Cibao Intl,Santiago,Dominican Republic,America/Santo_Domingo,-4.0,"(19.406092,-70.604689)"
AZN,Andizhan Airport,Andizhan,Uzbekistan,Asia/Tashkent,5.0,"(40.7277,72.294)"
YLL,Lloydminster,Lloydminster,Canada,America/Edmonton,-6.0,"(53.309166,-110.0725)"
TUL,Tulsa Intl,"Tulsa, Oklahoma",United States of America,America/Chicago,-5.0,"(36.198389,-95.888111)"
SSZ,Base Aerea De Santos,Santos,Brazil,America/Sao_Paulo,-3.0,"(-23.925206,-46.2875)"
CPX,Culebra Airport,Culebra,Puerto Rico,America/Puerto_Rico,-4.0,"(18.3127,-65.3034)"
TGK,Taganrog South,Taganrog,Russian Federation,Europe/Moscow,3.0,"(47.198102,38.849245)"
AAY,Al Ghaidah Intl,Al Ghaydah,Yemen,Asia/Aden,3.0,"(16.191667,52.175)"
SNB,Snake bay           ,Snake Bay,Australia,Australia/Darwin,9.5,"(-11.4228,130.65401)"
YCH,Miramichi,Miramichi,Canada,America/Moncton,-3.0,"(47.007778,-65.449167)"
MBZ,Maues Airport,Maues,Brazil,America/Manaus,-4.0,"(-3.383611,-57.718611)"
LRV,Gran Roque Airport,Los Roques,Venezuela,America/Caracas,-4.0,"(11.95,-66.67)"
OHD,Ohrid,Ohrid,Macedonia,Europe/Skopje,2.0,"(41.179956,20.742325)"
AVP,Wilkes Barre Scranton Intl,"Scranton, Pennsylvania",United States of America,America/New_York,-4.0,"(41.338478,-75.723403)"
WBW,Wilkes-Barre Wyoming Valley Airport,"Scranton, Pennsylvania",United States of America,America/New_York,-4.0,"(41.2973074,-75.8522405)"
UPN,Licenciado Y Gen Ignacio Lopez Rayon,Uruapan,Mexico,America/Mexico_City,-6.0,"(19.396692,-102.039056)"
MLU,Monroe Rgnl,"Monroe, Louisiana",United States of America,America/Chicago,-5.0,"(32.510864,-92.037689)"
DAB,Daytona Beach Intl,"Daytona Beach, Florida",United States of America,America/New_York,-4.0,"(29.179917,-81.058056)"
GHF,Giebelstadt Aaf,Giebelstadt,Germany,Europe/Berlin,2.0,"(49.648131,9.966494)"
TRB,Turbo               ,Turbo,Colombia,America/Bogota,-5.0,"(8.07453,-76.7415)"
LUV,Dumatubun Airport,Langgur,Indonesia,Asia/Jayapura,9.0,"(-5.661619,132.731431)"
CHQ,Souda,Chania,Greece,Europe/Athens,3.0,"(35.531747,24.149678)"
INZ,In Salah,In Salah,Algeria,Africa/Algiers,1.0,"(27.251022,2.512017)"
MPV,Edward F Knapp State,"Montpelier, Vermont",United States of America,America/New_York,-4.0,"(44.203503,-72.562328)"
ZJQ,Railway morges,Morges,Switzerland,Europe/Monaco,2.0,"(0.0,0.0)"
LVB,Livramento          ,Livramento,Brazil,America/Bahia,-3.0,"(-13.6506,-41.8339)"
NWI,Norwich,Norwich,Great Britain (United Kingdom),Europe/London,1.0,"(52.675833,1.282778)"
SKX,Saransk Airport,Saransk,Russian Federation,Europe/Moscow,3.0,"(54.1251,45.2123)"
FOR,Pinto Martins Intl,Fortaleza,Brazil,America/Fortaleza,-3.0,"(-3.776283,-38.532556)"
KOZ,Ouzinkie Airport,"Ouzinkie, Alaska",United States of America,America/Anchorage,-8.0,"(57.922876,-152.500511)"
VAI,Vanimo Airport,Vanimo,Papua New Guinea,Pacific/Port_Moresby,10.0,"(-2.69717,141.302)"
YSG,Lutselk'e Airport,Lutsel Ke Snowdrift,Canada,America/Yellowknife,-6.0,"(62.4183,-110.682)"
MZH,Merzifon,Merzifon,Turkey,Europe/Istanbul,3.0,"(40.829375,35.521992)"
CKX,Chicken             ,"Chicken, Alaska",United States of America,America/Anchorage,-8.0,"(0.0,0.0)"
BJL,Banjul Intl,Banjul,Gambia,Africa/Banjul,0.0,"(13.337961,-16.652206)"
JRS,Jerusalem           ,Jerusalem,Israel,Asia/Hebron,3.0,"(0.0,0.0)"
YWK,Wabush,Wabush,Canada,America/Goose_Bay,-3.0,"(52.921944,-66.864444)"
LVA,Entrammes,Laval,France,Europe/Paris,2.0,"(48.031361,-0.742986)"
BEZ,Beru Island Airport,Beru,Kiribati,Pacific/Tarawa,12.0,"(-1.254722,176.007222)"
BGW,Baghdad International Airport,Baghdad,Iraq,Asia/Baghdad,3.0,"(33.262539,44.234578)"
PNS,Pensacola Rgnl,"Pensacola, Florida",United States of America,America/Chicago,-5.0,"(30.473425,-87.186611)"
NPA,Pensacola Nas,"Pensacola, Florida",United States of America,America/Chicago,-5.0,"(30.352656,-87.318647)"
GOR,Gore Airport,Gore,Ethiopia,Africa/Addis_Ababa,3.0,"(8.167,35.55)"
JKG,Jonkoping,Joenkoeping,Sweden,Europe/Stockholm,2.0,"(57.757594,14.068731)"
VAN,Van,Van,Turkey,Europe/Istanbul,3.0,"(38.468219,43.3323)"
ZBM,Bromont Airport,Bromont,Canada,America/Montreal,-4.0,"(45.290833,-72.741944)"
LZH,Bailian Airport,Liuzhou (Guangxi),China,Asia/Chongqing,8.0,"(24.2075,109.391)"
ZAU,Augsburg Railway,Aue,Germany,Europe/Monaco,2.0,"(48.3655,10.8863)"
NHV,Nuku Hiva,Nuku Hiva,French Polynesia,Pacific/Marquesas,-9.5,"(-8.795603,-140.228789)"
KHN,Changbei Intl,Nanchang,China,Asia/Shanghai,8.0,"(28.865,115.9)"
MQT,Sawyer International Airport,"Marquette, Michigan",United States of America,America/Detroit,-4.0,"(46.353611,-87.395278)"
BDT,Gbadolite,Gbadolite,"Congo, Democratic Republic of the",Africa/Kinshasa,1.0,"(4.253206,20.975283)"
SQR,Soroako             ,Soroako,Indonesia,Asia/Makassar,8.0,"(-2.5312,121.358)"
MAL,Mangole             ,Mangole,Indonesia,Asia/Makassar,8.0,"(-1.87579,125.83)"
CGI,Cape Girardeau Regional Airport,"Cape Girardeau, Missouri",United States of America,America/Chicago,-5.0,"(37.2253,-89.5708)"
AKF,Kufra,Kufrah,Libyan Arab Jamahiriya,Africa/Tripoli,2.0,"(24.178728,23.313958)"
SSJ,Stokka,Sandnessjoen,Norway,Europe/Oslo,2.0,"(65.956828,12.468944)"
MPP,Mulatupo Airport,Mulatupo,Panama,America/Panama,-5.0,"(8.95,-77.75)"
OIT,Oita,Oita,Japan,Asia/Tokyo,9.0,"(33.479444,131.737222)"
PAV,Paulo Afonso,Paulo Afonso,Brazil,America/Bahia,-3.0,"(-9.400878,-38.250575)"
OFU,Ofu Airport,Ofu,American Samoa,Pacific/Pago_Pago,-11.0,"(-14.184444,-169.67)"
ATZ,Asyut International Airport,Assiut,Egypt,Africa/Cairo,3.0,"(27.046508,31.011983)"
CDN,Woodward Field,"Camden, South Carolina",United States of America,America/New_York,-4.0,"(34.2835833,-80.5648611)"
TTQ,Aerotortuguero Airport,Tortuquero,Costa Rica,America/Costa_Rica,-6.0,"(10.569,-83.5148)"
DRW,Darwin Intl,Darwin,Australia,Australia/Darwin,9.5,"(-12.4083333,130.87266)"
GOY,Тура,Tura,Russian Federation,Asia/Krasnoyarsk,7.0,"(64.2,100.26)"
TBN,Waynesville Rgnl Arpt At Forney Fld,"Fort Leonard Wood, Missouri",United States of America,America/Chicago,-5.0,"(37.741631,-92.140736)"
TEF,Telfer Airport,Telfer,Australia,Australia/Perth,8.0,"(-21.713057,122.21222)"
KIR,Kerry,Kerry County,Ireland,Europe/Dublin,1.0,"(52.180878,-9.523783)"
LRT,Lann Bihoue,Lorient,France,Europe/Paris,2.0,"(47.760555,-3.44)"
VAF,Chabeuil,Valence,France,Europe/Paris,2.0,"(44.921594,4.9699)"
XHK,Gare de Valence TGV,Valence,France,Europe/Paris,2.0,"(44.991667,4.978611)"
FBU,Fornebu,Oslo,Norway,Europe/Oslo,2.0,"(59.883333,10.616667)"
RYG,Moss,Oslo,Norway,Europe/Oslo,2.0,"(59.378933,10.785389)"
OSL,Gardermoen,Oslo,Norway,Europe/Oslo,2.0,"(60.193917,11.100361)"
TRF,Torp,Oslo,Norway,Europe/Oslo,2.0,"(59.186703,10.258628)"
NLV,Mykolaiv International Airport,Mykolaiv,Ukraine,Europe/Kiev,3.0,"(47.0579,31.9198)"
AOR,Sultan Abdul Halim,Alor Setar,Malaysia,Asia/Kuala_Lumpur,8.0,"(6.189667,100.398183)"
NDA,Bandanaira Airport,Bandanaira,Indonesia,,,"(-4.53333,129.9)"
THE,Senador Petronio Portella,Teresina,Brazil,America/Fortaleza,-3.0,"(-5.059942,-42.823478)"
GGG,East Texas Rgnl,"Longview, Texas",United States of America,America/Chicago,-5.0,"(32.384014,-94.711486)"
GUT,Gutersloh,Guetersloh,Germany,Europe/Berlin,2.0,"(51.922833,8.306333)"
SAP,La Mesa Intl,San Pedro Sula,Honduras,America/Tegucigalpa,-6.0,"(15.452639,-87.923556)"
OMD,Oranjemund Airport,Oranjemund,Namibia,Africa/Windhoek,2.0,"(-28.5847,16.4467)"
QUB,Ubari Airport,Ubari,Libyan Arab Jamahiriya,Africa/Tripoli,2.0,"(26.5675,12.8231)"
ROV,Platov,Rostov-on-Don,Russian Federation,Europe/Moscow,3.0,"(47.488342,39.929081)"
DNN,Dalton Municipal Airport,"Dalton, Georgia",United States of America,America/New_York,-4.0,"(34.7229444,-84.87025)"
MEO,Manteo              ,"Manteo, North Carolina",United States of America,America/New_York,-4.0,"(0.0,0.0)"
UMD,Uummannaq Heliport,Uummannaq,Greenland,America/Godthab,-1.0,"(70.4047,52.0702)"
PPN,Guillermo Leon Valencia,Popayan,Colombia,America/Bogota,-5.0,"(2.4544,-76.609319)"
URY,Guriat,Gurayat,Saudi Arabia,Asia/Riyadh,3.0,"(31.411942,37.279469)"
VEY,Vestmannaeyjar,Vestmannaeyjar,Iceland,Atlantic/Reykjavik,0.0,"(63.424303,-20.278875)"
ZZO,Zonalnoe,Zonalnoe (Sakhalin Oblast),Russian Federation,Asia/Sakhalin,11.0,"(50.669212,142.756348)"
TEN,Tongren,Tongren,China,Asia/Chongqing,8.0,"(27.884,109.31)"
CVJ,General Mariano Matamoros,Cuernavaca,Mexico,America/Mexico_City,-6.0,"(18.834764,-99.2613)"
RCL,Redcliffe Airport,Redcliffe,Vanuatu,Pacific/Efate,11.0,"(-15.472,167.835)"
HUU,Alferez Fap David Figueroa Fernandini Airport,Huanuco,Peru,America/Lima,-5.0,"(-9.878811,-76.204797)"
AQA,Araraquara,Araraquara,Brazil,America/Sao_Paulo,-3.0,"(-21.812,-48.133028)"
TVC,Cherry Capital Airport,"Traverse City, Michigan",United States of America,America/Detroit,-4.0,"(44.741445,-85.582235)"
MCF,Macdill Afb,"Tampa, FL",United States of America,America/New_York,-4.0,"(27.849339,-82.521214)"
TPF,Peter o'knight      ,"Tampa, FL",United States of America,America/New_York,-4.0,"(27.91556,-82.44917)"
KYO,Topp of tampa       ,"Tampa, FL",United States of America,America/New_York,-4.0,"(0.0,0.0)"
TPA,Tampa Intl,"Tampa, FL",United States of America,America/New_York,-4.0,"(27.975472,-82.53325)"
PIE,St Petersburg Clearwater Intl,"Tampa, FL",United States of America,America/New_York,-4.0,"(27.910167,-82.687389)"
SPG,Albert Whitted,"Tampa, FL",United States of America,America/New_York,-4.0,"(27.765111,-82.626972)"
SQH,Na-San Airport,Son La,Viet Nam,Asia/Ho_Chi_Minh,7.0,"(21.217,104.033)"
ILN,Wilmington Airborne Airpark,"Wilmington, Ohio",United States of America,America/New_York,-4.0,"(39.42792,-83.792118)"
VTE,Wattay Intl,Vientiane,Lao People's Democratic Republic,Asia/Vientiane,7.0,"(17.988322,102.563256)"
