id,name,artists,popularity,duration_ms,release_date,danceability,energy
35iwgR4jXetI318WEWsa1Q,Carve,['Uli'],6,126903,1922-02-22,0.645,0.445
021ht4sdgPcrDgSk7JTbKY,Capítulo 2.16 - Banquero Anarquista,['Fernando Pessoa'],0,98200,1922-06-01,0.695,0.263
07A5yehtSnoedViJAZkNnc,Vivo para Quererte - Remasterizado,['Ignacio Corsini'],0,181640,1922-03-21,0.434,0.177
08FmqUhxtyLTn6pAh6bk45,El Prisionero - Remasterizado,['Ignacio Corsini'],0,176907,1922-03-21,0.321,0.0946
08y9GfoqCWfOGsKdwojr5e,Lady of the Evening,['Dick Haymes'],0,163080,1922,0.402,0.158
0BRXJHRNGQ3W4v9frnSfhu,Ave Maria,['Dick Haymes'],0,178933,1922,0.227,0.261
0Dd9ImXtAtGwsmsAD69KZT,La Butte Rouge,['Francis Marty'],0,134467,1922,0.51,0.355
0IA0Hju8CAgYfV1hwhidBH,La Java,['Mistinguett'],0,161427,1922,0.563,0.184
0IgI1UCz84pYeVetnl1lGP,Old Fashioned Girl,['Greg Fieler'],0,310073,1922,0.488,0.475
0JV4iqw2lSKJaHBQZ0e5zK,Martín Fierro - Remasterizado,['Ignacio Corsini'],0,181173,1922-03-29,0.548,0.0391
0OYGe21oScKJfanLyM7daU,Capítulo 2.8 - Banquero Anarquista,['Fernando Pessoa'],0,99100,1922-06-01,0.676,0.235
0PE42H6tslQuyMMiGRiqtb,Capítulo 2.25 - Banquero Anarquista,['Fernando Pessoa'],0,132700,1922-06-01,0.75,0.229
0PH9AACae1f957JAavhOl2,Lazy Boi,['Uli'],0,157333,1922-02-22,0.298,0.46
0QiT0Oo5QdLXdFw6RDOj7h,Tu Verras Montmartre,['Lucien Boyer'],1,186800,1922,0.703,0.28
0TWsNj5iSvbMTtbEDP7A4V,Elle Prend L'boulevard Magenta,['Félix Mayol'],0,172027,1922,0.709,0.289
0cC9CYjLRIzwchQ42xVnq6,Capítulo 1.23 - Banquero Anarquista,['Fernando Pessoa'],0,96600,1922-06-01,0.687,0.198
0eb1PfHxT6HnXvvdUOzmME,Capítulo 1.18 - Banquero Anarquista,['Fernando Pessoa'],0,103200,1922-06-01,0.8,0.171
0grXU6GKVNCVMJbseA0Uhe,Capítulo 1.10 - Banquero Anarquista,['Fernando Pessoa'],0,95800,1922-06-01,0.7,0.208
0kCB1bDVBC8gWCFcnJyIZc,Ca C'est Une Chose,['Victor Boucher'],0,188000,1922,0.352,0.334
0l3BQsVJ7F76wlN5QhJzaP,El Vendaval - Remasterizado,['Ignacio Corsini'],0,153533,1922-03-21,0.37,0.372
0pXUGQcBxfoQXg2e7G9Wwk,Ta Bouche,['Jeanne Saint Bonnet'],0,180933,1922,0.335,0.304
0wA4YFw7ZNnpasfjVgJxpv,Capítulo 1.22 - Banquero Anarquista,['Fernando Pessoa'],0,109100,1922-06-01,0.704,0.244
0xJCJ9XSNcdTIz0QKmhtEn,La Maleva - Remasterizado,['Ignacio Corsini'],0,181440,1922-03-29,0.339,0.0958
0zyKYuXwmo8eR3BBxoxVEO,Capítulo 2.3 - Banquero Anarquista,['Fernando Pessoa'],0,113200,1922-06-01,0.655,0.214
10XXG7gG75jIREUaModzOY,Capítulo 1.2 - Banquero Anarquista,['Fernando Pessoa'],0,109500,1922-06-01,0.673,0.239
10u9ZWsOnhEyqFJCC2rQVy,J'ai Vendu Mon Âme,['Adolphe Bérard'],0,168000,1922,0.582,0.152
112adU33vo4C1eRZct2hWy,Nuits De Chine,['Louis Lynel'],4,180800,1922,0.42,0.288
15BEv0mKGqHHxyDAcLJ7ei,En la Huella del Querer - Remasterizado,['Ignacio Corsini'],0,150160,1922-03-29,0.373,0.176
1CZkVPFUK7wO1sMOlBHxJr,C'est La Mode Et Voila Tout,['Perchicot'],0,180400,1922,0.592,0.408
1EFtYew3kxq3gP55juunCR,Chapter 1.6 - Szkolne przygody Pimpusia Sadełko,['Maria Konopnicka'],0,149700,1922-01-06,0.749,0.289
1FnTOwM5cW5N9wzCWziLKC,La Ronde De Nuit,['Perchicot'],0,177400,1922,0.55,0.31
1HJRj2XztAhgO7dLBw6b7s,El Patotero Sentimental - Remasterizado,['Ignacio Corsini'],0,145627,1922-03-29,0.482,0.0283
1HXdv1z9RlvrcUernyf0MY,The Dear Little Shamrock,['Dick Haymes'],0,191613,1922,0.347,0.197
1KLKkACG16o5crQPiaF1Tz,Tus Suspiros - Remasterizado,['Ignacio Corsini'],0,168107,1922-03-29,0.273,0.318
1KgBLlvPR6BxDyBNDtCUP0,Ojos Funestos - Remasterizado,['Ignacio Corsini'],0,194200,1922-03-21,0.373,0.244
1KxCqUwjiAHw7W0IIrRUwP,Capítulo 2.20 - Banquero Anarquista,['Fernando Pessoa'],0,99800,1922-06-01,0.717,0.202
1MD0Obbza9l0t0Zpgcwagy,And Mimi,"['Dick Haymes', 'Gordon Jenkins', 'His Orchestra']",0,186147,1922,0.284,0.223
1O9iZyzufN1fUdVO97mmm5,How High the Moon,"['Dick Haymes', 'Harry James', 'His Orchestra']",0,175333,1922,0.328,0.307
1PGLk4jyXA8oWTBtMyYlwX,El Huerfano - Remasterizado,['Ignacio Corsini'],0,171013,1922-03-21,0.462,0.119
1QDTYyfndMN9SDtRKDv9XO,Pas Pour Moi,['Maurice Chevalier'],0,204773,1922,0.532,0.375
1V5PoYJVCYMHPWAZHxk6IA,Capítulo 1.16 - Banquero Anarquista,['Fernando Pessoa'],0,105500,1922-06-01,0.717,0.242
1VuFIir7DL0mc6bppGMa3r,La Canción del Cabaret - Remasterizado,['Ignacio Corsini'],0,141440,1922-03-29,0.458,0.178
1ZYRk4U7EuJwdRZNHpEBIz,Éléonore,['Dréan'],0,164600,1922,0.52,0.262
1b8HZQCqcqwbzlA1jRTp6E,En Douce,['Mistinguett'],0,223440,1922,0.427,0.18
1g7vO6aQ6NI5EcjzYs3RGf,Capítulo 1.13 - Banquero Anarquista,['Fernando Pessoa'],0,97600,1922-06-01,0.721,0.127
1kXWSsJkBVZ1jSoI8NnEDm,Marta,['Dick Haymes'],0,177693,1922,0.255,0.343
1l1Wk0nOkuMCzioN6l2yfJ,Carol of the Bells,['Grandcubby Trio'],0,286370,1922,0.382,0.75
1lia44teZBfbv0PnPkc5dK,Machinalement,['Victor Boucher'],0,145400,1922,0.457,0.193
1pGBOfY0PvpArBZT7GaUVK,Capítulo 2.19 - Banquero Anarquista,['Fernando Pessoa'],0,106000,1922-06-01,0.729,0.211
1qQeEBayDNySHIiYmvQge0,Capítulo 2.12 - Banquero Anarquista,['Fernando Pessoa'],0,101500,1922-06-01,0.741,0.213
1tKqAvRoP2RQfxftl4hVJT,Capítulo 2.21 - Banquero Anarquista,['Fernando Pessoa'],0,142700,1922-06-01,0.685,0.257
1v0HtSUeQOu3ba28pvYE5y,Chicago (That Toddlin' Town),['Jim Chapman'],0,111256,1922,0.491,0.439
213QIyv1KZIeGg7oXAMbah,Mi Guitarra - Remasterizado,['Ignacio Corsini'],0,169853,1922-03-29,0.236,0.124
21yni4TcBS35MlxLjzV51t,Practicante - Remasterizado,['Ignacio Corsini'],0,138587,1922-03-29,0.43,0.168
2AmBgj8nNVeN2diZh91jLh,Chapter 1.5 - Szkolne przygody Pimpusia Sadełko,['Maria Konopnicka'],0,156300,1922-01-06,0.714,0.211
2B9d7LBGJvQEKiLEAexCOP,Toda Alma - Remasterizado,['Ignacio Corsini'],0,180253,1922-03-21,0.545,0.268
2BVWvGSdgUZtC2La5P3Jtv,L'amour Au Clair De Lune,['Adolphe Bérard'],0,156960,1922,0.467,0.328
2Be2FRskn33cqPyeSdTqFd,No Me Olvides - Remasterizado,['Ignacio Corsini'],0,155093,1922-03-21,0.484,0.0558
2EapOmGwqUQrmHCP4LrsZi,Capítulo 2.7 - Banquero Anarquista,['Fernando Pessoa'],0,96100,1922-06-01,0.673,0.237
2IMcezGQzHgqH8gIvXJM3Q,Till the End of Time,['Dick Haymes'],0,182227,1922,0.208,0.234
2MHbLEapczIltPOYYEzQtE,Como una Flor - Remasterizado,['Ignacio Corsini'],0,151040,1922-03-21,0.218,0.394
2PF5orWaMQK4N1DwZJ20J8,Capítulo 1.12 - Banquero Anarquista,['Fernando Pessoa'],0,96300,1922-06-01,0.751,0.173
2SiNuAZ6jIU9xhClRKXcST,Sketch,['Uli'],0,87040,1922-02-22,0.634,0.00399
2UU5t5j325ofKGcg7oUQNh,Sin Amor - Remasterizado,['Ignacio Corsini'],0,130987,1922-03-21,0.543,0.424
2bKTO2M7es2IGg7qYqlvM7,Capítulo 1.8 - Banquero Anarquista,['Fernando Pessoa'],0,101500,1922-06-01,0.715,0.204
2cK20o1IdLmUIC4NoPWzOt,Flor Marchita - Remasterizado,['Ignacio Corsini'],0,153133,1922-03-29,0.36,0.0954
2dr1Ywu6gEnLrO1JS4raFb,Chapter 1.7 - Szkolne przygody Pimpusia Sadełko,['Maria Konopnicka'],0,176252,1922-01-06,0.642,0.212
2lC5U846P7bQQPPHzOQpDh,Capítulo 2.13 - Banquero Anarquista,['Fernando Pessoa'],0,95700,1922-06-01,0.721,0.218
2mvSGvt6EjOO5HzUSz54mP,Chapter 1.1 - Szkolne przygody Pimpusia Sadełko,['Maria Konopnicka'],0,178000,1922-01-06,0.66,0.211
2u7t2vcrLxKp69Um0MDEs2,Capítulo 1.14 - Banquero Anarquista,['Fernando Pessoa'],0,116200,1922-06-01,0.721,0.196
2vOhKgXKFpej7mv3mOwoF4,Capítulo 1.21 - Banquero Anarquista,['Fernando Pessoa'],0,102000,1922-06-01,0.625,0.187
2vSAIArCi0f9b9Ll612hFK,Capítulo 2.4 - Banquero Anarquista,['Fernando Pessoa'],0,97600,1922-06-01,0.732,0.176
2wWS5DZYc50AzbiXC57vGt,Capítulo 2.14 - Banquero Anarquista,['Fernando Pessoa'],0,95200,1922-06-01,0.827,0.258
38u3k7zUGTp48G1oA3ky3R,The Girl That I Marry,['Dick Haymes'],0,182920,1922,0.185,0.151
3FBXaR512ufrrickKCasRN,Capítulo 1.7 - Banquero Anarquista,['Fernando Pessoa'],0,106000,1922-06-01,0.735,0.244
3FfL0WRdyrEFPlPvmqj2lJ,Capítulo 1.9 - Banquero Anarquista,['Fernando Pessoa'],0,106900,1922-06-01,0.619,0.173
3QkuxlHi5RXa2YBr6S52n3,Capítulo 2.9 - Banquero Anarquista,['Fernando Pessoa'],0,99900,1922-06-01,0.768,0.232
3ROtnqCtqrMbaDkivZyV5n,Entrerriana - Remasterizado,['Ignacio Corsini'],0,183720,1922-03-21,0.431,0.2
3XxlglpLYkpZIfU1c1C5e4,Pobre Cotorro - Remasterizado,['Ignacio Corsini'],0,159800,1922-03-21,0.564,0.053
3aynsWyvRwa1r5ekqaWxD3,Mirage,['Adolphe Bérard'],0,176000,1922,0.497,0.218
3c8AbdpLH4SSbTHsN71XDN,Un Placer - Remasterizado,['Ignacio Corsini'],0,177773,1922-03-21,0.527,0.142
3d8zXYhG3sFx4uL9vv8IRu,Le Tango Neurasthénique,['Georgius'],0,187040,1922,0.564,0.433
3f9p4JTCiipdjDtKGZHqP4,Capítulo 2.17 - Banquero Anarquista,['Fernando Pessoa'],0,99000,1922-06-01,0.695,0.186
3fKqEoaJZODF7Xhh7qH4Wv,Capítulo 2.10 - Banquero Anarquista,['Fernando Pessoa'],0,106800,1922-06-01,0.702,0.2
3h8ioTTWfrC25hrHwQQpLc,All Or Nothing at All,"['Dick Haymes', 'Harry James', 'His Orchestra']",0,164320,1922,0.237,0.555
3hkX4bDXEzd4w6aTiDkvrR,Keepsakes,['Dick Haymes'],0,180733,1922,0.176,0.358
3rcerSJNOkfgB9CELqcRHL,Capítulo 1.5 - Banquero Anarquista,['Fernando Pessoa'],0,108200,1922-06-01,0.773,0.155
41UwGhrmaTNXguHZjRkZbC,Capítulo 2.2 - Banquero Anarquista,['Fernando Pessoa'],0,96400,1922-06-01,0.646,0.26
41sGC22d62AApd4dbiwhfr,Capítulo 2.11 - Banquero Anarquista,['Fernando Pessoa'],0,109400,1922-06-01,0.78,0.18
42lF2Ke3RUCoptNImf3SBj,I Ought to Know More About You,['Dick Haymes'],0,185653,1922,0.607,0.253
450NWyAOOQ4cOPrp7ZRp13,Pobre Madrecita - Remasterizado,['Ignacio Corsini'],0,183027,1922-03-29,0.53,0.147
45QQGQZMPaVxlg0edajDgk,Primera Ilusión - Remasterizado,['Ignacio Corsini'],0,160267,1922-03-21,0.388,0.202
45u40aoKGpIanpGW3ZTqMU,Capítulo 1.1 - Banquero Anarquista,['Fernando Pessoa'],0,114300,1922-06-01,0.634,0.237
46NvxfK2FwCMpMsRTBFkjR,Soft Lights and Sweet Music,['Dick Haymes'],0,171080,1922,0.328,0.323
4BKzNMRJdoDE6nsC4DbOEh,Chapter 1.4 - Szkolne przygody Pimpusia Sadełko,['Maria Konopnicka'],0,161100,1922-01-06,0.697,0.221
4CjnVzvSu86vqI5gY8SjPx,Elle Vendait Des P'tits Gateaux,['Félix Mayol'],0,151573,1922,0.716,0.301
4DE7VBCgyTjqV0Plc9Ra0U,Hush-A-Bye (Wee Rose of Kilarney),"['Dick Haymes', 'Victor Young', 'His Orchestra']",0,156880,1922,0.279,0.128
4FCWuuqM851ACz8p1b41fi,Capítulo 2.23 - Banquero Anarquista,['Fernando Pessoa'],0,97200,1922-06-01,0.714,0.219
4RR5RKLA2vTQxkWrMIeHem,Cap Polonio - Remasterizado,['Ignacio Corsini'],0,161080,1922-03-21,0.541,0.161
4UnGZFw9ot80NLBBBFImny,Chapter 1.3 - Szkolne przygody Pimpusia Sadełko,['Maria Konopnicka'],0,311000,1922-01-06,0.624,0.213
4Vw0vSS31VCTYZXML5mMNX,Serenade of the Bells,['Dick Haymes'],0,181200,1922,0.269,0.255
4iy1fsAHBgR2STJjPDhjY2,Mes Parents Sont Venus Me Chercher,['Fortugé'],0,183840,1922,0.554,0.204
4jhUNBqlFI21O7L0sKl507,As If I Didn't Have Enough On My Mind,['Dick Haymes'],0,148440,1922,0.32,0.246
4m7uJS9VZlVnUG8oI1o0wx,Capítulo 2.22 - Banquero Anarquista,['Fernando Pessoa'],0,100600,1922-06-01,0.677,0.314
4sAPfFxCxKIF571z6JwL4r,De Mil Amores - Remasterizado,['Ignacio Corsini'],0,174453,1922-03-29,0.442,0.177
4vRhdBugLI9JQGsx3UfrAt,Cachonguita - Remasterizado,['Ignacio Corsini'],0,190653,1922-03-21,0.45,0.0522
4vV7uBcF2AnjNTOejBS5oL,L'enfer,['Uli'],0,40000,1922-02-22,0.657,0.325
4xDAzKsPZg7kMOhsnXHOO7,Metejón - Remasterizado,['Ignacio Corsini'],0,155653,1922-03-29,0.493,0.0763
4yTwNqT53nEaIMMxDsnNr3,When a Gypsy Makes a Violin Cry,['Dick Haymes'],0,180587,1922,0.31,0.342
4yfqwU24XlVWLJTaBD3qQW,Capítulo 1.17 - Banquero Anarquista,['Fernando Pessoa'],0,95000,1922-06-01,0.736,0.216
553V3FZf6yTv89rweIPLHs,Capítulo 1.3 - Banquero Anarquista,['Fernando Pessoa'],0,98600,1922-06-01,0.723,0.22
56GdrUlLtRUtcF4afPH40o,Remembranza - Remasterizado,['Ignacio Corsini'],0,164653,1922-03-29,0.53,0.0468
598LlBn6jpEpVbLjmZPsYV,Graphite,['Uli'],0,104400,1922-02-22,0.644,0.684
5CHSAhLggPpOYK5mpw8upO,Capítulo 2.24 - Banquero Anarquista,['Fernando Pessoa'],0,98500,1922-06-01,0.632,0.217
5IlNHZg8dNQTT6hCZ0Ax28,Capítulo 1.24 - Banquero Anarquista,['Fernando Pessoa'],0,99200,1922-06-01,0.62,0.187
5P35CyOEQiMqf8Hd6Pty5p,Méfiez Vous D'anatole,['Georgius'],0,192933,1922,0.625,0.35
5PJCXNLtJSB3XerASHg7eA,Ensueño de Oro - Remasterizado,['Ignacio Corsini'],0,151027,1922-03-29,0.43,0.155
5SB8vVP2D73dMsDreQaY73,Hush Little Darlin',['Dick Haymes'],0,195347,1922,0.328,0.201
5WQcloalnv2qA55iMcsxve,Capítulo 2.5 - Banquero Anarquista,['Fernando Pessoa'],0,108400,1922-06-01,0.714,0.2
5ZQdHBQwtS0iKSyRmFg7hB,Capítulo 1.26 & Capítulo 2.1 - Banquero Anarquista,['Fernando Pessoa'],0,117900,1922-06-01,0.661,0.225
5cIke4L8FPFzxkFlFYrMMD,Capítulo 1.11 - Banquero Anarquista,['Fernando Pessoa'],0,100700,1922-06-01,0.718,0.221
5cUFFY2Atw4QeFitueQCt2,El Huerfano - Remasterizado,['Ignacio Corsini'],0,159800,1922-03-29,0.366,0.0749
5d5gQxHwYovxR5pqETOIAa,J'en Ai Marre,['Mistinguett'],0,208267,1922,0.511,0.206
5kAxzo7Dog9Buovp3xXVO7,Nostalgia - Remasterizado,['Ignacio Corsini'],0,139760,1922-03-29,0.496,0.158
5mELfHhlldkCNPZUK9oxTi,Chapter 1.2 - Szkolne przygody Pimpusia Sadełko,['Maria Konopnicka'],0,216900,1922-01-06,0.688,0.207
5wfVO3v2ZiWmQvJuRgJANe,Monigote - Remasterizado,['Ignacio Corsini'],0,179813,1922-03-21,0.422,0.561
5wg1nnx7c2kri8kx5xlCFH,El Beso de la Muerte - Remasterizado,['Ignacio Corsini'],0,158587,1922-03-21,0.493,0.0997
63IcPgVIW0PWeJTaIY7GCu,Le Petit Amant,['Jeanne Saint Bonnet'],0,120760,1922,0.656,0.283
69mWzKmxFFwIAJS8nzcCgO,Recuerdo Criollo - Remasterizado,['Ignacio Corsini'],0,186200,1922-03-29,0.313,0.102
6E4t6Sor5rWOLQDCAdI0vN,Despedida - Remasterizado,['Ignacio Corsini'],0,178373,1922-03-29,0.425,0.308
6GhbZRE9N2TPf86zI1dIxQ,You'll Never Know,"['Dick Haymes', 'The Pied Pipers']",0,165253,1922,0.392,0.128
6MD9XSLD4VmVI5SFRPm6By,Car Loans,['Uli'],0,172803,1922-02-22,0.651,0.574
6UrbwimNzaLdtD86mpIKRa,Capítulo 1.4 - Banquero Anarquista,['Fernando Pessoa'],0,95100,1922-06-01,0.657,0.181
6eew1OP57TeUDUMcjYE6A0,La Muchacha - Remasterizado,['Ignacio Corsini'],0,164320,1922-03-29,0.323,0.106
6hH0kKnTWoGq5wppHKj5ie,Stardust,['Dick Haymes'],0,172933,1922,0.208,0.226
6qXSeW8iUiHpbgRiqQO3aJ,Pobre Gaucho - Remasterizado,['Ignacio Corsini'],0,155253,1922-03-29,0.476,0.131
6tl1bsB5SXbsLjOndGiM7Q,El Poder de Tus Ojos - Remasterizado,['Ignacio Corsini'],0,172800,1922-03-21,0.357,0.244
71uB09gmVxuvPAC58e3Sub,Capítulo 1.25 - Banquero Anarquista,['Fernando Pessoa'],0,127600,1922-06-01,0.728,0.162
71yYnLlqCTFGWt5ngD9ran,Capítulo 2.6 - Banquero Anarquista,['Fernando Pessoa'],0,95300,1922-06-01,0.769,0.205
7C1flDj1663TYWAZEc5koB,Capítulo 1.15 - Banquero Anarquista,['Fernando Pessoa'],0,101100,1922-06-01,0.646,0.189
7Iw8kyznP3k7593uAZ9mWi,Capítulo 1.20 - Banquero Anarquista,['Fernando Pessoa'],0,104900,1922-06-01,0.757,0.217
7LzNrzedyuLV7qh3Q2m1QQ,Capítulo 1.6 - Banquero Anarquista,['Fernando Pessoa'],0,105800,1922-06-01,0.755,0.152
7kFLV07SflDhEmpH2onfVr,Capítulo 2.18 - Banquero Anarquista,['Fernando Pessoa'],0,102700,1922-06-01,0.69,0.177
7mFmbNkbJjrvDMukkza3OF,Pobre China - Remasterizado,['Ignacio Corsini'],0,158573,1922-03-21,0.564,0.178
7p94hrYktZStgIu6TCj3cZ,Antoine,['Fortugé'],0,165200,1922,0.537,0.153
7qZgukGp84vuPKrxzM3J4T,Capítulo 1.19 - Banquero Anarquista,['Fernando Pessoa'],0,104900,1922-06-01,0.738,0.19
7qiy1Sp4KTJKzQifOhY0IP,Everytime I Meet You,"['Dick Haymes', 'Gordon Jenkins', 'His Orchestra']",0,178653,1922,0.295,0.277
7svwanLaFaRLh3EwgYy2jl,Capítulo 2.15 - Banquero Anarquista,['Fernando Pessoa'],0,96500,1922-06-01,0.723,0.221
7yWdEDmuqweoRkhZeftRtR,Sur La Pointe Des Pieds,['Georgius'],0,187733,1922,0.528,0.343
2wAfHM7Whz67VFbdanhZlk,Nobody Knows You When You're Down and Out,['Bessie Smith'],41,177133,1923,0.614,0.0423
3eMrYc092k7SIJfWJ7oasR,Weather Bird,"['Louis Armstrong', 'Earl Hines']",38,161933,1923,0.831,0.262
2AZgaYZSwUosJD71J2N2Zo,'Tain't Nobody's Bizness If I Do,['Bessie Smith'],30,206600,1923,0.537,0.0443
7lRFR5GJCxK87ZbVMtQSeS,Ain't Misbehavin',['Louis Armstrong'],28,192600,1923,0.665,0.254
6XTvSCqGLLH0vzQQRn55hz,"Empty Bed Blues, Pt. 1",['Bessie Smith'],27,181173,1923,0.709,0.062
6qRvnXftofjYJm1Mg98UWL,Need a Little Sugar in My Bowl,['Bessie Smith'],27,167640,1923,0.693,0.027
0V1iYWPXCBTaB6dhbiprGF,Send Me to the 'Lectric Chair,['Bessie Smith'],26,201480,1923,0.771,0.0905
6sOKopKyVWwEJKh8zztYp5,Young Woman's Blues,['Bessie Smith'],25,187960,1923,0.525,0.232
0rUf1j43orpfi6f4LbVo8D,Careless Love,['Bessie Smith'],25,205053,1923,0.587,0.175
1yjck0Owf0HfhY5kWHiXIQ,Me and My Gin,['Bessie Smith'],23,169960,1923,0.71,0.0735
2ivh0kwd7QIViw6YqDPdBA,Blue Yodel No. 9,['Jimmie Rodgers'],23,157373,1923,0.76,0.251
50zXyjVdFb3xAr3hnyYYn1,St. Louis Blues,"['Bessie Smith', 'Louis Armstrong']",23,189600,1923,0.355,0.114
4ejUoPIMggFTVrAyvodqJQ,St. Louis Blues (with Louis Armstrong),"['Bessie Smith', 'Louis Armstrong']",23,190107,1923,0.408,0.145
2gyqc4p3WoxKsc6zaXF4hM,Backwater Blues,['Bessie Smith'],22,198053,1923,0.516,0.146
5lpBC66XQzpVDJuknDUuZd,Baby Won't You Please Come Home,['Bessie Smith'],22,176067,1923,0.683,0.0534
1xEEYhWxT4WhDQdxfPCT8D,Snake Rag,"[""King Oliver's Creole Jazz Band""]",20,194533,1923,0.708,0.361
4ep3h4btBtuxsNeLFVzq5A,West End Blues,['Louis Armstrong & His Hot Five'],18,195400,1923,0.621,0.274
6ktCV1ZtqlnXQeRFQvcXON,Down Hearted Blues,['Bessie Smith'],17,205440,1923,0.491,0.0583
6N1wS1e5bMOubmVtkDLNrt,Gimme a Pigfoot and a Bottle of Beer,['Bessie Smith'],16,208827,1923,0.691,0.198
7GRsQLXMzDHYb8zZAnMCDK,Sobbin' Hearted Blues,"['Bessie Smith', 'Louis Armstrong']",15,180533,1923,0.415,0.0795
08XPnovoMlLsFB3LDGq0rX,Muggles,['Louis Armstrong & His Hot Five'],14,168533,1923,0.586,0.113
3rauXVLOOM5BlxWqUcDpkg,Chimes Blues,"[""King Oliver's Creole Jazz Band""]",14,170827,1923,0.546,0.189
5WlMyDvyQedom0kQ3MCTow,Lazy River,['Louis Armstrong'],14,182707,1923,0.571,0.269
1UdqHVRFYMZKU2Q7xkLtYc,Pickin' On Your Baby,"[""Clarence Williams' Blue Five""]",11,197493,1923,0.52,0.153
0F5F4GWA0Tz1ebZlLar2wG,Work House Blues,['Bessie Smith'],11,201267,1923,0.417,0.0498
0Vl2DO5U6FjgBpzCtBN3OA,Everybody Loves My Baby,"[""Clarence Williams' Blue Five""]",10,152507,1923,0.514,0.193
1h0wyCVd12PDSd6CLoGaVL,Preachin' the Blues,['Bessie Smith'],11,171027,1923,0.703,0.185
2CStrJiuFeHNS84A3kaT8s,Black Mountain Blues,['Bessie Smith'],10,187507,1923,0.641,0.063
3U6L5KW48YOsksN9Qvlydl,I've Got The World On A String,['Louis Armstrong'],11,195000,1923,0.544,0.181
3tkC9PMf19ffJlh65EdANg,You've Been a Good Old Wagon,['Bessie Smith'],10,208360,1923,0.602,0.132
527J3xtyY4MdrpKtWcJNtL,Long Old Road,['Bessie Smith'],11,206253,1923,0.557,0.0792
5SvyP1ZeJX1jA7AOZD08NA,Tears,"[""King Oliver's Creole Jazz Band""]",10,187227,1923,0.359,0.357
7qxfKQ5qlcunexI4f0qifa,There'll Be a Hot Time in the Old Town Tonight,['Bessie Smith'],10,199213,1923,0.72,0.214
1L0puqUCoINHyHjzzWXrHC,A Monday Date,['Louis Armstrong & His Hot Seven'],8,192027,1923,0.745,0.396
1mngGai1eXbHcBXuA6Z4jZ,I'm A Ding Dong Daddy,['Louis Armstrong & His Sebastian New Cotton Club Orchestra'],8,187627,1923,0.759,0.454
1v6v5llnekLbreJYIRfkKc,Chicago Breakdown,['Louis Armstrong'],8,203307,1923,0.604,0.325
20VPM7ePvpxTQyZFjOiP1g,Beau Koo Jack,['Louis Armstrong & His Hot Five'],9,177240,1923,0.733,0.418
2AYdjRjSm49s6MFZiSlcSX,"Empty Bed Blues, Pt. 2",['Bessie Smith'],10,200093,1923,0.8,0.0466
300WVfsVnOUJM2KXAm9IGS,Stardust,['Louis Armstrong'],8,205533,1923,0.717,0.209
3IL7X89mdAJ4ISGrGXi3sB,Texas Moaner Blues - 78rpm Version,"[""Clarence Williams' Blue Five""]",8,186427,1923,0.519,0.272
4FINjzgcPjqR2PPpnWrCKF,Heebie Jeebies,['Louis Armstrong & His Hot Five'],8,172493,1923,0.63,0.232
4GOd9yNQrpl6omACRgvCX2,Song of the Islands,['Louis Armstrong'],8,208200,1923,0.603,0.13
5bfjNeQIU43IJPNY6c56fB,Hotter Than That,['Louis Armstrong & His Hot Seven'],8,179667,1923,0.792,0.321
02smo7WfO95Ww8MZw06h1p,Gut Bucket Blues,['Louis Armstrong & His Hot Five'],6,161800,1923,0.602,0.216
06Q9isDLNDaHJNPa5lM4Cg,Struttin'With Some Barbecue,['Louis Armstrong'],5,179840,1923,0.726,0.212
0HUCWtOLhJhXwSRn6pvzQC,Skid-Dat-De-Dat,['Louis Armstrong & His Hot Five'],6,181027,1923,0.658,0.0841
180gKK9WXgetU7EAxhCn7t,You Can't Shush Katie,"[""Clarence Williams' Blue Five""]",7,183200,1923,0.713,0.231
18NiVMY4Fz6MjnhrX8xFiM,That Rhythm Man,['Louis Armstrong'],5,180600,1923,0.719,0.388
1h0lfbm5uARsmDAkBikqfz,Memories Of You,['Louis Armstrong & His Sebastian New Cotton Club Orchestra'],5,191800,1923,0.615,0.13
1t2zq9TXj7mlSX8fcKwCbm,Blue Again,['Louis Armstrong'],5,187707,1923,0.598,0.31
2DAK09fP0bobALaArOEeCI,(What Did I Do to Be So) Black and Blue,['Louis Armstrong'],5,180307,1923,0.681,0.188
2GnYkuVM8jQh4sFGGmDfcV,Weary Blues,['Louis Armstrong & His Hot Seven'],5,177307,1923,0.573,0.246
2SRy24tTjBERSmb3FHqzdb,On The Sunny Side Of The Street - Part 1,['Louis Armstrong'],5,174373,1923,0.585,0.228
2cmUadaXBixJGY2x87EMOa,Anybody Here Want to Try My Cabbage?,['Maggie Jones'],7,199293,1923,0.584,0.201
2n13QpmPEINmoTLUAlLCd7,King Of The Zulas,['Louis Armstrong & His Hot Five'],5,183133,1923,0.536,0.168
2nwxT2BLHn5NjQj0wuEXAu,Between The Devil And The Deep Blue Sea,['Louis Armstrong'],5,176400,1923,0.625,0.203
31N4so4BNr6e0Hz2NtmU33,"Stomp Off, Let's Go","[""Erskine Tate's Vendome Orchestra""]",6,174893,1923,0.692,0.477
377bagPbNQx6K6RKjuUFQ3,Skip The Gutter,['Louis Armstrong & His Hot Five'],5,184133,1923,0.653,0.131
3DzcB6weYL3L7oRNmsJCaV,No One Else But You,['Louis Armstrong & His Savoy Ballroom Five'],6,201267,1923,0.496,0.311
3GuVFPnSVW036wmwUrXQ9Q,Changeable Daddy Of Mine,['Margaret Johnson'],6,161560,1923,0.583,0.214
3MUeRkKpLxxyRFzqMTj1HY,"Chinatown, My Chinatown",['Louis Armstrong'],5,193667,1923,0.562,0.525
3pcaFPeiPvuLD46XTuVNiF,Symphonic Raps,"[""Carroll Dickerson's Savoyagers""]",5,191400,1923,0.78,0.368
3tlygdsn8Jl6D0XA7RRslx,Sweethearts On Parade,['Louis Armstrong & His Sebastian New Cotton Club Orchestra'],6,197000,1923,0.606,0.261
3yJC2QZqAm1i2wSob2Cpyv,Alone At Last,['The Southern Serenaders'],5,191173,1923,0.66,0.184
43WZyNbzOJOnKQStu8if8E,St. Louis Blues - Alternate Take B,['Louis Armstrong'],5,176333,1923,0.68,0.47
46ddI0x8tLiOjDFqb2TQ5R,Papa De Da Da,"[""Clarence Williams' Blue Five""]",7,178827,1923,0.673,0.132
4Bk8r390pyafdSPtWoUKwz,I Must Have That Man,['Lillie Delk Christian'],5,191307,1923,0.851,0.221
4E0HHRQlEdBFhsQHrKWXRR,When You're Smiling - Non Vocal Take,['Louis Armstrong'],6,169733,1923,0.5,0.193
4Ewzp7BFfvcXofZnvrYwFx,I Can't Give You Anything But Love,['Louis Armstrong & His Savoy Ballroom Five'],5,213000,1923,0.66,0.118
4PD69KQwh9GccLW2647tTL,Gully Low Blues,['Louis Armstrong & His Hot Seven'],6,194293,1923,0.679,0.144
4m1Th0JSQkevDsHiOpoxlQ,Basin Street Blues - rec. 1928,['Louis Armstrong & His Hot Five'],6,197067,1923,0.561,0.353
4qTkOBmwGFamB3V9QEFwDS,When Your Lover Has Gone,['Louis Armstrong'],5,184533,1923,0.454,0.233
4t1G1nGmPOms95TB9wz8FF,Naughty Man,['Fletcher Henderson & His Orchestra'],7,179360,1923,0.59,0.268
4ubnmGMXNLgQpj5YKoldMm,Sugar Foot Stomp,['Fletcher Henderson & His Orchestra'],7,169267,1923,0.78,0.207
4yZ7B7yoMjDMH4oInYA36l,Mahogany Hall Stomp,['Louis Armstrong'],7,194227,1923,0.642,0.274
5CwOaZmAAsFfbQ5qCKS6sn,I'm Confessin' (That I Love You),['Louis Armstrong & His Sebastian New Cotton Club Orchestra'],7,201200,1923,0.479,0.14
5EFXgEnibXPumWosZtJqkx,I Can't Believe That You're In Love With Me,['Louis Armstrong'],6,183800,1923,0.579,0.204
5EMxMmB4iSzA8jMNgLcTtO,Song Of The Vipers,['Louis Armstrong'],5,171533,1923,0.553,0.255
5SM5voPROPhpgLuqRpGnNp,Good Time Flat Blues,['Maggie Jones'],6,192200,1923,0.551,0.196
5WfYFtwzOo8Ne7DA1qhtWl,Cake Walking Babies (From Home),"[""Clarence Williams' Blue Five""]",6,175573,1923,0.634,0.435
5c6hPSOnuiLnTve5b9s7ZS,Potato Head Blues,['Louis Armstrong & His Hot Seven'],7,175227,1923,0.587,0.29
5eXOIVUkW17FqnEoLR2wTX,Stardust,['Louis Armstrong'],5,213667,1923,0.614,0.298
5pIiw01BoIPnkQQI1AZHQL,T.N.T.,['Fletcher Henderson & His Orchestra'],7,171373,1923,0.809,0.408
5rgmvqVTH38BKIhzEHanMq,Low Land Blues,"['Bertha ""Chippie"" Hill']",5,172973,1923,0.492,0.115
6JLKiy1LMbmYY8JOM38UR9,Cornet Chop Suey,['Louis Armstrong & His Hot Five'],5,194267,1923,0.558,0.19
6TBNeFMHsIarzHz8cz74KA,Too Busy,['Lillie Delk Christian'],5,173173,1923,0.603,0.286
6azxqS9u7eO5DslqJCWMNd,Knockin' A Jug - 78 rpm Version,['Louis Armstrong'],6,193760,1923,0.788,0.395
7H5X09Fl9MN0FhICH4TSF6,Listen To Ma,"['Hociel Thomas', 'Louis Armstrong']",5,198467,1923,0.536,0.128
00osj4z3S7XekDAuQVChIu,Chapter 1.10 - Król Maciuś Pierwszy,['Janusz Korczak'],0,128900,1923-12-27,0.698,0.29
01BTcfGn8BF6ezah92vKyz,Chapter 10.4 - Król Maciuś Pierwszy,['Janusz Korczak'],0,126600,1923-12-27,0.61,0.214
01lXmkENsxJJzkco2mcVTi,Chapter 5.15 - Król Maciuś na wyspie bezludnej,['Janusz Korczak'],0,128800,1923-12-27,0.662,0.161
02J9nBVAnBTQkBObYuMoVH,Chapter 5.21 & Chapter 6.1 - Król Maciuś na wyspie bezludnej,['Janusz Korczak'],0,147400,1923-12-27,0.719,0.238
03g4RX0WDEnJ9KDs5aa73z,Chapter 7.20 & Chapter 8.1 - Król Maciuś Pierwszy,['Janusz Korczak'],0,140900,1923-12-27,0.613,0.238
04jqhYBmxWLKlZ9ggYxOah,Chapter 9.11 - Król Maciuś Pierwszy,['Janusz Korczak'],0,152000,1923-12-27,0.715,0.229
07rwzJ4beSPUpljKx9jpn6,Chapter 2.13 - Król Maciuś na wyspie bezludnej,['Janusz Korczak'],0,148300,1923-12-27,0.675,0.293
08ie5iqXXqWU0x1FVb2bAy,Chapter 1.6 - Król Maciuś na wyspie bezludnej,['Janusz Korczak'],0,133600,1923-12-27,0.699,0.245
0Ai126YgdNANSa8etSr2r1,Chapter 2.21 & Chapter 3.1 - Król Maciuś Pierwszy,['Janusz Korczak'],0,132200,1923-12-27,0.691,0.18
0CvmUvqBk83K7aD1FitfXn,Sol Mio - Remasterizado,['Francisco Canaro'],0,172187,1923-07-09,0.501,0.39
0DwsyNFrOKmKZobZ2q5gHv,Chapter 1.13 - Król Maciuś Pierwszy,['Janusz Korczak'],0,141300,1923-12-27,0.751,0.257
0FKXiIKpbpwYC25lZPCidt,Chapter 5.4 - Król Maciuś Pierwszy,['Janusz Korczak'],0,136200,1923-12-27,0.641,0.236
0FYPNQ4pPdPxyurQiYOp7W,Chapter 3.12 - Król Maciuś Pierwszy,['Janusz Korczak'],0,131100,1923-12-27,0.718,0.209
0FYbI0Aet1rIc2Wyzu5Kfb,Chapter 2.6 - Król Maciuś na wyspie bezludnej,['Janusz Korczak'],0,132000,1923-12-27,0.73,0.277
0GBMsGrBHw8rifEpXZabKx,Le Moment De M'en Aller,['Dranem'],0,139707,1923,0.653,0.319
0GkpS6KjxFsNt61hOpB2j9,La Payasa - Remasterizado,['Ignacio Corsini'],0,152947,1923-03-29,0.47,0.28
0IZWellIz78J9J2ef3djZ7,Chapter 5.19 - Król Maciuś Pierwszy,['Janusz Korczak'],0,127000,1923-12-27,0.72,0.261
0JTkhdnSpIupvyzRctzhPZ,Chapter 5.19 - Król Maciuś na wyspie bezludnej,['Janusz Korczak'],0,141100,1923-12-27,0.667,0.244
0Jz6ef3RtrtJVsDF0gx3Xl,Chapter 5.15 - Król Maciuś Pierwszy,['Janusz Korczak'],0,130200,1923-12-27,0.705,0.268
0KXO1gJQlaOamDZABOqk1t,Chapter 8.9 - Król Maciuś Pierwszy,['Janusz Korczak'],0,150200,1923-12-27,0.687,0.167
0LT4at4Sxly6ehB7tRkLtT,Chapter 10.2 - Król Maciuś Pierwszy,['Janusz Korczak'],0,129500,1923-12-27,0.715,0.186
0LX5xrQbNs2yCFKKwKHXUQ,Chapter 4.13 - Król Maciuś na wyspie bezludnej,['Janusz Korczak'],0,138900,1923-12-27,0.636,0.215
0Ms9iZZBTjHXVB8IqbKkds,Chapter 5.14 - Król Maciuś Pierwszy,['Janusz Korczak'],0,137200,1923-12-27,0.71,0.278
0NPmKi0NIGvQg1GC0oLf4P,Chapter 3.17 - Król Maciuś Pierwszy,['Janusz Korczak'],0,144000,1923-12-27,0.706,0.211
0ODKriM44PpgWBpojhUzrM,Chapter 9.16 - Król Maciuś Pierwszy,['Janusz Korczak'],0,131900,1923-12-27,0.737,0.253
0QfWOoNZibrxHpzdKWEHBZ,When It's Sleepy Time Down South,['Louis Armstrong'],4,200200,1923,0.527,0.178
0Rk3mOSqpu2pr2abc4wfRw,Chapter 6.18 - Król Maciuś Pierwszy,['Janusz Korczak'],0,168400,1923-12-27,0.629,0.246
0SAlJrwVKPXHFA0BASq88o,Chapter 4.20 & Chapter 5.1 - Król Maciuś na wyspie bezludnej,['Janusz Korczak'],0,139400,1923-12-27,0.708,0.179
0SSvpErgx97kJ17MEHiPpp,Chapter 1.11 - Król Maciuś Pierwszy,['Janusz Korczak'],0,129400,1923-12-27,0.675,0.262
0UBt1BLhBKHJKBxomaTBmD,Chapter 7.13 - Król Maciuś Pierwszy,['Janusz Korczak'],0,130500,1923-12-27,0.712,0.27
0UnNaqhXoMihdyKyFHCcPh,Chapter 3.20 & Chapter 4.1 - Król Maciuś Pierwszy,['Janusz Korczak'],0,134300,1923-12-27,0.691,0.243
0WBUzUenwyBGqeenzqhEG0,Chapter 1.18 - Król Maciuś Pierwszy,['Janusz Korczak'],0,136500,1923-12-27,0.757,0.27
0Wi1XhlXoxuZHVhulDK4La,Chapter 6.20 & Chapter 7.1 - Król Maciuś Pierwszy,['Janusz Korczak'],0,134200,1923-12-27,0.624,0.25
0Y9Sd7SkWFrmMvxJXagqo8,Chapter 2.12 - Król Maciuś Pierwszy,['Janusz Korczak'],0,133400,1923-12-27,0.734,0.273
0YIo0uq3o867nFkE9I9hf2,Pleadin' for the Blues,"['Bertha ""Chippie"" Hill', 'Louis Armstrong']",4,178707,1923,0.661,0.134
0YSsZU8Ho1rfH6mhj1plVb,Chapter 2.19 - Król Maciuś na wyspie bezludnej,['Janusz Korczak'],0,132900,1923-12-27,0.699,0.261
0ZLFySfiageV9HiIi5gta0,Chapter 5.13 - Król Maciuś Pierwszy,['Janusz Korczak'],0,142400,1923-12-27,0.63,0.262
0ZRoSs5icoW5QJvZq0Y73w,Demasiado tarde - en vivo,['Yiyo y Los Chicos 10'],0,185063,1923,0.583,0.715
0bKuq3fIaF2ut82ip9DQLP,Chapter 7.17 - Król Maciuś Pierwszy,['Janusz Korczak'],0,131400,1923-12-27,0.713,0.205
0bu5dGUeiK4QwwcC50yWQU,Chapter 7.12 - Król Maciuś Pierwszy,['Janusz Korczak'],0,139000,1923-12-27,0.703,0.168
0epiP90h88hjRHGk9RIins,Chapter 4.3 - Król Maciuś na wyspie bezludnej,['Janusz Korczak'],0,144300,1923-12-27,0.637,0.275
0exN2h6nGOlAGbuMKszNnn,Chapter 3.12 - Król Maciuś na wyspie bezludnej,['Janusz Korczak'],0,153800,1923-12-27,0.696,0.283
0fdCpczLwvzvAyzCGGOZtX,Entre Criollos - Remasterizado,['Ignacio Corsini'],0,174387,1923-03-29,0.414,0.248
0fuLzjcUhMW9s6NBsDb22L,Tight Like This,['Louis Armstrong & His Hot Five'],4,197627,1923,0.726,0.254
0glAn7LZn0Kt6dpsXs57YL,Chapter 3.6 - Król Maciuś Pierwszy,['Janusz Korczak'],0,146700,1923-12-27,0.619,0.239
0kT5g4vipDRoyTiYCm7xFE,Chapter 2.19 - Król Maciuś Pierwszy,['Janusz Korczak'],0,135300,1923-12-27,0.72,0.195
0m0RpNz2xfcMSf9dqs7K12,Chapter 2.9 - Król Maciuś na wyspie bezludnej,['Janusz Korczak'],0,133900,1923-12-27,0.717,0.236
0o570uhbq2qmtk89zmdApx,Chapter 9.7 - Król Maciuś Pierwszy,['Janusz Korczak'],0,126600,1923-12-27,0.701,0.277
0oOQqvKFDd1lSCCgncRreZ,Chapter 5.2 - Król Maciuś Pierwszy,['Janusz Korczak'],0,140000,1923-12-27,0.688,0.234
0oqDrehB6TLZNZk7J4sTKA,To Be In Love,['Seger Ellis'],4,186467,1923,0.564,0.203
0pfb51HxNzI3bNVjKasaKK,Vencida - Remasterizado,['Ignacio Corsini'],0,120093,1923-03-29,0.572,0.0909
0rdxKD0OyIW341nH9tiS1s,Chapter 9.14 - Król Maciuś Pierwszy,['Janusz Korczak'],0,141400,1923-12-27,0.716,0.249
0s7iHksDgHUDzLhkGoqgmb,Chapter 6.5 - Król Maciuś Pierwszy,['Janusz Korczak'],0,148200,1923-12-27,0.651,0.242
0t2ZuxdvuQeAjpyV0NVkHg,Chapter 11.6 - Król Maciuś Pierwszy,['Janusz Korczak'],0,132700,1923-12-27,0.633,0.243
0tfBbHVCxusHAr7AZE5BiN,Chapter 5.20 - Król Maciuś Pierwszy,['Janusz Korczak'],0,128900,1923-12-27,0.645,0.225
0tlIxalMu5riycAygdPi67,Chapter 1.4 - Król Maciuś Pierwszy,['Janusz Korczak'],0,125700,1923-12-27,0.709,0.252
0tnNdIjSw8yTZqEOWOPygl,Chapter 8.5 - Król Maciuś na wyspie bezludnej,['Janusz Korczak'],0,127200,1923-12-27,0.677,0.251
0v8GUuI5YaFIg7U2Nxkgv0,What'll I Do,['Marie Earth Heart'],0,144300,1923,0.269,0.249
0vOQzUEthlMh7lVgpYqDX8,Chapter 1.10 - Król Maciuś na wyspie bezludnej,['Janusz Korczak'],0,128400,1923-12-27,0.7,0.293
0wNiz7sRtFdsNyH0JDLzpZ,Chapter 7.6 - Król Maciuś na wyspie bezludnej,['Janusz Korczak'],0,135400,1923-12-27,0.718,0.231
0y8AIqjVXEgFYE6cwcGJZA,Chapter 4.9 - Król Maciuś na wyspie bezludnej,['Janusz Korczak'],0,132700,1923-12-27,0.706,0.206
0zxEXQGoj894oUI5eNU5Iz,Chapter 7.9 - Król Maciuś Pierwszy,['Janusz Korczak'],0,132500,1923-12-27,0.719,0.243
10GwhMjT2Id4tYFlWvy0We,Chapter 6.6 - Król Maciuś na wyspie bezludnej,['Janusz Korczak'],0,151200,1923-12-27,0.686,0.232
10qdz1AgvZt7ZKWi58Wutx,"Quiereme,Que ganas me dieron - en vivo",['Yiyo y Los Chicos 10'],2,416984,1923,0.576,0.672
15cSROWO3jSMwaJeOZTJVM,Chapter 7.17 & Chapter 8.1 - Król Maciuś na wyspie bezludnej,['Janusz Korczak'],0,143692,1923-12-27,0.704,0.16
16yeYoHRv1lO9khNgqg7O8,Chapter 6.10 - Król Maciuś na wyspie bezludnej,['Janusz Korczak'],0,135900,1923-12-27,0.698,0.21
18Mz0fPKHzyrxjQVCA0X2i,Chapter 1.12 - Król Maciuś Pierwszy,['Janusz Korczak'],0,150800,1923-12-27,0.715,0.264
1AoueZtJ0wwjSDU4npTDnA,Chapter 3.18 - Król Maciuś Pierwszy,['Janusz Korczak'],0,165500,1923-12-27,0.64,0.224
1B9DQSfiDWhYZmkqbYyonp,C'est Au Bal Musette,['Gaby Montbreuse'],0,160907,1923,0.435,0.353
1BcOVMn3ZHrqEQle8TULdM,Chapter 9.13 - Król Maciuś Pierwszy,['Janusz Korczak'],0,129100,1923-12-27,0.778,0.266
1C24gb2rQwSd262BP09DNB,Chanson De Route De Ciboulette,['Edmée Favart'],0,141040,1923,0.783,0.341
1CGbuEQ7kBcYxtNy4h1u5f,Chapter 2.17 - Król Maciuś Pierwszy,['Janusz Korczak'],0,135200,1923-12-27,0.62,0.291
1D7D3FLwQ4rCvDWbBtVQho,Chapter 2.7 - Król Maciuś na wyspie bezludnej,['Janusz Korczak'],0,142500,1923-12-27,0.666,0.294
1De0ODc2bv1ARYoa5E6c51,Chapter 1.11 - Król Maciuś na wyspie bezludnej,['Janusz Korczak'],0,127300,1923-12-27,0.762,0.19
1GUAkBHHxTxnwMo4Or0TfG,Chapter 4.11 - Król Maciuś Pierwszy,['Janusz Korczak'],0,139300,1923-12-27,0.701,0.25
1HfsGFkj5HdvEUyiWAr5Bv,Ma Gosse,['Georgius'],0,204400,1923,0.635,0.285
1IM5GNo7ctGQ6cfHS8C6XE,Pala Oyunu,['Hafız Ahmet Celâl Tokses'],0,175541,1923-12-18,0.234,0.401
1IdZJF3Cs0eZiXsWU4Mkdf,Chapter 8.4 - Król Maciuś na wyspie bezludnej,['Janusz Korczak'],0,125700,1923-12-27,0.646,0.272
1JcF6uVs9KWxNNYF2WHlMl,Chapter 8.8 - Król Maciuś Pierwszy,['Janusz Korczak'],0,131900,1923-12-27,0.679,0.223
1NfUr9ZwIeClKfacPPvmDT,Chapter 3.15 - Król Maciuś na wyspie bezludnej,['Janusz Korczak'],0,125900,1923-12-27,0.698,0.226
1Q4bwR6QlKFunLxFL70dS2,Chapter 8.17 - Król Maciuś na wyspie bezludnej,['Janusz Korczak'],0,153400,1923-12-27,0.703,0.262
1RPKtGdObPEGK6LJ7QPzqE,Chapter 2.11 - Król Maciuś na wyspie bezludnej,['Janusz Korczak'],0,132700,1923-12-27,0.715,0.251
1SRuQGGUL4RIx6ab7Jre5N,Chapter 2.8 - Król Maciuś na wyspie bezludnej,['Janusz Korczak'],0,137200,1923-12-27,0.676,0.244
1Sz6kY4GhWjuNVHQvyGIh4,Chapter 5.16 - Król Maciuś Pierwszy,['Janusz Korczak'],0,127600,1923-12-27,0.624,0.222
1TArKGbFOizRZwAU4zlZmY,Chapter 8.3 - Król Maciuś na wyspie bezludnej,['Janusz Korczak'],0,128000,1923-12-27,0.711,0.316
1TNFBmTKmGk2FD5GOv3aLw,Chapter 6.7 - Król Maciuś Pierwszy,['Janusz Korczak'],0,137600,1923-12-27,0.713,0.281
1VtCBfQf6KdQfmBgpRUUdY,Fakir - Remasterizado,['Francisco Canaro'],0,166587,1923-07-09,0.424,0.283
1W4guYCGp29HDPNCHPySRf,Chapter 4.14 - Król Maciuś na wyspie bezludnej,['Janusz Korczak'],0,139700,1923-12-27,0.658,0.179
1WtaKy5GdBW179YRAL87hD,Chapter 7.12 - Król Maciuś na wyspie bezludnej,['Janusz Korczak'],0,145500,1923-12-27,0.729,0.156
1Y80dR6Q3SLCfw15u7Ch7e,Chapter 2.7 - Król Maciuś Pierwszy,['Janusz Korczak'],0,129000,1923-12-27,0.798,0.229
1YjHwSX3Y7X8586eaXM1Kk,Tu Voudrais Me Voir Pleurer,['Robert Jysor'],0,184427,1923,0.496,0.32
1Ylr4v9oMsxRoLRkQJKRhM,Chapter 8.16 - Król Maciuś Pierwszy,['Janusz Korczak'],0,131100,1923-12-27,0.663,0.239
1ZTX01NOGwP5IZ59A2Lmfi,Chapter 8.18 - Król Maciuś Pierwszy,['Janusz Korczak'],0,126400,1923-12-27,0.693,0.258
1aN3D9FqE9P7slzb60Eqwj,Hicran,['Safiye Ayla'],1,204173,1923-01-04,0.227,0.423
1cx37MwPibFAOavpfNnlce,En la Cruz,['Pablo Pastor'],0,141558,1923-03-01,0.573,0.31
1djdTuM7cMfBjMHvoev1cx,Chapter 6.8 - Król Maciuś na wyspie bezludnej,['Janusz Korczak'],0,132700,1923-12-27,0.713,0.239
1dzaUcTS5k6sVTmhdQKjij,Chapter 10.16 - Król Maciuś Pierwszy,['Janusz Korczak'],0,166800,1923-12-27,0.698,0.256
1e7zxvah6cU9yk7heqNMA7,Chapter 8.12 - Król Maciuś Pierwszy,['Janusz Korczak'],0,133100,1923-12-27,0.68,0.202
1eLbwzyHyUne68R2yXPidS,Le Tapis Vert,['Adolphe Bérard'],0,183133,1923,0.38,0.235
1edbuMXvCWHgW78HUugrK8,Chapter 4.21 & Chapter 5.1 - Król Maciuś Pierwszy,['Janusz Korczak'],0,133700,1923-12-27,0.707,0.182
1hviILXEn7vTSzU10nsWRM,Chapter 1.17 - Król Maciuś Pierwszy,['Janusz Korczak'],0,137100,1923-12-27,0.611,0.207
1iaThalbw5LINCP5AJXBTK,Chapter 4.19 - Król Maciuś na wyspie bezludnej,['Janusz Korczak'],0,144100,1923-12-27,0.646,0.193
1kbPo2tqulbrU6yZfsDSac,Chapter 11.8 - Król Maciuś Pierwszy,['Janusz Korczak'],0,138700,1923-12-27,0.693,0.245
1lJSfCp3rMSiSwE0OnWIQz,Chapter 7.5 - Król Maciuś Pierwszy,['Janusz Korczak'],0,134300,1923-12-27,0.714,0.227
1lxRFRONmnUxRz5YhQAAwX,Pek Muztaribim,['Hafız Ahmet Celâl Tokses'],0,167680,1923-12-18,0.26,0.333
1mLlyiUYSsOiRp0m766T0F,Chapter 6.11 - Król Maciuś na wyspie bezludnej,['Janusz Korczak'],0,141000,1923-12-27,0.669,0.219
1nHsef13ntQzemvGfyRkIP,Chapter 2.9 - Król Maciuś Pierwszy,['Janusz Korczak'],0,131700,1923-12-27,0.706,0.22
1nsqiWT2tkBgrM9r3yxCHE,Chapter 1.15 - Król Maciuś na wyspie bezludnej,['Janusz Korczak'],0,162400,1923-12-27,0.609,0.265
1pfN0mDem9bZBYeIwVN7cD,Chapter 3.3 - Król Maciuś na wyspie bezludnej,['Janusz Korczak'],0,179100,1923-12-27,0.729,0.293
1skk8BfvNGrVM8HBPypg3V,Chapter 5.3 - Król Maciuś na wyspie bezludnej,['Janusz Korczak'],0,144400,1923-12-27,0.675,0.267
1u9zTLc3iWTud0cZM83CDr,Cuando Buda Sonríe - Remasterizado,['Francisco Canaro'],0,170800,1923-07-09,0.377,0.335
1uEXx4sLcQB04RNzvKKh5G,Chapter 5.12 - Król Maciuś Pierwszy,['Janusz Korczak'],0,125400,1923-12-27,0.711,0.181
1uelg93BiJKU4SerLhXPU9,Chapter 10.14 - Król Maciuś Pierwszy,['Janusz Korczak'],0,142700,1923-12-27,0.652,0.235
1unpFthiuixJx6sSW3OHAC,Chapter 3.10 - Król Maciuś na wyspie bezludnej,['Janusz Korczak'],0,140000,1923-12-27,0.742,0.204
1wfVslnOJQdNR7jtleZVGn,Chapter 2.16 - Król Maciuś na wyspie bezludnej,['Janusz Korczak'],0,194000,1923-12-27,0.721,0.257
1xXapXBSUSxWBkqWtvviHt,Chapter 2.17 - Król Maciuś na wyspie bezludnej,['Janusz Korczak'],0,134800,1923-12-27,0.777,0.179
1xYkJjXx83VuTcaVILz3ho,Chapter 1.18 - Król Maciuś na wyspie bezludnej,['Janusz Korczak'],0,144600,1923-12-27,0.785,0.265
1xci8Zmd0JnJD5g2WwXpNx,Electric Girl - Remasterizado,['Francisco Canaro'],0,174667,1923-07-09,0.563,0.426
1yMDC3pVzxKlcKwwwiFSmt,Sacate la Caretita - Remasterizado,['Ignacio Corsini'],0,178147,1923-03-29,0.574,0.0119
203MYDy2P9nrTO3515B96D,Chapter 3.4 - Król Maciuś na wyspie bezludnej,['Janusz Korczak'],0,145100,1923-12-27,0.696,0.296
214S1bDYDp34WOhqOGGnum,Chapter 8.14 - Król Maciuś Pierwszy,['Janusz Korczak'],0,125700,1923-12-27,0.707,0.197
21QQ5ZuQUjPQQRi1JzR8GY,Veranito de San Juan - Remasterizado,['Francisco Canaro'],0,180387,1923-07-09,0.515,0.272
232KmyoWlX8B01eVPGw47e,Chapter 6.15 - Król Maciuś na wyspie bezludnej,['Janusz Korczak'],0,126600,1923-12-27,0.715,0.173
238xfFBXsH2IV0dsHttZpy,Chapter 8.15 - Król Maciuś Pierwszy,['Janusz Korczak'],0,129000,1923-12-27,0.718,0.164
23OK5hKz4EvcxSyPvAaLAp,Chapter 2.5 - Król Maciuś Pierwszy,['Janusz Korczak'],0,127900,1923-12-27,0.676,0.264
240CtrmmZTh22BoDphHXV9,Chapter 1.8 - Król Maciuś Pierwszy,['Janusz Korczak'],0,134300,1923-12-27,0.649,0.242
257hVxQ0y8XXJtGJtiDBPu,Chapter 3.3 - Król Maciuś Pierwszy,['Janusz Korczak'],0,141300,1923-12-27,0.629,0.239
25SMQZnHTtKcUxFIpG7Mhp,The Loveliest Night of the Year,['Harry Curtis'],0,162064,1923,0.433,0.422
2626aAS6eQgc6CvdLVnoOw,La Danza de las Libélulas - Remasterizado,['Francisco Canaro'],0,156587,1923-07-09,0.397,0.229
26ca2K4703vB1CoCtjzSLW,Chapter 7.14 - Król Maciuś Pierwszy,['Janusz Korczak'],0,136900,1923-12-27,0.63,0.257
282GBb96Uc1l3nvDZU14Wr,La Garconniere - Remasterizado,['Ignacio Corsini'],0,150640,1923-03-29,0.493,0.109
28jWC2LAY4vqsUDxGctDs9,Chapter 8.17 - Król Maciuś Pierwszy,['Janusz Korczak'],0,129000,1923-12-27,0.621,0.15
2BzP6Lj4EA6V3AmSPDlCmD,Chapter 5.20 - Król Maciuś na wyspie bezludnej,['Janusz Korczak'],0,134200,1923-12-27,0.708,0.25
2CALgoRXs5TedfP7UxCVxC,Chapter 6.4 - Król Maciuś Pierwszy,['Janusz Korczak'],0,136200,1923-12-27,0.614,0.266
2DMT63ps2b8F2PmbVG1Jtu,D'la Vraie Amour,['Gaby Montbreuse'],0,206000,1923,0.641,0.283
2DlAiPP9DJ2z0bQfi8TMSk,Chapter 6.5 - Król Maciuś na wyspie bezludnej,['Janusz Korczak'],0,130100,1923-12-27,0.739,0.227
2ETTpBNBoGotgsc8btbUhC,Chapter 10.19 - Król Maciuś Pierwszy,['Janusz Korczak'],0,156600,1923-12-27,0.72,0.202
2EVvoTom0Oji191I1I4qCF,Chapter 2.18 - Król Maciuś Pierwszy,['Janusz Korczak'],0,145300,1923-12-27,0.661,0.196
2FM5j4344sAAkUXTX5cTiX,Chapter 4.2 - Król Maciuś na wyspie bezludnej,['Janusz Korczak'],0,126700,1923-12-27,0.62,0.244
2HfDoQcyX1ZEqbzsOMWPU8,Chapter 8.7 - Król Maciuś na wyspie bezludnej,['Janusz Korczak'],0,131400,1923-12-27,0.713,0.216
2IwdIlqg3vpmDhJZPujABF,Chapter 8.7 - Król Maciuś Pierwszy,['Janusz Korczak'],0,132900,1923-12-27,0.7,0.222
2JcQmJ2RIennzfIZSLzq0A,Chapter 5.7 - Król Maciuś na wyspie bezludnej,['Janusz Korczak'],0,140900,1923-12-27,0.619,0.236
2KqBYBToiNNfhDIkSH91aq,Chapter 7.10 - Król Maciuś na wyspie bezludnej,['Janusz Korczak'],0,135000,1923-12-27,0.679,0.221
2MskcGzzUdJdJy3Q7Y96qH,Chapter 6.16 - Król Maciuś na wyspie bezludnej,['Janusz Korczak'],0,126700,1923-12-27,0.656,0.195
2N05z73nncXFj3XF2mYDDX,Chapter 8.10 - Król Maciuś na wyspie bezludnej,['Janusz Korczak'],0,134700,1923-12-27,0.697,0.248
2OgHwBpullLkwd7O59O7AS,Chapter 3.13 - Król Maciuś Pierwszy,['Janusz Korczak'],0,134100,1923-12-27,0.627,0.243
2OomQSfbQ4b8joF9N5rkIe,Chapter 7.13 - Król Maciuś na wyspie bezludnej,['Janusz Korczak'],0,125900,1923-12-27,0.682,0.14
2P4P5kMqUriSRT7wyQPEGk,Chapter 3.2 - Król Maciuś Pierwszy,['Janusz Korczak'],0,136000,1923-12-27,0.684,0.176
2PIlX13UoFyWhqepPJJVoJ,Chapter 8.21 & Chapter 9.1 - Król Maciuś Pierwszy,['Janusz Korczak'],0,156000,1923-12-27,0.639,0.263
2PvwVyqAeYHKwAwnQNhHoX,Chapter 11.5 - Król Maciuś Pierwszy,['Janusz Korczak'],0,127900,1923-12-27,0.715,0.158
2SVXq5WxQA2fuGVm6GWbIa,Chapter 10.12 - Król Maciuś Pierwszy,['Janusz Korczak'],0,170500,1923-12-27,0.719,0.175
2TH4cBod9KMYpJ6Y2XxF2X,Chapter 2.15 - Król Maciuś Pierwszy,['Janusz Korczak'],0,132900,1923-12-27,0.725,0.242
2TdBHm411Q9eU09zF24HHW,Padre Nuestro - Remasterizado,['Francisco Canaro'],0,151467,1923-07-09,0.6,0.243
2Us1pbKCuRgnpYK1Mm786O,Chapter 2.8 - Król Maciuś Pierwszy,['Janusz Korczak'],0,152200,1923-12-27,0.712,0.22
2XPuwjQubVd5zfWmBZJKab,Chapter 9.20 & Chapter 10.1 - Król Maciuś Pierwszy,['Janusz Korczak'],0,187500,1923-12-27,0.642,0.215
2aSHEubeGWVpJwQfJZl7JV,Chapter 2.5 - Król Maciuś na wyspie bezludnej,['Janusz Korczak'],0,147200,1923-12-27,0.637,0.256
2bv2HjNm1zAjWWT1J9BfiE,Chapter 6.4 - Król Maciuś na wyspie bezludnej,['Janusz Korczak'],0,128000,1923-12-27,0.628,0.21
2chC6F9xg7pl5slxzQizyo,Chapter 9.18 - Król Maciuś Pierwszy,['Janusz Korczak'],0,179000,1923-12-27,0.719,0.262
2d3OQvoLSn9NA4sMGIYxNT,La Valse Du Faubourg,['Félix Mayol'],0,173427,1923,0.623,0.292
2dnaGKlRop5kaBJjEKW7j0,Juventud - Remasterizado,['Ignacio Corsini'],0,153147,1923-03-29,0.415,0.0359
2e6jVBimYdHUgveLPAREap,Chapter 1.4 - Król Maciuś na wyspie bezludnej,['Janusz Korczak'],0,140700,1923-12-27,0.731,0.297
2gFUqcLFUDVXcWmeKAOnGd,Pobre Cotorro - Remasterizado,['Ignacio Corsini'],0,171107,1923-03-29,0.502,0.298
2gwppa6p7HymxbyxEooUNI,Two Deuces,['Louis Armstrong & His Hot Five'],4,172667,1923,0.713,0.294
2gy7I5dzqH5SMPefKbXqqg,Chapter 3.19 - Król Maciuś na wyspie bezludnej,['Janusz Korczak'],0,168000,1923-12-27,0.71,0.228
2hLwDuj5IWkGnaADLfKhO3,Chapter 4.16 - Król Maciuś Pierwszy,['Janusz Korczak'],0,138700,1923-12-27,0.726,0.192
2hg4UzqISMeCbjd8iSZhPT,Chapter 8.14 - Król Maciuś na wyspie bezludnej,['Janusz Korczak'],0,125800,1923-12-27,0.701,0.21
2l56fKIIrgfHWndcbkBAta,The C00L Song,['Dampfwalzi'],0,120309,1923-02-26,0.503,0.823
2l78PWopglhBVZGmpeTNRh,Chapter 2.18 - Król Maciuś na wyspie bezludnej,['Janusz Korczak'],0,135900,1923-12-27,0.712,0.191
2lfBwShUHcbTlQltFG6LZe,Chapter 7.2 - Król Maciuś Pierwszy,['Janusz Korczak'],0,129600,1923-12-27,0.746,0.214
2llQn4es5UBbZF2aTZuf5V,Chapter 3.2 - Król Maciuś na wyspie bezludnej,['Janusz Korczak'],0,130000,1923-12-27,0.708,0.267
2mT2jYaXYm8t7pUewp55pj,Chapter 6.3 - Król Maciuś Pierwszy,['Janusz Korczak'],0,137100,1923-12-27,0.666,0.248
2ohtXE5y4GhN0Zxvalubes,On The Sunny Side Of The Street - Part 2,['Louis Armstrong'],4,185973,1923,0.559,0.266
2ot1SikkJGXtHo4OfOEuEe,Chapter 9.5 - Król Maciuś Pierwszy,['Janusz Korczak'],0,137700,1923-12-27,0.621,0.217
2p6Iprr9YSwoPEr9Z24uVj,Beso de Sol - Remasterizado,['Ignacio Corsini'],0,146827,1923-03-29,0.391,0.143
2qkMBPNx82zd6ynbrL6HOb,Chapter 3.5 - Król Maciuś Pierwszy,['Janusz Korczak'],0,126600,1923-12-27,0.707,0.203
2sVqBPHl4PWSeURzg9EKrp,Chapter 9.4 - Król Maciuś Pierwszy,['Janusz Korczak'],0,129600,1923-12-27,0.704,0.229
2spqNW4Rg9EOcbRHqgqsud,Chapter 1.9 - Król Maciuś Pierwszy,['Janusz Korczak'],0,132500,1923-12-27,0.705,0.242
2u9uUB3WJMcE5jty4rjDOq,Chapter 2.6 - Król Maciuś Pierwszy,['Janusz Korczak'],0,137200,1923-12-27,0.703,0.202
2yfrHTCBu6ED8Abxey81Qk,Chapter 5.16 - Król Maciuś na wyspie bezludnej,['Janusz Korczak'],0,131500,1923-12-27,0.715,0.285
2yqz75MA7AtLje5drtf8Gq,Mi Alazan Tostado - Remasterizado,['Ignacio Corsini'],0,185853,1923-03-29,0.335,0.305
2zFWLv60Tyz6D7SUQUNZtH,Elle N'est Pas Si Mal Que Ca,['Mlle Davia'],0,171933,1923,0.519,0.292
30zaNxb2hI6M678pWrGK0h,Chapter 3.9 - Król Maciuś na wyspie bezludnej,['Janusz Korczak'],0,137300,1923-12-27,0.714,0.232
31BnKhHR84Tv59WcvudHCq,Chapter 2.3 - Król Maciuś na wyspie bezludnej,['Janusz Korczak'],0,125400,1923-12-27,0.66,0.279
31xehks2I3KrRVZRdZlREk,Chapter 5.18 - Król Maciuś Pierwszy,['Janusz Korczak'],0,130400,1923-12-27,0.74,0.302
32lDouU0o6hjbxZL2P2ovX,Chapter 2.4 - Król Maciuś Pierwszy,['Janusz Korczak'],0,154400,1923-12-27,0.719,0.242
34D575uvl3MYVJx7PceZCl,Chapter 7.3 - Król Maciuś Pierwszy,['Janusz Korczak'],0,142100,1923-12-27,0.665,0.224
34mNRdIyIPh54mNDWN8lkK,Chapter 6.11 - Król Maciuś Pierwszy,['Janusz Korczak'],0,127600,1923-12-27,0.701,0.22
34rdVyVGI2u6I0tNWc8v0Y,Nous Avons Fait Un Beau Voyage,['André Baugé'],0,127893,1923,0.607,0.279
35gyMzxIMFL4e2YL5hkpH6,I Ain't No Body's Darling - Remasterizado,['Francisco Canaro'],0,171187,1923-07-09,0.47,0.43
36TmAU1B91sO9Gwn6cMdv1,Chapter 6.2 - Król Maciuś na wyspie bezludnej,['Janusz Korczak'],0,133100,1923-12-27,0.724,0.271
37cZYq36byeOYpb0KAl6lF,Chapter 10.5 - Król Maciuś Pierwszy,['Janusz Korczak'],0,126900,1923-12-27,0.713,0.185
38p6VEUf5fz0WA3TM2GNIz,Chapter 3.11 - Król Maciuś Pierwszy,['Janusz Korczak'],0,146300,1923-12-27,0.632,0.191
39zX6LsaEcaluNfwwraKAs,Chapter 5.5 - Król Maciuś na wyspie bezludnej,['Janusz Korczak'],0,126700,1923-12-27,0.616,0.226
3AL6oljZrHIu9wxGXvkKCb,Chapter 6.15 - Król Maciuś Pierwszy,['Janusz Korczak'],0,127700,1923-12-27,0.64,0.26
3AVbE1jEbBroxADdYSwpUX,Chapter 6.3 - Król Maciuś na wyspie bezludnej,['Janusz Korczak'],0,130700,1923-12-27,0.713,0.222
3BHmu5onoduKIseK4p4VTQ,Chapter 1.16 - Król Maciuś Pierwszy,['Janusz Korczak'],0,126700,1923-12-27,0.707,0.268
3DWEcGDSXu42LYHbSVYguU,There's No Tomorrow,['Harry Curtis'],0,130064,1923,0.725,0.377
3FyDaPO3ak0R5zQrO14sL7,Chapter 2.4 - Król Maciuś na wyspie bezludnej,['Janusz Korczak'],0,137700,1923-12-27,0.713,0.204
3GPFBKLtvTe3V63nzh4oUF,Chapter 6.17 - Król Maciuś na wyspie bezludnej,['Janusz Korczak'],0,134500,1923-12-27,0.658,0.178
3Glvyay182hRpDhPscmZWx,Chapter 11.11 - Król Maciuś Pierwszy,['Janusz Korczak'],0,130400,1923-12-27,0.691,0.208
3HkSl0PJj4xBPkeZsK1yXI,Chapter 8.18 - Król Maciuś na wyspie bezludnej,['Janusz Korczak'],0,208300,1923-12-27,0.628,0.184
3IOmj6NIiknYGtIuFGBSBG,Muchachita Loca - Remasterizado,['Ignacio Corsini'],0,153187,1923-03-29,0.435,0.212
3J8H6B2f2uNkSiHYwwPB6Q,Chapter 4.16 - Król Maciuś na wyspie bezludnej,['Janusz Korczak'],0,137400,1923-12-27,0.652,0.159
3JQIKXzPa0RIodcMBr6DNF,Chapter 4.7 - Król Maciuś Pierwszy,['Janusz Korczak'],0,125200,1923-12-27,0.698,0.226
3JSyqV0xIb9k6Xfor577ML,Chapter 2.14 - Król Maciuś na wyspie bezludnej,['Janusz Korczak'],0,138000,1923-12-27,0.645,0.172
3KtlyM6mYwRXTova2jfFPF,Chapter 8.11 - Król Maciuś na wyspie bezludnej,['Janusz Korczak'],0,135500,1923-12-27,0.739,0.229
3LEXI58rgVBIn8Mr0FQXrp,Chapter 7.18 - Król Maciuś Pierwszy,['Janusz Korczak'],0,126300,1923-12-27,0.721,0.203
3LTK7FvKsUKOLp9TZRVQIZ,Chapter 7.2 - Król Maciuś na wyspie bezludnej,['Janusz Korczak'],0,129400,1923-12-27,0.703,0.177
3M1AV4KKRquagoq35YNxse,Chapter 1.7 - Król Maciuś na wyspie bezludnej,['Janusz Korczak'],0,143100,1923-12-27,0.735,0.286
3MDt3vN8pgvIAfDIxtyN3a,Chapter 8.11 - Król Maciuś Pierwszy,['Janusz Korczak'],0,134200,1923-12-27,0.71,0.162
3O2pzKGBzwCsTywRWovx2U,Chapter 4.3 - Król Maciuś Pierwszy,['Janusz Korczak'],0,140000,1923-12-27,0.691,0.239
3Q0Z752d6h26C5Ivd0q2VZ,Chapter 6.14 - Król Maciuś na wyspie bezludnej,['Janusz Korczak'],0,141400,1923-12-27,0.623,0.223
3Q5D2uUAUIiACyCgVwaDFU,Chapter 1.2 - Król Maciuś Pierwszy,['Janusz Korczak'],0,133800,1923-12-27,0.673,0.301
3V2R1hDixOyRYEIWdYm0OC,Nubes de Humo - Remasterizado,['Francisco Canaro'],0,176200,1923-07-09,0.618,0.306
3VDVHZiEBJvKM9WGEJVR9a,Chapter 4.2 - Król Maciuś Pierwszy,['Janusz Korczak'],0,128800,1923-12-27,0.708,0.226
3XHUxnjmA15lbMDcGYiWwZ,Eleonore - Remasterizado,['Francisco Canaro'],0,157867,1923-07-09,0.336,0.415
3YK80CqyG4hLA3YbDxavBO,Chapter 8.20 - Król Maciuś Pierwszy,['Janusz Korczak'],0,126000,1923-12-27,0.663,0.181
3Ymcu570Ylr9LUnCX6tnhC,Chapter 1.8 - Król Maciuś na wyspie bezludnej,['Janusz Korczak'],0,127600,1923-12-27,0.706,0.272
3ZKOtk1YGKwrQkDhi73zJr,Dans Les Jardins De L'alhambra,['Robert Jysor'],0,188840,1923,0.666,0.366
3ZcK37cOs1Q16F6CQeVFgA,Chapter 1.7 - Król Maciuś Pierwszy,['Janusz Korczak'],0,144200,1923-12-27,0.698,0.256
3clAJr93BNtxjwKWgPzibE,Chapter 4.11 - Król Maciuś na wyspie bezludnej,['Janusz Korczak'],0,129200,1923-12-27,0.618,0.203
3dtLRp92v8d6ZBDzwidmgk,Chapter 1.14 - Król Maciuś na wyspie bezludnej,['Janusz Korczak'],0,131400,1923-12-27,0.689,0.235
3eSMs0YEt1qRUtsIjjoR5u,Chapter 4.20 - Król Maciuś Pierwszy,['Janusz Korczak'],0,126500,1923-12-27,0.717,0.18
3erNdiLPou8N2daJMvaaWv,Dinah,['Harry Curtis'],0,143073,1923,0.718,0.506
3f4HAZPUTSrQbK6jCwQhnx,You Broke the Only Heart That Ever Loved You,['Harry Curtis'],0,147069,1923,0.627,0.415
3gApxJyhWWfo68HGgyVcAS,Chapter 2.3 - Król Maciuś Pierwszy,['Janusz Korczak'],0,127700,1923-12-27,0.746,0.228
3i4RahjAMmwcNCLekuLYEY,Chapter 2.14 - Król Maciuś Pierwszy,['Janusz Korczak'],0,131200,1923-12-27,0.695,0.221
3iEvTQafOiOJyPov4Qpvh5,Chapter 8.5 - Król Maciuś Pierwszy,['Janusz Korczak'],0,146000,1923-12-27,0.66,0.204
3iRLeF7fyaOBgeySp2ZzWD,Chapter 4.12 - Król Maciuś na wyspie bezludnej,['Janusz Korczak'],0,125700,1923-12-27,0.716,0.181
3iTYh4qdFdJyYlmGs0Ch1Z,Chapter 2.2 - Król Maciuś Pierwszy,['Janusz Korczak'],0,137400,1923-12-27,0.662,0.201
3iobM1JNjGIabwPNrJ5zfW,Chapter 9.3 - Król Maciuś Pierwszy,['Janusz Korczak'],0,134000,1923-12-27,0.709,0.174
3jK2m3L8elPvXWnCSPgsiB,Chapter 5.10 - Król Maciuś Pierwszy,['Janusz Korczak'],0,140700,1923-12-27,0.65,0.186
3jic1HtQwJwaKnBL4ykuwZ,My Sweet,['Louis Armstrong'],4,195960,1923,0.741,0.284
3k4aOGCuv5NjjHTJ3tBBqw,Chapter 1.20 & Chapter 2.1 - Król Maciuś Pierwszy,['Janusz Korczak'],0,126000,1923-12-27,0.69,0.145
3k8zGG9LmgT9I68R0u5cDE,Chapter 9.19 - Król Maciuś Pierwszy,['Janusz Korczak'],0,136900,1923-12-27,0.679,0.237
3lWtpc2gKflv5xG7qGVA9l,I Can't Give You Anything But Love,['Harry Curtis'],0,184059,1923,0.733,0.516
3mILRZYDhBz4ZqmVlt7su7,Chapter 5.13 - Król Maciuś na wyspie bezludnej,['Janusz Korczak'],0,134700,1923-12-27,0.682,0.246
3npTSodOUXSWhonT7TJTIN,Chapter 7.7 - Król Maciuś na wyspie bezludnej,['Janusz Korczak'],0,125500,1923-12-27,0.683,0.25
3pNvEugUdsFGZSolcLGb3V,Chapter 4.13 - Król Maciuś Pierwszy,['Janusz Korczak'],0,136000,1923-12-27,0.726,0.247
3pjehtgPoqwg771OxtIth4,Chapter 8.6 - Król Maciuś na wyspie bezludnej,['Janusz Korczak'],0,125600,1923-12-27,0.642,0.277
3pjoWqkg0KD2BYLhWNjv7T,Chapter 5.3 - Król Maciuś Pierwszy,['Janusz Korczak'],0,127200,1923-12-27,0.683,0.159
3q29zpii6tFh9IdrXL0HLX,Chapter 4.8 - Król Maciuś na wyspie bezludnej,['Janusz Korczak'],0,141200,1923-12-27,0.691,0.204
3qByw3YrQnpjMttThvwclS,The Bridwell Blues,['Nolan Welsh'],4,211800,1923,0.657,0.136
3qpqaoO3IPawhS4PzUeJL7,Chapter 3.7 - Król Maciuś Pierwszy,['Janusz Korczak'],0,133400,1923-12-27,0.706,0.217
3siZBSfqfWGdfO22wScU0U,Chapter 4.12 - Król Maciuś Pierwszy,['Janusz Korczak'],0,130800,1923-12-27,0.711,0.199
3tyhTk1UX8h6NSRuSQd2Gz,Chapter 4.8 - Król Maciuś Pierwszy,['Janusz Korczak'],0,138800,1923-12-27,0.707,0.239
3vNg4FT0yzOVYVrCydxIPZ,Chapter 7.14 - Król Maciuś na wyspie bezludnej,['Janusz Korczak'],0,127000,1923-12-27,0.661,0.173
3vWbf3W1QkZjnfJhHXQxCp,Chapter 4.4 - Król Maciuś Pierwszy,['Janusz Korczak'],0,129200,1923-12-27,0.628,0.263
3vfTqBW9DLaendwbV4sMeM,Chapter 6.17 - Król Maciuś Pierwszy,['Janusz Korczak'],0,162700,1923-12-27,0.691,0.197
3y44rjnrh8GMfjqbONAaTO,Chapter 11.4 - Król Maciuś Pierwszy,['Janusz Korczak'],0,138200,1923-12-27,0.72,0.238
3y9FJZk0c8LXgvaFU5KFXK,Chapter 6.12 - Król Maciuś na wyspie bezludnej,['Janusz Korczak'],0,136000,1923-12-27,0.693,0.215
3zSJdNa5YQwNSAnkZm9gAw,Chapter 10.15 - Król Maciuś Pierwszy,['Janusz Korczak'],0,132000,1923-12-27,0.632,0.257
3zsFs71s4rmanTNdQUatzS,You Never Miss the Water till the Well Runs Dry,['Harry Curtis'],0,150570,1923,0.743,0.417
41EbVURlQ4vMzr4T40Cokw,Chapter 5.6 - Król Maciuś na wyspie bezludnej,['Janusz Korczak'],0,156500,1923-12-27,0.726,0.284
41RLkvyELWv5ydLwQ6FsLu,You Always Hurt the One You Love,['Harry Curtis'],0,209058,1923,0.475,0.294
41gIFUJuvcpDWaljitJ2ZW,Chapter 2.20 - Król Maciuś Pierwszy,['Janusz Korczak'],0,139200,1923-12-27,0.703,0.244
43YL7lZHfzOVq6uqS4HJ61,Chapter 4.5 - Król Maciuś Pierwszy,['Janusz Korczak'],0,157000,1923-12-27,0.71,0.255
43eCxF1gclHqMZXiqdPfX1,Chapter 2.11 - Król Maciuś Pierwszy,['Janusz Korczak'],0,178700,1923-12-27,0.63,0.258
45MNeHFtmUexSRJPQoOzah,Chapter 3.9 - Król Maciuś Pierwszy,['Janusz Korczak'],0,127700,1923-12-27,0.643,0.217
49R7xgYyebbRaivhnEDqNa,Chapter 9.6 - Król Maciuś Pierwszy,['Janusz Korczak'],0,125800,1923-12-27,0.696,0.215
4B1wlmzIBmItd9sYUng5QR,Chapter 6.13 - Król Maciuś Pierwszy,['Janusz Korczak'],0,187600,1923-12-27,0.615,0.257
4B7YDknKCv5ZwrWMpBDz9O,Chapter 8.6 - Król Maciuś Pierwszy,['Janusz Korczak'],0,132200,1923-12-27,0.737,0.225
4Bdt3R7sAZipPugh2gYzuG,Chapter 7.3 - Król Maciuś na wyspie bezludnej,['Janusz Korczak'],0,129100,1923-12-27,0.639,0.202
4DR1ApXu41RRJsixQcl9pB,Chapter 4.5 - Król Maciuś na wyspie bezludnej,['Janusz Korczak'],0,135500,1923-12-27,0.759,0.186
4EysTioGylafNse9OdvnD2,Chapter 1.13 - Król Maciuś na wyspie bezludnej,['Janusz Korczak'],0,143400,1923-12-27,0.64,0.19
4FIWTETB0N3snepDVfSk7l,Chapter 10.3 - Król Maciuś Pierwszy,['Janusz Korczak'],0,146900,1923-12-27,0.708,0.194
4IZb9POk9nkymYNibJkUxh,Negro Veio - Remasterizado,['Francisco Canaro'],0,160787,1923-07-09,0.407,0.407
4K4YVhAtAWSocjzNtPmqgR,Chapter 1.6 - Król Maciuś Pierwszy,['Janusz Korczak'],0,142300,1923-12-27,0.73,0.28
4KEKCaNCoBTsRV9DZ2SBeI,Chapter 2.15 - Król Maciuś na wyspie bezludnej,['Janusz Korczak'],0,127100,1923-12-27,0.707,0.21
4KffbYKEtRSDQWVDESAEfD,Chapter 8.9 - Król Maciuś na wyspie bezludnej,['Janusz Korczak'],0,139700,1923-12-27,0.781,0.239
4Kk5VcClSSrmqQOv8yUyJU,Chapter 3.4 - Król Maciuś Pierwszy,['Janusz Korczak'],0,126100,1923-12-27,0.703,0.186
4N4elWLcjI9JTbVGBLQKiy,Chapter 8.16 - Król Maciuś na wyspie bezludnej,['Janusz Korczak'],0,133600,1923-12-27,0.631,0.2
4NRryZLamMJHcWFgQmryYV,Chapter 3.6 - Król Maciuś na wyspie bezludnej,['Janusz Korczak'],0,135600,1923-12-27,0.697,0.284
4Oy82y4C7BmmbRKwqtnHP9,Fin de Fiesta - Remasterizado,['Ignacio Corsini'],0,130347,1923-03-29,0.537,0.273
4Q5I6riVFNV4mJaqSCmB0C,Basin Street Blues - rec. 1928,['Louis Armstrong & His Hot Five'],4,207000,1923,0.604,0.279
4RjQhyJDUrP5jPPLNqeUde,Chapter 3.20 & Chapter 4.1 - Król Maciuś na wyspie bezludnej,['Janusz Korczak'],0,125400,1923-12-27,0.721,0.227
4S1deTG4Vv6XYGvfKddHce,Chapter 2.2 - Król Maciuś na wyspie bezludnej,['Janusz Korczak'],0,153000,1923-12-27,0.675,0.207
4ST4PUbwdsf6u9WiaEPrZh,Chapter 4.10 - Król Maciuś na wyspie bezludnej,['Janusz Korczak'],0,127100,1923-12-27,0.714,0.187
4T2aGCxq1CbCjWsMDbRAfI,Chapter 5.7 - Król Maciuś Pierwszy,['Janusz Korczak'],0,137900,1923-12-27,0.648,0.253
4U0gazcK1w4jZ4GI2VN0HS,Chapter 7.11 - Król Maciuś Pierwszy,['Janusz Korczak'],0,181900,1923-12-27,0.645,0.22
4UhoxOr9WlfXYzeis6qUb4,Chapter 5.12 - Król Maciuś na wyspie bezludnej,['Janusz Korczak'],0,138900,1923-12-27,0.668,0.205
4WXe3dCt6rOGZi8LN0OhAf,Chapter 7.4 - Król Maciuś na wyspie bezludnej,['Janusz Korczak'],0,141300,1923-12-27,0.738,0.242
4YGxi7mdKVrpu1ReFq3D6j,Chapter 1.15 - Król Maciuś Pierwszy,['Janusz Korczak'],0,131700,1923-12-27,0.701,0.237
4ZitqHZFSVYCTBNYc8HKFF,Chapter 11.9 - Król Maciuś Pierwszy,['Janusz Korczak'],0,135500,1923-12-27,0.661,0.17
4aBACPRAZ0c9aE4hANFqQC,El Ranchito - Remasterizado,['Ignacio Corsini'],0,138387,1923-03-29,0.52,0.168
4aDCi0pzkOTCAR8jCtGFMI,Chapter 7.4 - Król Maciuś Pierwszy,['Janusz Korczak'],0,133400,1923-12-27,0.712,0.25
4aiBhO8OFKDjMEQPJBRbOD,Chapter 10.18 - Król Maciuś Pierwszy,['Janusz Korczak'],0,156700,1923-12-27,0.711,0.219
4b1WHoIViQlwXRzbyfoDWt,Chapter 4.4 - Król Maciuś na wyspie bezludnej,['Janusz Korczak'],0,139300,1923-12-27,0.614,0.238
4crH7nJtRlIWw0s7q4uFso,Chapter 2.13 - Król Maciuś Pierwszy,['Janusz Korczak'],0,144900,1923-12-27,0.655,0.276
4e0Z62eclfkLbJIS3ociMr,Chapter 6.10 - Król Maciuś Pierwszy,['Janusz Korczak'],0,140300,1923-12-27,0.708,0.277
4eM1VXQJL2BUF8oS5z0aMg,Sleepy Time Gal,['Harry Curtis'],0,161071,1923,0.825,0.476
4fDOEIB0bCQnvWuMBvmt0d,Chapter 1.1 - Król Maciuś na wyspie bezludnej,['Janusz Korczak'],0,132500,1923-12-27,0.695,0.274
4gl4alhMjSTxmzbEEfM0as,Chapter 6.2 - Król Maciuś Pierwszy,['Janusz Korczak'],0,128300,1923-12-27,0.672,0.301
4hh7wB9petnh9H07LChbHx,Chapter 8.12 - Król Maciuś na wyspie bezludnej,['Janusz Korczak'],0,126100,1923-12-27,0.755,0.258
4j1w8LCA1MLSnTYxMVXQ63,Savoy Blues,['Louis Armstrong & His Hot Five'],4,208040,1923,0.811,0.151
4jxZVsrLDYIyDIACUm4z3x,Chapter 3.13 - Król Maciuś na wyspie bezludnej,['Janusz Korczak'],0,130500,1923-12-27,0.651,0.264
4k5a1oCScvCZQitzrWsND1,La Vuelta de Mi Amor - Remasterizado,['Ignacio Corsini'],0,165787,1923-03-29,0.375,0.345
4kUtJH6JOdA2FDS6kCt9vK,Chapter 5.4 - Król Maciuś na wyspie bezludnej,['Janusz Korczak'],0,135500,1923-12-27,0.706,0.254
4mLzPsmJV5JO6dtkoU7lU5,Chapter 2.10 - Król Maciuś Pierwszy,['Janusz Korczak'],0,135200,1923-12-27,0.632,0.212
4nElETgSQcZgXwypg0cjB6,Chapter 5.17 - Król Maciuś Pierwszy,['Janusz Korczak'],0,136600,1923-12-27,0.702,0.269
4qCTrMjyVYDIGVKSGbuBNF,Il N'osait Pas Se Decider,['Georgius'],0,182440,1923,0.613,0.457
4rLFLBXNFO0S8oqp8jbh94,Chapter 8.8 - Król Maciuś na wyspie bezludnej,['Janusz Korczak'],0,130600,1923-12-27,0.697,0.283
4rU4TQ59s6Z91flH6bqPKM,Le Roudoudou,['Gaby Montbreuse'],0,185067,1923,0.599,0.227
4rtmncfRvpBGWCzuH4aReG,Chapter 5.11 - Król Maciuś Pierwszy,['Janusz Korczak'],0,148700,1923-12-27,0.764,0.183
4sTmu3dWwFJKfy9H8Hes8D,Chapter 11.13 - Król Maciuś Pierwszy,['Janusz Korczak'],0,222400,1923-12-27,0.679,0.176
4t3ELbbYMwp3oUlg3eBOON,Chapter 11.3 - Król Maciuś Pierwszy,['Janusz Korczak'],0,178800,1923-12-27,0.628,0.218
4vF3FnNAR8cQFVJNU56EiH,Chapter 5.2 - Król Maciuś na wyspie bezludnej,['Janusz Korczak'],0,142300,1923-12-27,0.707,0.264
4wA8Lc7bDNdLfLcfXSrORN,Chapter 5.10 - Król Maciuś na wyspie bezludnej,['Janusz Korczak'],0,140300,1923-12-27,0.726,0.226
4xHyPfnrvKvatqt2oj3b4V,I Don't Know Enough About You,['Harry Curtis'],0,124056,1923,0.702,0.372
4xoxTpgNnolA6lk5yIVtmB,Nerón - Remasterizado,['Francisco Canaro'],0,179987,1923-07-09,0.332,0.291
4yjw9WOa1YJEcJhY1zaFUY,Chapter 7.8 - Król Maciuś na wyspie bezludnej,['Janusz Korczak'],0,127000,1923-12-27,0.626,0.246
4zx7EhLMb4sFXLaiUsycTM,Chapter 7.16 - Król Maciuś Pierwszy,['Janusz Korczak'],0,128500,1923-12-27,0.74,0.206
50x81sb0gBee8tf30mm8C9,Pelele - Remasterizado,['Ignacio Corsini'],0,164867,1923-03-29,0.394,0.327
51aC0HxEnEvhiuCRRXwipW,Si Vous N'aimez Pas Ca,['Maurice Chevalier'],0,145973,1923,0.564,0.247
52LOYFwwceYeK0A0XCA8CG,C'est Paris,['Maurice Chevalier'],0,201400,1923,0.496,0.297
52rqxBsKzlyuWPkZDTryPJ,Ekipa Je Na Nogama,['FanChants: Navijači Radnički 1923'],0,117944,1923,0.406,0.947
53RV0sULomDyKTBNttT8rP,Dejeme Que la Acompañe - Remasterizado,['Francisco Canaro'],0,176147,1923-07-09,0.433,0.381
545izoN6zrJPVbxnuWWv6e,Pelele - Remasterizado,['Francisco Canaro'],0,170667,1923-07-09,0.566,0.312
55ihYpQJAmCxrStWCqbyLz,Y'a Des Loups,['René De Buxeuil'],0,145427,1923,0.511,0.267
56IGw8Ueo99uF8EL68tbS3,Chapter 8.4 - Król Maciuś Pierwszy,['Janusz Korczak'],0,128300,1923-12-27,0.717,0.199
56nYVNAo1pyeR5lNyQDkaw,Linda,['Harry Curtis'],0,115069,1923,0.721,0.394
57XHoje92Ipyz4Df0GOUOL,Chapter 1.14 - Król Maciuś Pierwszy,['Janusz Korczak'],0,137700,1923-12-27,0.71,0.227
57qP04a0XuxVWEr6R3zGLs,Chapter 5.5 - Król Maciuś Pierwszy,['Janusz Korczak'],0,140700,1923-12-27,0.743,0.209
585egxlMwuhCuYmjTxNYfR,Chapter 7.6 - Król Maciuś Pierwszy,['Janusz Korczak'],0,141200,1923-12-27,0.7,0.219
58LT9CAhtNHqn9TkMzkAW7,Chapter 4.7 - Król Maciuś na wyspie bezludnej,['Janusz Korczak'],0,144900,1923-12-27,0.716,0.214
59Cp5ks88w0Mm4ebcFQ4NV,Chapter 4.17 - Król Maciuś na wyspie bezludnej,['Janusz Korczak'],0,134800,1923-12-27,0.713,0.218
59wHAfTZzQLjlRuki5fQbA,Cariño Eterno Irene - Remasterizado,['Ignacio Corsini'],0,188067,1923-03-29,0.337,0.311
5ARrSlvdYkDxSUbCVHuAsP,Chapter 2.10 - Król Maciuś na wyspie bezludnej,['Janusz Korczak'],0,156800,1923-12-27,0.63,0.265
5EQKyJqPvZqunKpZkjCi6d,Chapter 9.9 - Król Maciuś Pierwszy,['Janusz Korczak'],0,140500,1923-12-27,0.771,0.31
5FSSXff1OWSrJjAwqavSoh,Chapter 8.3 - Król Maciuś Pierwszy,['Janusz Korczak'],0,130900,1923-12-27,0.729,0.25
5FXvCPWRsAVUHWpUHbWfFf,Chapter 7.15 - Król Maciuś na wyspie bezludnej,['Janusz Korczak'],0,130700,1923-12-27,0.714,0.205
5G5CFwLItSxfy3lsiaL6D7,La Java - Remasterizado,['Francisco Canaro'],0,139733,1923-07-09,0.512,0.291
5GUQeC4Yp5G89gxfRPJB4G,Long Live Love Life,['Hykoski Studios'],0,136800,1923-03-25,0.779,0.121
5GiC69m3f4K9XGoeRPoFK3,Chapter 10.7 - Król Maciuś Pierwszy,['Janusz Korczak'],0,127000,1923-12-27,0.692,0.163
5HSWjTyZNButfHqGMsaZye,Chapter 9.17 - Król Maciuś Pierwszy,['Janusz Korczak'],0,136200,1923-12-27,0.607,0.26
5JQudS8AGT2Nos1QVEUBoI,Chapter 7.10 - Król Maciuś Pierwszy,['Janusz Korczak'],0,129000,1923-12-27,0.709,0.242
5Jof1sZmbxyECx38kRJYI2,Chapter 5.17 - Król Maciuś na wyspie bezludnej,['Janusz Korczak'],0,145200,1923-12-27,0.692,0.215
5LSEcWBT8CwGsujnG57X2S,Chapter 3.15 - Król Maciuś Pierwszy,['Janusz Korczak'],0,134900,1923-12-27,0.672,0.258
5MWVUgBnOSkpp801NSb5Sd,Chapter 3.11 - Król Maciuś na wyspie bezludnej,['Janusz Korczak'],0,126300,1923-12-27,0.745,0.228
5Mj9bYtQgUX6YB1x17eGQB,Chapter 8.13 - Król Maciuś na wyspie bezludnej,['Janusz Korczak'],0,129000,1923-12-27,0.632,0.266
5NVr3qEKa1YJiFs4W04JbF,Ose Anna,['Maurice Chevalier'],0,194533,1923,0.55,0.333
5NuyKPWpXTY8qMTYBOKuwT,Chapter 10.11 - Król Maciuś Pierwszy,['Janusz Korczak'],0,135400,1923-12-27,0.724,0.203
5ODJUdGEDhh5B0XbXfhDlv,Chapter 7.7 - Król Maciuś Pierwszy,['Janusz Korczak'],0,127500,1923-12-27,0.634,0.216
5ObPOgSciMFLwNzbAmIC8b,Chapter 5.14 - Król Maciuś na wyspie bezludnej,['Janusz Korczak'],0,127200,1923-12-27,0.682,0.219
5PEyCVLsizeRZgF2yErXD7,Chapter 6.6 - Król Maciuś Pierwszy,['Janusz Korczak'],0,135000,1923-12-27,0.696,0.263
5POkcJ3NYHw9CAoegeLocV,Chapter 7.5 - Król Maciuś na wyspie bezludnej,['Janusz Korczak'],0,129000,1923-12-27,0.671,0.193
5TF8gOanELCdw3j39yD65U,Chapter 7.19 - Król Maciuś Pierwszy,['Janusz Korczak'],0,126900,1923-12-27,0.716,0.225
5To3LZIEi3F2Uto6huARlu,Juan de los Santos Arena - Remasterizado,['Ignacio Corsini'],0,140013,1923-03-29,0.345,0.237
5V1jILhJEpC5afQkk5i9en,Chapter 1.19 & Chapter 2.1 - Król Maciuś na wyspie bezludnej,['Janusz Korczak'],0,139555,1923-12-27,0.693,0.233
5WOyBvmzUh0LxG3SaOVM6I,Chapter 1.5 - Król Maciuś Pierwszy,['Janusz Korczak'],0,127700,1923-12-27,0.676,0.136
5Y8AU7ECSSnNo0p04IgBDM,Chapter 4.15 - Król Maciuś na wyspie bezludnej,['Janusz Korczak'],0,131300,1923-12-27,0.664,0.196
5YT8QBAbpJmZ7KzSli17zu,Chapter 1.12 - Król Maciuś na wyspie bezludnej,['Janusz Korczak'],0,126000,1923-12-27,0.62,0.196
5aevhwRAespZx1Zq3h3sLa,Chapter 6.8 - Król Maciuś Pierwszy,['Janusz Korczak'],0,155100,1923-12-27,0.717,0.226
5bJVGnzdhvrAbYAEDmHtdG,Chapter 6.12 - Król Maciuś Pierwszy,['Janusz Korczak'],0,141600,1923-12-27,0.702,0.275
5dlOpG3YOhOVy3XruwMxYu,Chapter 7.11 - Król Maciuś na wyspie bezludnej,['Janusz Korczak'],0,143300,1923-12-27,0.74,0.197
5eDIYdypGIA5QwhOpldU18,Chapter 5.6 - Król Maciuś Pierwszy,['Janusz Korczak'],0,150100,1923-12-27,0.672,0.198
5ewZ0TZgNQIoPYticMThAT,Chapter 5.11 - Król Maciuś na wyspie bezludnej,['Janusz Korczak'],0,134700,1923-12-27,0.721,0.259
5f5zQytojoUSXcJKSJ4hJO,Put 'Em Down Blues,['Louis Armstrong & His Hot Seven'],4,192760,1923,0.666,0.278
5gj0UeHG0fIwRbhWrqYWmm,Chapter 3.5 - Król Maciuś na wyspie bezludnej,['Janusz Korczak'],0,125900,1923-12-27,0.72,0.236
5ibit3V15UeNAxP37fZ5Mz,Chapter 6.18 - Król Maciuś na wyspie bezludnej,['Janusz Korczak'],0,133100,1923-12-27,0.718,0.273
5jQd0Gi1DN8dkjro6Pb7FY,Chapter 4.18 - Król Maciuś na wyspie bezludnej,['Janusz Korczak'],0,127500,1923-12-27,0.683,0.215
5kY4Yotw4QhL4OCGoJ41NA,Los Ojazos de Mi Suegra - Remasterizado,['Francisco Canaro'],0,124613,1923-07-09,0.431,0.241
5lTc6Zqkst3MnX4A3sjmSe,Chapter 1.2 - Król Maciuś na wyspie bezludnej,['Janusz Korczak'],0,127100,1923-12-27,0.722,0.326
5mrSUdU8K0MbA1HKfzbPCq,Chapter 9.2 - Król Maciuś Pierwszy,['Janusz Korczak'],0,130200,1923-12-27,0.718,0.22
5n5KkfpL1H3XrjAjnbaYCd,Chapter 11.2 - Król Maciuś Pierwszy,['Janusz Korczak'],0,125800,1923-12-27,0.752,0.256
5nrgo1baweZCJCSa0gx30D,La Ratonera - Remasterizado,['Francisco Canaro'],0,173067,1923-07-09,0.6,0.329
5pxqId84mSMEZwleYPDa8f,Chapter 6.16 - Król Maciuś Pierwszy,['Janusz Korczak'],0,128000,1923-12-27,0.744,0.245
5q6ELaRf0fqEoJdFqSRAIg,Chapter 1.5 - Król Maciuś na wyspie bezludnej,['Janusz Korczak'],0,132100,1923-12-27,0.693,0.255
5rjZ5NtvS0rSaRPSrz2T7A,Chapter 3.19 - Król Maciuś Pierwszy,['Janusz Korczak'],0,127600,1923-12-27,0.701,0.203
5tsl8pxsL6HtRRSciBaG4o,Guitar Rag - Remastered,['Sylvester Weaver'],0,179841,1923-01-12,0.464,0.402
5uemj2pIr3sgWxdu3YBzrR,Chapter 5.21 & Chapter 6.1 - Król Maciuś Pierwszy,['Janusz Korczak'],0,152900,1923-12-27,0.734,0.262
5vTl1hncnrRsILG2DqMjSf,Chapter 4.15 - Król Maciuś Pierwszy,['Janusz Korczak'],0,130400,1923-12-27,0.629,0.157
5wBkFVpjJiuRi8ZomCngAU,Beis Ep,['Macarti'],0,414749,1923-02-06,0.788,0.898
5yWbsF2psTKCn54ted4uPY,Chapter 10.6 - Król Maciuś Pierwszy,['Janusz Korczak'],0,144100,1923-12-27,0.609,0.196
5yv8q7fh8zUVrTFgGpdrod,Chapter 3.8 - Król Maciuś na wyspie bezludnej,['Janusz Korczak'],0,144400,1923-12-27,0.616,0.271
62RVE2Glb8bra6zNGwhoMS,Chapter 6.9 - Król Maciuś na wyspie bezludnej,['Janusz Korczak'],0,134100,1923-12-27,0.738,0.228
65tEcWToD6FYZam3nWji0Z,Chapter 8.13 - Król Maciuś Pierwszy,['Janusz Korczak'],0,137100,1923-12-27,0.654,0.154
69UqO3iuvdLgnRnWvxzhVt,Chapter 8.10 - Król Maciuś Pierwszy,['Janusz Korczak'],0,125700,1923-12-27,0.696,0.181
69XLg8oSMgAc6cizWgGKzn,Chapter 11.7 - Król Maciuś Pierwszy,['Janusz Korczak'],0,151700,1923-12-27,0.612,0.216
69onDVt7PCctRLJoBHpE8K,Chapter 3.16 - Król Maciuś Pierwszy,['Janusz Korczak'],0,134800,1923-12-27,0.651,0.198
6B23Olc7unlf1u4g7fKcC9,Rien Qu'une Nuit,['Emma Liebel'],0,173960,1923,0.219,0.301
6Bao6PuGtRKlSQke4eYvKD,Chapter 9.12 - Król Maciuś Pierwszy,['Janusz Korczak'],0,133000,1923-12-27,0.705,0.204
6CzjdQFCMvAUSjJJiXjKB6,Chapter 5.9 - Król Maciuś na wyspie bezludnej,['Janusz Korczak'],0,126000,1923-12-27,0.615,0.184
6DIS3aMViX5Fa3TpSn5VZa,Sombras - Remasterizado,['Ignacio Corsini'],0,138173,1923-03-29,0.459,0.129
6DT6nvj99xYdNwh4zc2qVM,Glow Worm,['Harry Curtis'],0,130064,1923,0.74,0.512
6FY2h8LhZnDLz2qLiDu0kw,Aime Moi Emma,['Dranem'],0,146693,1923,0.57,0.277
6Gevw7gzy3smhlriQzlCVG,Couplets De La Haut,['Maurice Chevalier'],0,115160,1923,0.481,0.221
6HoPH5h3TciXJ81NMl8iLa,Chapter 4.19 - Król Maciuś Pierwszy,['Janusz Korczak'],0,130100,1923-12-27,0.727,0.225
6I5AhUEoLQuB6odxCHkOkF,Chapter 6.13 - Król Maciuś na wyspie bezludnej,['Janusz Korczak'],0,130300,1923-12-27,0.632,0.27
6K4oMrPmbMB9chN0ciIId1,Chapter 10.20 & Chapter 11.1 - Król Maciuś Pierwszy,['Janusz Korczak'],0,171800,1923-12-27,0.699,0.233
6Kw6lAZTiaEXeGAt9tWRPW,Chapter 1.17 - Król Maciuś na wyspie bezludnej,['Janusz Korczak'],0,130200,1923-12-27,0.701,0.218
6LAMHr6Zzx6q8h0BtL2toL,Camel - Remasterizado,['Francisco Canaro'],0,186080,1923-07-09,0.323,0.458
6MCBm0UEgZvHFhFphpHkE6,Chapter 4.6 - Król Maciuś na wyspie bezludnej,['Janusz Korczak'],0,126600,1923-12-27,0.706,0.236
6MYjAgM6IoAg0wy1DdQ4ps,Chapter 4.6 - Król Maciuś Pierwszy,['Janusz Korczak'],0,138000,1923-12-27,0.742,0.216
6NeOadIfI7E2hQUjOoXaWg,Chapter 4.18 - Król Maciuś Pierwszy,['Janusz Korczak'],0,138400,1923-12-27,0.704,0.229
6NihRltpEeIeDoHamPnExz,Chapter 1.3 - Król Maciuś Pierwszy,['Janusz Korczak'],0,133300,1923-12-27,0.72,0.251
6OG1iI787pEJQyg3yYb4Nh,Chapter 7.8 - Król Maciuś Pierwszy,['Janusz Korczak'],0,179400,1923-12-27,0.636,0.231
6RBEtb7KtGs9RfCPzd2xAs,Chapter 3.7 - Król Maciuś na wyspie bezludnej,['Janusz Korczak'],0,126500,1923-12-27,0.716,0.247
6UPr5yoTldqFcXRYknpKfX,Chapter 3.10 - Król Maciuś Pierwszy,['Janusz Korczak'],0,126700,1923-12-27,0.689,0.261
6VWSJhuxjaIQdsE37xXfDj,Great is Thy Faithfulness,['4509 STARPASS Prodcutions'],0,256981,1923,0.628,0.091
6VxqaPXBuA7vXG0qMziTad,Chapter 9.15 - Król Maciuś Pierwszy,['Janusz Korczak'],0,135900,1923-12-27,0.691,0.254
6WIA6NcF3TsJq8IPkI9xV9,Chapter 3.14 - Król Maciuś na wyspie bezludnej,['Janusz Korczak'],0,125300,1923-12-27,0.716,0.262
6Yp5scn9D2lexZvP24tyDU,Chapter 6.20 & Chapter 7.1 - Król Maciuś na wyspie bezludnej,['Janusz Korczak'],0,135400,1923-12-27,0.696,0.239
6ZXSspKemSC7pFPUMY1ISM,Chapter 4.10 - Król Maciuś Pierwszy,['Janusz Korczak'],0,130100,1923-12-27,0.633,0.261
6Zb1Kuy8qNyO80zLtNEed4,Chapter 8.19 - Król Maciuś Pierwszy,['Janusz Korczak'],0,127300,1923-12-27,0.72,0.252
6kjRhcIwyUqN85uAUyh9BD,Chapter 8.2 - Król Maciuś na wyspie bezludnej,['Janusz Korczak'],0,125900,1923-12-27,0.617,0.257
6nL3RDerJ8lSOX1anIzpdz,Quand On Aime On A Toujours Vingt Ans,['Perchicot'],0,198507,1923,0.374,0.383
6o5y0hipvVykWEnDctyZg4,Chapter 6.7 - Król Maciuś na wyspie bezludnej,['Janusz Korczak'],0,131200,1923-12-27,0.67,0.191
6oL2spgcRWdPkRykuVDthA,Chapter 3.8 - Król Maciuś Pierwszy,['Janusz Korczak'],0,186600,1923-12-27,0.611,0.234
6pdd743TYupurfTLfHtgV4,Chapter 3.14 - Król Maciuś Pierwszy,['Janusz Korczak'],0,131800,1923-12-27,0.71,0.186
6t0Kr4uYHuMjYVLd18IJF9,Chapter 5.8 - Król Maciuś Pierwszy,['Janusz Korczak'],0,144600,1923-12-27,0.711,0.217
6ulOrh280bUlXdpiF63qvO,Chapter 6.14 - Król Maciuś Pierwszy,['Janusz Korczak'],0,148800,1923-12-27,0.701,0.253
6v2zd8LW14RS4s6pFUIhej,Chapter 10.17 - Król Maciuś Pierwszy,['Janusz Korczak'],0,126800,1923-12-27,0.76,0.258
6w0r8a2zNpBAY99eWMi7uX,Chapter 1.9 - Król Maciuś na wyspie bezludnej,['Janusz Korczak'],0,126400,1923-12-27,0.72,0.231
6wCuW0fJGmSaMr6EyImFNK,Chapter 6.19 - Król Maciuś na wyspie bezludnej,['Janusz Korczak'],0,132000,1923-12-27,0.733,0.245
6wgJnau215hVv6zrtPkBuz,Bye Bye Blackbird,['Harry Curtis'],0,135053,1923,0.667,0.408
6xH1zNct58pGQk2ozFTJCU,Chapter 4.14 - Król Maciuś Pierwszy,['Janusz Korczak'],0,127400,1923-12-27,0.679,0.238
6yqYqwtzaMNOHDiNScVuwc,Paper Doll,['Harry Curtis'],0,180062,1923,0.489,0.392
70sz0D6vP7vj14OJMDUSSS,Chapter 11.12 - Król Maciuś Pierwszy,['Janusz Korczak'],0,129000,1923-12-27,0.634,0.241
71tnorDlCFZ4g2c1VEaQkR,C'est Jeune Et Ca N'sait Pas,['Fortugé'],0,187933,1923,0.687,0.173
72XPm8NSV82dwEKSVrNlNV,Chapter 2.16 - Król Maciuś Pierwszy,['Janusz Korczak'],0,125400,1923-12-27,0.627,0.274
737niheJY2w0YbatmdoSJP,Chapter 7.16 - Król Maciuś na wyspie bezludnej,['Janusz Korczak'],0,127500,1923-12-27,0.643,0.189
75GtTaF2m15uFGxXMlWGTl,Chapter 10.13 - Król Maciuś Pierwszy,['Janusz Korczak'],0,131100,1923-12-27,0.698,0.247
76g3Yts8BAa54HPknfrLuA,Chapter 9.8 - Król Maciuś Pierwszy,['Janusz Korczak'],0,125200,1923-12-27,0.704,0.256
76vb2XXLolWwutRVzI40Ax,Chapter 4.17 - Król Maciuś Pierwszy,['Janusz Korczak'],0,125600,1923-12-27,0.694,0.18
79ny9iDGhTSXkIY6q42vJh,Chapter 1.16 - Król Maciuś na wyspie bezludnej,['Janusz Korczak'],0,130000,1923-12-27,0.669,0.244
7AskrBGwLzODaHysm3jwmv,Chapter 1.19 - Król Maciuś Pierwszy,['Janusz Korczak'],0,139500,1923-12-27,0.686,0.269
7AuhDqFJ62f9gVJgW1xIo3,Chapter 11.10 - Król Maciuś Pierwszy,['Janusz Korczak'],0,125600,1923-12-27,0.666,0.22
7CCglawmKFCmKpZgAcbCNb,Chapter 4.9 - Król Maciuś Pierwszy,['Janusz Korczak'],0,137100,1923-12-27,0.741,0.223
7EHMzZoXm8bimpzQ0iLMLg,Chapter 6.19 - Król Maciuś Pierwszy,['Janusz Korczak'],0,128300,1923-12-27,0.709,0.236
7EvnfhaPaXURHPoLaFZyRE,Ave María - Remasterizado,['Francisco Canaro'],0,177173,1923-07-09,0.684,0.262
7Hto89Th3bfsBMaBV70PWW,La Cabeza del Italiano - Remasterizado,['Ignacio Corsini'],0,128547,1923-03-29,0.335,0.096
7IP5SZ3br2KrmaU4zVvUGk,Veni Pebeta - Remasterizado,['Ignacio Corsini'],0,144680,1923-03-29,0.396,0.246
7KKkBvcOPY8HAZ5y4Lfayz,Chapter 3.17 - Król Maciuś na wyspie bezludnej,['Janusz Korczak'],0,130000,1923-12-27,0.666,0.278
7KPy4GUpFkl03bB6NpVd28,Guitar Blues - Remastered,['Sylvester Weaver'],0,183995,1923-01-12,0.352,0.404
7LY41VFkSBbpl1AIlJfkIn,Chapter 3.18 - Król Maciuś na wyspie bezludnej,['Janusz Korczak'],0,128700,1923-12-27,0.692,0.235
7bSx4S4WbqfeCAE4VuRZgE,Chapter 5.18 - Król Maciuś na wyspie bezludnej,['Janusz Korczak'],0,127500,1923-12-27,0.679,0.256
7cXBqrsP9vw9n31zBR3HFg,Sacate la Caretita - Remasterizado,['Francisco Canaro'],0,182907,1923-07-09,0.594,0.231
7dkz2VUbSc7Q884erTp7pG,You Can't Fool a Broken Heart,['Harry Curtis'],0,134060,1923,0.724,0.323
7eKV3eq2hqgAkYaWF3voms,Big Butter And Egg Man,['Louis Armstrong & His Hot Five'],4,177093,1923,0.699,0.273
7hAm2bJxF4G9kfivoRbmLv,Chapter 10.9 - Król Maciuś Pierwszy,['Janusz Korczak'],0,140900,1923-12-27,0.724,0.188
7iCq47aJ87UIrM3GkDk1Vn,Chapter 5.9 - Król Maciuś Pierwszy,['Janusz Korczak'],0,127200,1923-12-27,0.672,0.224
7jCaDBfNx92KACxOBX7Xzd,Chapter 10.8 - Król Maciuś Pierwszy,['Janusz Korczak'],0,138400,1923-12-27,0.674,0.202
7jEdeQCqzLjeef9TTrVhuC,Chapter 7.9 - Król Maciuś na wyspie bezludnej,['Janusz Korczak'],0,135700,1923-12-27,0.716,0.22
7jhpcDHC4JpGOjePJuNCVZ,Chapter 8.15 - Król Maciuś na wyspie bezludnej,['Janusz Korczak'],0,137500,1923-12-27,0.627,0.202
7l72R03INDI8jqLPLW2JPT,Chapter 2.20 & Chapter 3.1 - Król Maciuś na wyspie bezludnej,['Janusz Korczak'],0,130100,1923-12-27,0.708,0.251
7lRBxGjcB2DEaRklTAZrWt,Chapter 6.9 - Król Maciuś Pierwszy,['Janusz Korczak'],0,140800,1923-12-27,0.718,0.269
7li6UhaaGIR6qcrZKdj1V6,"The Four Seasons: 'Winter' in F Minor, RV 297: Allegro non Molto - Choral Version","['Qatar Concert Choir', 'Giovanni Pasini']",0,230910,1923,0.419,0.114
7mS4u6c5s45NzQnUNX6Pxd,Chapter 10.10 - Król Maciuś Pierwszy,['Janusz Korczak'],0,144300,1923-12-27,0.764,0.236
7mZGwdC77WECES7KoNUsVU,Chapter 3.16 - Król Maciuś na wyspie bezludnej,['Janusz Korczak'],0,141500,1923-12-27,0.735,0.261
7nN6DLs2bxXaPGRtAmJby1,Chapter 7.15 - Król Maciuś Pierwszy,['Janusz Korczak'],0,165200,1923-12-27,0.651,0.198
7p6ops8Qyvi8zTzXI5VHRd,Chapter 2.12 - Król Maciuś na wyspie bezludnej,['Janusz Korczak'],0,141500,1923-12-27,0.714,0.273
7sPtLYivqJulqOPROhfJBc,Chapter 9.10 - Król Maciuś Pierwszy,['Janusz Korczak'],0,141600,1923-12-27,0.712,0.283
7u1x38RO3xbu3VfVjhf5zS,Chapter 1.3 - Król Maciuś na wyspie bezludnej,['Janusz Korczak'],0,161600,1923-12-27,0.672,0.337
7uLMgGFcaP2GFyyXzcgSXj,Ma Chanson,"['Eugénie Buffet', 'René De Buxeuil']",0,186693,1923,0.515,0.219
7uPkM11OznU10CTz9FoBXB,Chapter 8.2 - Król Maciuś Pierwszy,['Janusz Korczak'],0,132900,1923-12-27,0.723,0.161
7xHvQztpZzhaR9JRaeXDhM,Si Tu Vois Ma Tante,['Dréan'],0,170040,1923,0.646,0.345
7xWehSCes7wq3c1OJDFvO0,Chapter 1.1 - Król Maciuś Pierwszy,['Janusz Korczak'],0,137500,1923-12-27,0.629,0.251
7yTcMVFLAzx78FslKS1yp6,Chapter 5.8 - Król Maciuś na wyspie bezludnej,['Janusz Korczak'],0,145600,1923-12-27,0.74,0.211
00ZoQFjisje8cmTJKpO3uQ,Tristeza Criolla - Remasterizado,['Ignacio Corsini'],0,156293,1924-03-29,0.291,0.153
00dYkxYZB1sChcRL6aUK85,A Lo Lejos - Remasterizado,['Ignacio Corsini'],0,132787,1924-03-29,0.439,0.158
00jK3BvNcO3lf2TdxHwo9d,Fantasio - Remasterizado,['Francisco Canaro'],0,170533,1924-07-11,0.589,0.254
02WbIQyPoMXCXhWtf0pC04,Chapter 98 - The Unlit Lamp,"['Radclyffe Hall', 'Alice White', 'Synthesized Voice']",0,182961,1924,0.626,0.296
02rbDb4u9OA3pJgS7F4CLx,Chapter 146 - The Unlit Lamp,"['Radclyffe Hall', 'Alice White', 'Synthesized Voice']",0,182416,1924,0.634,0.332
034zwGmp0DhV77IyOZE0Y8,Sundown Blues - Remastered,['Daddy Stovepipe'],0,190148,1924-01-12,0.457,0.335
03hqTF8lJywYH9RFCEyJMk,Chapter 173 - The Unlit Lamp,"['Radclyffe Hall', 'Alice White', 'Synthesized Voice']",0,183623,1924,0.749,0.298
06GtF3borSXnkXfCyeUUmX,El Vazquito - Remasterizado,['Francisco Canaro'],0,176880,1924-07-12,0.686,0.235
06JcOHxs3UZbdTIGaP4ieA,A Sun-Kist Cottage In California,['George Olsen'],0,134360,1924-01-01,0.396,0.28
075JwQ5neeBd0zA5I9rswO,Chapter 32 - The Unlit Lamp,"['Radclyffe Hall', 'Alice White', 'Synthesized Voice']",0,181904,1924,0.717,0.289
07fHw4lnhxK6FYE283Vnia,Chapter 109 - The Unlit Lamp,"['Radclyffe Hall', 'Alice White', 'Synthesized Voice']",0,182010,1924,0.61,0.28
08SpaYq4TuWsuqHoxJg3xM,Ki Ki - Remasterizado,['Francisco Canaro'],0,177693,1924-07-11,0.524,0.532
09MlY8XZXec36c8z27raVd,Sentimental Journey,"['The Chenille Sisters', ""James Dapogny's Chicago Jazz Band""]",2,355440,1924,0.581,0.132
09R9x6S4eb0mPNplZqmO2L,Chapter 122 - The Unlit Lamp,"['Radclyffe Hall', 'Alice White', 'Synthesized Voice']",0,182823,1924,0.695,0.309
0BWjkLpY5E5DWWbwtsZtEG,La Cabeza del Italiano - Remasterizado,['Francisco Canaro'],0,199667,1924-07-11,0.601,0.177
0BwWRFJdcWmQmhV07mzjS5,Chapter 87 - The Unlit Lamp,"['Radclyffe Hall', 'Alice White', 'Synthesized Voice']",0,187200,1924,0.728,0.301
0DXeuoAUgY4kkFuC3AvhmE,Pelco y Trama,['Jailess'],0,150909,1924-08-31,0.755,0.65
0GJn6cusRANNfmv25i1hPZ,Una Noche en París - Remasterizado,['Francisco Canaro'],0,170667,1924-07-12,0.682,0.3
0GVfm14q2ESYGTf3ukH0Pi,Sobre el Pucho - Remasterizado,['Francisco Canaro'],0,167040,1924-07-11,0.605,0.154
0GXSIHwSyddrKNddSMNABj,Olga - Remasterizado,['Ignacio Corsini'],0,134840,1924-03-29,0.332,0.278
0JisTodwlw4iokUY4zEfMb,Low Gravy,"['The Chenille Sisters', ""James Dapogny's Chicago Jazz Band""]",2,133200,1924,0.712,0.312
0LjGXFvJVeXOTB927SqUFU,Chapter 100 - The Unlit Lamp,"['Radclyffe Hall', 'Alice White', 'Synthesized Voice']",0,182264,1924,0.614,0.269
0MwlP57d8XIok4abYry0Px,Chapter 13 - The Unlit Lamp,"['Radclyffe Hall', 'Alice White', 'Synthesized Voice']",0,182300,1924,0.702,0.326
0OJgo5mwk8SirgbF8Ht4lA,Juan de los Santos Arena - Remasterizado,['Ignacio Corsini'],0,144253,1924-03-29,0.408,0.198
0P50B0DOwk4Y7k3ERvlq5b,Día de Lluvia - Remasterizado,['Francisco Canaro'],0,154653,1924-07-11,0.463,0.24
0PNSPpLZTRhDxcgFTearJF,Chapter 152 - The Unlit Lamp,"['Radclyffe Hall', 'Alice White', 'Synthesized Voice']",0,182810,1924,0.71,0.299
0Q9nEdagEcScLx17Z7iIsS,Chapter 31 - The Unlit Lamp,"['Radclyffe Hall', 'Alice White', 'Synthesized Voice']",0,188517,1924,0.695,0.315
0V29uZ25OVqdQeB7uOeUv3,La Sulamita - Remasterizado,['Francisco Canaro'],0,188147,1924-07-11,0.425,0.652
0VDUGss73J6wCzpvq6czO5,Chapter 74 - The Unlit Lamp,"['Radclyffe Hall', 'Alice White', 'Synthesized Voice']",0,183136,1924,0.756,0.302
0WO1ABrklp3OkRH1uYhWqr,Chapter 19 - The Unlit Lamp,"['Radclyffe Hall', 'Alice White', 'Synthesized Voice']",0,184714,1924,0.646,0.275
0XxNSOBdA2uQSwXMthVPfO,Francesita - Remasterizado,['Francisco Canaro'],0,151000,1924-07-11,0.371,0.429
0cqYzfCNsc3ESTkEsE45Ns,Les grains de beauté,['Adolphe Bérard'],0,195200,1924,0.464,0.277
0dFIPCkgtDTapTIN3PgQON,Black and Tan Fantasy,['Duke Ellington & His Washingtonians'],0,203427,1924,0.43,0.181
0fSiph081hxiAPQ95Ra786,I Want To Be Happy,"['The Chenille Sisters', ""James Dapogny's Chicago Jazz Band""]",0,176533,1924,0.687,0.557
0ffe3xtnnDpGxRE3lHIwhD,Jump For Joy,['Hot Lips Page'],0,200067,1924,0.626,0.452
0g1SxfmgprLJXsBQ40pIYM,Rhapsody in Blue (for piano 4 hands),['Dombrova Piano Duo'],0,1031014,1924,0.372,0.0909
0gC09jX2UFyqLRLERGv92S,Chapter 23 - The Unlit Lamp,"['Radclyffe Hall', 'Alice White', 'Synthesized Voice']",0,185133,1924,0.703,0.285
0hTc9930vMObsVWdC8lOo6,Chapter 210 - The Unlit Lamp,"['Radclyffe Hall', 'Alice White', 'Synthesized Voice']",0,182300,1924,0.706,0.307
0habaFvLjblyuJHUXOP1bu,Sin Consuelo - Remasterizado,['Francisco Canaro'],0,176520,1924-07-12,0.508,0.491
0igi49jwstBKYBLHKXlMB1,Barrel House Blues,['Ed Andrews'],0,168856,1924-01-12,0.475,0.291
0jevjABCJ7yA139ejmBjZY,J'aime pas ca,['Georges Milton'],0,154893,1924,0.723,0.316
0kE9s9R2qBhjAMBeZZkTvG,Chapter 55 - The Unlit Lamp,"['Radclyffe Hall', 'Alice White', 'Synthesized Voice']",0,182695,1924,0.662,0.295
0ldBKPrhPqoqJcfwpQ4X0x,Wild Women Don't Have the Blues,['Sara Gee & Ramblin Matt'],0,283389,1924,0.59,0.138
0mvVIlqmAJnk4S1zWz8Pye,(What Did I Do to Be So) Black and Blue,['Louis Armstrong'],1,187400,1924,0.657,0.176
0n7x2GCT6dJFlF5itpNEcv,Chapter 134 - The Unlit Lamp,"['Radclyffe Hall', 'Alice White', 'Synthesized Voice']",0,182730,1924,0.62,0.328
0oBftCwkss2MDilOow56oy,Oh París - Remasterizado,['Francisco Canaro'],0,162827,1924-07-12,0.588,0.316
0oQcloeogHlxp6cXu2ZYcJ,Chapter 22 - The Unlit Lamp,"['Radclyffe Hall', 'Alice White', 'Synthesized Voice']",0,182066,1924,0.611,0.311
0odJX7Vaz6vyRdF7foaS19,El Flechazo - Remasterizado,['Francisco Canaro'],0,164533,1924-07-11,0.634,0.438
0quxXH6y1QyeYbjjVOMUFl,Chapter 208 - The Unlit Lamp,"['Radclyffe Hall', 'Alice White', 'Synthesized Voice']",0,181290,1924,0.687,0.29
0rqi7VoGG3xg2Y6HWSCN5s,Chapter 84 - The Unlit Lamp,"['Radclyffe Hall', 'Alice White', 'Synthesized Voice']",0,189150,1924,0.711,0.289
0sfPuqQFRqddMCwyntbyjC,Avec bidasse,['Johann Sebastian Bach'],0,170973,1924,0.656,0.238
0u2QMHIKMviLxV4afomuiP,Gemi Kalkar Sular Aka,['Bayan Sultan'],0,166699,1924-12-18,0.382,0.222
0zYxScpizOj2XkB9jU9LxQ,Sentimiento Gaucho - Remasterizado,['Francisco Canaro'],0,173467,1924-07-12,0.533,0.219
12voSZbHYcgf5F1UIdBoYE,Gato,['Iván Rolón'],0,148021,1924,0.187,0.127
15SUltrayJlHNaoEVI1NgM,Rum and Coca Cola,"['The Chenille Sisters', ""James Dapogny's Chicago Jazz Band""]",1,180667,1924,0.657,0.455
18OWcGarr66PybHGAF9nhr,Bye Bye Blues,"['The Chenille Sisters', ""James Dapogny's Chicago Jazz Band""]",0,313707,1924,0.647,0.587
1AnWsrmF3or0kUIASWQxfP,Pato Alegre - Remasterizado,['Francisco Canaro'],0,164320,1924-07-12,0.369,0.506
1BuCyo7vbcjMbIluJyxlEQ,It Had To Be You,['Marie Earth Heart'],0,124465,1924,0.406,0.37
1DMuD0CaT8fJxx5pIbRJzP,Pero Hay Una Melena - Remasterizado,['Francisco Canaro'],0,172333,1924-07-12,0.628,0.403
1EO65UEEPfy7CR0NK2sDxy,Ils n'ont pas ca,['Mistinguett'],0,161933,1924,0.676,0.467
1IwWFWpxxjbnYjI7enSbJD,Nancy,['George Olsen'],0,190707,1924-01-01,0.666,0.329
1J6J5XMVfZIGh3VlIyNNNR,Chapter 157 - The Unlit Lamp,"['Radclyffe Hall', 'Alice White', 'Synthesized Voice']",0,187733,1924,0.628,0.321
1JKGMzesB5AMCp9Yuqbcjj,I Got Rhythm,['Lionel Hampton Orchestra'],0,500787,1924,0.589,0.895
1M4n1lkTiH1o6K2RKVuopE,Galletita - Remasterizado,['Ignacio Corsini'],0,162507,1924-03-29,0.559,0.138
1Q1Gq6pPis0PF0DM8KYjKO,Chapter 67 - The Unlit Lamp,"['Radclyffe Hall', 'Alice White', 'Synthesized Voice']",0,183089,1924,0.625,0.289
1QHSohVNSbe4wd9mxSfyY0,Chapter 198 - The Unlit Lamp,"['Radclyffe Hall', 'Alice White', 'Synthesized Voice']",0,181301,1924,0.694,0.349
1QeEdPa3xSu8Vejf8YBMXx,Puentecito - Remasterizado,['Francisco Canaro'],0,152387,1924-07-12,0.585,0.306
1T6INvIS1byqBQoeY2iL91,Chapter 6 - The Unlit Lamp,"['Radclyffe Hall', 'Alice White', 'Synthesized Voice']",0,182984,1924,0.708,0.276
1VEYei8QDYTY8LRnHbWNop,Chapter 101 - The Unlit Lamp,"['Radclyffe Hall', 'Alice White', 'Synthesized Voice']",0,186866,1924,0.674,0.306
1Wa0hdSbicX9gehPufTzr3,Elle a perdu son pantalon,['Fred Gouin'],0,162293,1924,0.737,0.267
1ZDkP0UVTnyZdXw42ORUPf,Chapter 56 - The Unlit Lamp,"['Radclyffe Hall', 'Alice White', 'Synthesized Voice']",0,184471,1924,0.652,0.346
1agQgiViJVJrONfuBVGck6,Passons la monnaie,['Georgius'],0,197640,1924,0.553,0.374
1bL2rj0LabQ3uh0g1EqcgS,Jug Band Blues - Remastered,['Sara Martin & Her Jug Band'],0,173929,1924-01-12,0.507,0.292
1bpb5MLji9mbUPqRltTtIk,L'âme des roses,['René De Buxeuil'],0,194760,1924,0.318,0.315
1dk1ilqdHCLXwAcqPsnMwM,La Madrecita - Remasterizado,['Francisco Canaro'],0,148173,1924-07-11,0.374,0.458
1dxQ9woGE6ErHP4eoct4b8,J'ai eu tort,['Dranem'],0,167560,1924,0.629,0.262
1gLrUZ96jGHMDwQIdqeM6g,Chapter 62 - The Unlit Lamp,"['Radclyffe Hall', 'Alice White', 'Synthesized Voice']",0,181697,1924,0.618,0.326
1gxCV37YTTaWCPACNYdImn,Juventud - Remasterizado,['Francisco Canaro'],0,176747,1924-07-11,0.494,0.232
1hJ4uO5Qwpt6gSqW776CCt,Chapter 2 - The Unlit Lamp,"['Radclyffe Hall', 'Alice White', 'Synthesized Voice']",0,185633,1924,0.628,0.334
1hTEyfuMYO88JjvSJEarcr,The Slave of Love,['George Olsen'],0,168027,1924-01-01,0.334,0.382
1iYULfwDSwsh4eQUkdSx3D,"Up and Down, Up and Down (I Will Lead Them Up and Down) [Puck]",['Duke Ellington'],0,180427,1924,0.602,0.333
1ihxCiI7dkFX4s0Y1fycxx,Chapter 200 - The Unlit Lamp,"['Radclyffe Hall', 'Alice White', 'Synthesized Voice']",0,185086,1924,0.722,0.281
1n9sPXb7suffm3peyjtWnf,Chapter 141 - The Unlit Lamp,"['Radclyffe Hall', 'Alice White', 'Synthesized Voice']",0,186723,1924,0.716,0.32
1nS72qyMPIOcQGyxxglsNJ,Solita - Remasterizado,['Francisco Canaro'],0,167120,1924-07-12,0.725,0.284
1oPGdfmHHEKUOQWKdqtqBN,Mameluke - Remasterizado,['Francisco Canaro'],0,171600,1924-07-12,0.653,0.251
1p6moJMYdQBIohT6LzFFtO,Cotillón - Remasterizado,['Francisco Canaro'],0,172160,1924-07-11,0.225,0.432
1pdrfG6mHyl3YtCA06QazB,Chapter 28 - The Unlit Lamp,"['Radclyffe Hall', 'Alice White', 'Synthesized Voice']",0,184343,1924,0.681,0.344
1sUND2GO2WxiFYlc69eKyH,Chapter 202 - The Unlit Lamp,"['Radclyffe Hall', 'Alice White', 'Synthesized Voice']",0,181670,1924,0.715,0.306
1spxOSeCG8DUa5pwK6EPvZ,How High the Moon,['Lionel Hampton Orchestra'],0,326093,1924,0.339,0.623
1tVeausocI8kRJXlAm3kGP,Ca vient ou ca n'vient pas,['Maurice Chevalier'],0,148760,1924,0.697,0.256
1tfzJhyucl1EZHAjiRbN3c,Chapter 189 - The Unlit Lamp,"['Radclyffe Hall', 'Alice White', 'Synthesized Voice']",0,184450,1924,0.706,0.322
1uyUvOCTgWNn1cnQBclT5B,El Borracho - Remasterizado,['Francisco Canaro'],0,188400,1924-07-12,0.3,0.369
1vDMS4dZIxaquD0RkUkuu6,Chapter 182 - The Unlit Lamp,"['Radclyffe Hall', 'Alice White', 'Synthesized Voice']",0,187018,1924,0.673,0.353
1vyWKqg4E54w3woxOqIduz,Work House Blues,['Bessie Smith'],0,193960,1924,0.414,0.213
1wMeF8Q2okbWzHF7TQlsPh,Chapter 105 - The Unlit Lamp,"['Radclyffe Hall', 'Alice White', 'Synthesized Voice']",0,182483,1924,0.634,0.312
1zPZ6UI2IFvyw399Wqwuhk,Save Your Sorrow For Tomorrow,['George Olsen'],0,180533,1924-01-01,0.438,0.338
1zsq8owQ8KZ1yv7r0EZn3J,Les ananas,['Maurice Chevalier'],0,159307,1924,0.619,0.302
22Zf2FtRJhCKdnCoshU53T,Padre Nuestro - Remasterizado,['Francisco Canaro'],0,191147,1924-07-11,0.487,0.0849
23UbTSGD2FDCWVSAN3DReI,Chapter 5 - The Unlit Lamp,"['Radclyffe Hall', 'Alice White', 'Synthesized Voice']",0,182744,1924,0.637,0.309
23Wl0mfhHCa0wgGKP0lvfv,Melodía de Amor - Remasterizado,['Francisco Canaro'],0,174640,1924-07-12,0.389,0.372
23xeY0EI4ZklNr7sm9hUvU,Arrepentida - Remasterizado,['Francisco Canaro'],0,186600,1924-07-12,0.393,0.388
28LaB9VlNsiAapYYEd7556,Chapter 41 - The Unlit Lamp,"['Radclyffe Hall', 'Alice White', 'Synthesized Voice']",0,182899,1924,0.689,0.279
29qeRLMn8dC8namrmZzvpv,Recuerdo de París - Remasterizado,['Francisco Canaro'],0,189133,1924-07-12,0.432,0.257
2DKUToJPF0iTdclndQDgOX,Chapter 119 - The Unlit Lamp,"['Radclyffe Hall', 'Alice White', 'Synthesized Voice']",0,182649,1924,0.674,0.32
2EHCmcIdGcn282tF7hkt0P,La Garconiere - Remasterizado,['Francisco Canaro'],0,165213,1924-07-11,0.467,0.36
2FcDRcHSSqtYjFnD5FUJOP,Arabian Smiles - Remasterizado,['Francisco Canaro'],0,188347,1924-07-11,0.397,0.334
2FtecGcutjXVGvmSeet57x,Chapter 8 - The Unlit Lamp,"['Radclyffe Hall', 'Alice White', 'Synthesized Voice']",0,182979,1924,0.713,0.3
2GHl6CERCs5u5Lx3lLUXTA,Chapter 3 - The Unlit Lamp,"['Radclyffe Hall', 'Alice White', 'Synthesized Voice']",0,183948,1924,0.626,0.286
2HnE9jRCYX8LHAvTItVSqm,Chapter 168 - The Unlit Lamp,"['Radclyffe Hall', 'Alice White', 'Synthesized Voice']",0,182613,1924,0.704,0.315
2JyKwljqsuRIrqHOQscLUd,Pobre Madrecita - Remasterizado,['Francisco Canaro'],0,170067,1924-07-11,0.53,0.297
2KQsH0OusGdovvY5XGvYoO,La Virgen de Estambul - Remasterizado,['Francisco Canaro'],0,166667,1924-07-11,0.355,0.299
2LIwTk58Eb6g6Q6Rw4ekXD,Nobody Knows What a Red-Head Mama Can Do,['George Olsen'],0,179240,1924-01-01,0.585,0.362
2M6VDjIyknJqeZpyt0owZw,My Papa Doesn't Two-Time No Time,['George Olsen'],0,164093,1924-01-01,0.794,0.327
2MMk54eTSfk5dEANFmTYBm,Chapter 92 - The Unlit Lamp,"['Radclyffe Hall', 'Alice White', 'Synthesized Voice']",0,183566,1924,0.628,0.298
2N8Mpn8yfFdYaKGkqRGlsc,Chapter 205 - The Unlit Lamp,"['Radclyffe Hall', 'Alice White', 'Synthesized Voice']",0,183123,1924,0.714,0.291
2ND1IMai81UeRbTrxsgcB5,Chapter 108 - The Unlit Lamp,"['Radclyffe Hall', 'Alice White', 'Synthesized Voice']",0,182899,1924,0.623,0.348
2OLa8nCz9Nn64wQbzg8tar,Blue Devil Blues - Remastered,['Sara Martin & Her Jug Band'],0,153234,1924-01-12,0.464,0.411
2OwfoqrKiNEP1jfKbOzXRQ,Chapter 132 - The Unlit Lamp,"['Radclyffe Hall', 'Alice White', 'Synthesized Voice']",0,183089,1924,0.638,0.308
2RjoCbEhDrl1QJZNV8WcAn,Chapter 58 - The Unlit Lamp,"['Radclyffe Hall', 'Alice White', 'Synthesized Voice']",0,183258,1924,0.706,0.351
2SCAklEyF0ArIoCq9HotPy,You'll Never Get to Heaven with Those Eyes,['George Olsen'],0,185853,1924-01-01,0.689,0.319
2WDGzPL4w6MYUoC7MLBcdC,Huella,['Iván Rolón'],0,196051,1924,0.384,0.035
2WTtJDfCUjAyCZHRSfCLDn,La Mina del Ford - Remasterizado,['Ignacio Corsini'],1,133947,1924-03-29,0.0,0.0258
2XIFockStn76X2Vt878GPq,Nagasaki,"['The Chenille Sisters', ""James Dapogny's Chicago Jazz Band""]",1,196560,1924,0.65,0.599
2aSxUV9mDSTbpQQrkm7xE0,Chapter 166 - The Unlit Lamp,"['Radclyffe Hall', 'Alice White', 'Synthesized Voice']",0,183275,1924,0.682,0.321
2cOE5LUG1FViS4yX3C8YUD,Mi Rosal Ha Florecido - Remasterizado,['Ignacio Corsini'],0,186240,1924-03-29,0.443,0.0558
2fKomnNDpVH4vvKPVnCq5f,Wine Song,['Lionel Hampton Orchestra'],0,158853,1924,0.613,0.578
2fcO90VpElFhu62aq0KWpO,Chapter 123 - The Unlit Lamp,"['Radclyffe Hall', 'Alice White', 'Synthesized Voice']",0,183901,1924,0.631,0.325
2fzm8k973cmkJh1HBsgOu2,Porque - Remasterizado,['Francisco Canaro'],0,175893,1924-07-12,0.738,0.285
2gLGKPi8uCfRGV2Kkv2YJJ,Down Hearted Blues,['Jimmy Rushing And His Orchestra'],0,207333,1924,0.59,0.37
2hBNaMVFeZ68GPOCXKw8G3,Yo Tuve un Amorcito - Remasterizado,['Francisco Canaro'],0,171827,1924-07-12,0.451,0.599
2i8i3iw1RnQ43WdhvdNEDj,Chapter 161 - The Unlit Lamp,"['Radclyffe Hall', 'Alice White', 'Synthesized Voice']",0,182312,1924,0.709,0.283
2mYyH216FlPzP4rFQAuIxo,Marea Baja - Remasterizado,['Francisco Canaro'],0,172987,1924-07-11,0.689,0.245
2md6LUBLlJHj6736DruRNf,Chapter 213 - The Unlit Lamp,"['Radclyffe Hall', 'Alice White', 'Synthesized Voice']",0,191078,1924,0.618,0.315
2naJMgU6V31lurzS2CaFPo,Chapter 52 - The Unlit Lamp,"['Radclyffe Hall', 'Alice White', 'Synthesized Voice']",0,183960,1924,0.72,0.304
2qs3EQifFTq9TWcEzdqHwD,Chapter 126 - The Unlit Lamp,"['Radclyffe Hall', 'Alice White', 'Synthesized Voice']",0,183171,1924,0.701,0.328
2roHcpDwfhtxZFrZHxn3hh,Chapter 124 - The Unlit Lamp,"['Radclyffe Hall', 'Alice White', 'Synthesized Voice']",0,182788,1924,0.7,0.296
2v1xGuEPv8AtXzNSxDeCyV,No me Digas Que la Quiero - Remasterizado,['Francisco Canaro'],0,170533,1924-07-12,0.64,0.311
2vO7roxQMWKbOuIAoIlAON,Chapter 53 - The Unlit Lamp,"['Radclyffe Hall', 'Alice White', 'Synthesized Voice']",0,185568,1924,0.633,0.321
2vauyBa7M0MxieYLAyXBWQ,Chapter 104 - The Unlit Lamp,"['Radclyffe Hall', 'Alice White', 'Synthesized Voice']",0,185120,1924,0.668,0.285
2voWjV5crPLQThiBQhy1kq,Chapter 12 - The Unlit Lamp,"['Radclyffe Hall', 'Alice White', 'Synthesized Voice']",0,183461,1924,0.711,0.297
2xDnVQfki042lphxbxDylR,Sobin Blue - Remasterizado,['Francisco Canaro'],0,204053,1924-07-11,0.424,0.309
2xK2jdLgjizVgc7pt3xjm1,El Serrucho - Remasterizado,['Francisco Canaro'],0,173693,1924-07-11,0.576,0.487
2xY6aTzgJS9nI9kcG3F2bh,El Beso de la Muerte - Remasterizado,['Ignacio Corsini'],0,159200,1924-03-29,0.494,0.111
2zF1YfMxi5lvcDTjBYxoUg,Chapter 179 - The Unlit Lamp,"['Radclyffe Hall', 'Alice White', 'Synthesized Voice']",0,184203,1924,0.646,0.282
2zN2fBED0Gczs9gL0iUlUo,Chapter 69 - The Unlit Lamp,"['Radclyffe Hall', 'Alice White', 'Synthesized Voice']",0,184377,1924,0.695,0.338
2zo3hjplWh6Fms4y7it3UB,Chapter 188 - The Unlit Lamp,"['Radclyffe Hall', 'Alice White', 'Synthesized Voice']",0,184924,1924,0.628,0.307
30JHWOyo2V4pvQu7Kttmk8,Sueño Indio - Remasterizado,['Francisco Canaro'],0,168373,1924-07-12,0.209,0.52
313DBGUR4idD5o4gFM9TIl,Chapter 171 - The Unlit Lamp,"['Radclyffe Hall', 'Alice White', 'Synthesized Voice']",0,182393,1924,0.665,0.312
31mfc5lwsASjh3fXAn5VCJ,Ahí Va el Dulce - Remasterizado,['Francisco Canaro'],0,172707,1924-07-11,0.436,0.492
3263LjuRke9esbjMNDw98Q,Chapter 117 - The Unlit Lamp,"['Radclyffe Hall', 'Alice White', 'Synthesized Voice']",0,185829,1924,0.709,0.328
3448DAwd0vw3XJy8ZJPrqE,Chapter 147 - The Unlit Lamp,"['Radclyffe Hall', 'Alice White', 'Synthesized Voice']",0,181150,1924,0.711,0.303
36Cxe9CIlO1pcc7kPpm9nX,Goody-Goody,"['The Chenille Sisters', ""James Dapogny's Chicago Jazz Band""]",0,199533,1924,0.658,0.398
39hHy2RE5bbkjweHBOwyi7,Mr. John,['Lionel Hampton Orchestra'],0,449480,1924,0.478,0.601
3A4KeGhXlHPpSWYIFyxYZk,Melodía de Amor - Remasterizado,['Francisco Canaro'],0,148120,1924-07-11,0.315,0.278
3B3OlGSUjrrjBAzR8Ob5dN,Chapter 167 - The Unlit Lamp,"['Radclyffe Hall', 'Alice White', 'Synthesized Voice']",0,182161,1924,0.663,0.281
3CbLwi1sL1h4C1uOVLERLX,La Mora - Remasterizado,['Francisco Canaro'],0,170800,1924-07-12,0.37,0.4
3D5mjvipxQjqu77yQxdBrY,Chapter 137 - The Unlit Lamp,"['Radclyffe Hall', 'Alice White', 'Synthesized Voice']",0,181998,1924,0.631,0.318
3DhJxfTPZmc1W190Xv9AtQ,Chapter 150 - The Unlit Lamp,"['Radclyffe Hall', 'Alice White', 'Synthesized Voice']",0,190315,1924,0.697,0.291
3I2PT0BntsOZFuH1CCpQqc,Chapter 70 - The Unlit Lamp,"['Radclyffe Hall', 'Alice White', 'Synthesized Voice']",0,184401,1924,0.706,0.285
3OaUg28VLW9wXS0ArWwrtO,Chapter 38 - The Unlit Lamp,"['Radclyffe Hall', 'Alice White', 'Synthesized Voice']",0,185794,1924,0.713,0.306
3Ol8iOKpMvQSUuNFb8TDpJ,Chapter 207 - The Unlit Lamp,"['Radclyffe Hall', 'Alice White', 'Synthesized Voice']",0,183543,1924,0.659,0.284
3PVLFMxbSZMgzepT2O3zvE,Elle s'etait fait couper les cheveux,['Dréan'],1,153973,1924,0.666,0.272
3QN3gzyZi030T65CSuD1ps,Chapter 47 - The Unlit Lamp,"['Radclyffe Hall', 'Alice White', 'Synthesized Voice']",0,183891,1924,0.729,0.289
3QSTvrvQofRpVYhgepSEN9,Chapter 107 - The Unlit Lamp,"['Radclyffe Hall', 'Alice White', 'Synthesized Voice']",0,181139,1924,0.754,0.302
3SHSu0uezPLNi4Ja95UPMu,Chapter 174 - The Unlit Lamp,"['Radclyffe Hall', 'Alice White', 'Synthesized Voice']",0,181952,1924,0.716,0.275
3T8yr5lt6QxomDUG9CIkrt,Nebe Aye Shyama Nebe Aye,['Bijoylal Mukherjee'],0,177348,1924-12-31,0.301,0.312
3TkH1IGF0u8eOGuROZFYeF,Chapter 17 - The Unlit Lamp,"['Radclyffe Hall', 'Alice White', 'Synthesized Voice']",0,181872,1924,0.717,0.296
3UpYpPXInxPIK2KG0vtdpO,Chapter 121 - The Unlit Lamp,"['Radclyffe Hall', 'Alice White', 'Synthesized Voice']",0,188198,1924,0.631,0.314
3W8SR4j4XfaSrRoJou1EYA,Asi me Dejas - Remasterizado,['Francisco Canaro'],0,169253,1924-07-12,0.386,0.518
3Xk64EemuaZrozMqA96ESs,Chapter 142 - The Unlit Lamp,"['Radclyffe Hall', 'Alice White', 'Synthesized Voice']",0,185860,1924,0.626,0.317
3XoBkv4r3BKKdWqa2bUJoO,Chapter 95 - The Unlit Lamp,"['Radclyffe Hall', 'Alice White', 'Synthesized Voice']",0,183542,1924,0.708,0.316
3a1oQMnNoqob4NOSmTAsvr,Biminy,['George Olsen'],0,182773,1924-01-01,0.434,0.322
3dlYc2bWBp3AIPBaYzvqL8,The Holy Babe,['Mahalia Jackson'],0,161373,1924,0.531,0.383
3ewq4kuN9qKIynyhf14OHB,Chapter 59 - The Unlit Lamp,"['Radclyffe Hall', 'Alice White', 'Synthesized Voice']",0,185666,1924,0.71,0.321
3hb6i5cvAPqAtxjR0tISwN,Chapter 176 - The Unlit Lamp,"['Radclyffe Hall', 'Alice White', 'Synthesized Voice']",0,183217,1924,0.685,0.328
3hnWzirtxXGoNp40x0WbAo,Yo Busco a Mi Pebeta - Remasterizado,['Francisco Canaro'],0,153613,1924-07-12,0.825,0.251
3k0JUV42pr3lm1MiXtN0sp,Dites moi m'sieur chevalier,['Maurice Chevalier'],0,159440,1924,0.787,0.381
3k7kqHlT7z3HAe8BVrk0Zd,China - Remasterizado,['Francisco Canaro'],0,153240,1924-07-11,0.674,0.318
3kn5lVbymXdZdPBYsavhvp,Chapter 203 - The Unlit Lamp,"['Radclyffe Hall', 'Alice White', 'Synthesized Voice']",0,187385,1924,0.635,0.297
3lToy7oVouc833ZPrXPGO0,Potato Head Blues,['Louis Armstrong & His Hot Seven'],0,175200,1924,0.589,0.301
3nlVTolWp7yDpJLCsJJWge,Chapter 75 - The Unlit Lamp,"['Radclyffe Hall', 'Alice White', 'Synthesized Voice']",0,183891,1924,0.715,0.304
3o1IklgDSixPxUK9NLBCBw,Chapter 73 - The Unlit Lamp,"['Radclyffe Hall', 'Alice White', 'Synthesized Voice']",0,185401,1924,0.621,0.329
3p8KESnrkbJJiZEuVuSyUf,Chapter 209 - The Unlit Lamp,"['Radclyffe Hall', 'Alice White', 'Synthesized Voice']",0,181417,1924,0.719,0.329
3pUNdLWij2q6gzYNOGZji7,Chapter 42 - The Unlit Lamp,"['Radclyffe Hall', 'Alice White', 'Synthesized Voice']",0,183234,1924,0.746,0.274
3pfh479X2kg7sNFLZmscWE,Torcacita - Remasterizado,['Ignacio Corsini'],0,141733,1924-03-29,0.523,0.189
3rc1VCHgNmNJyX7XjKOX7n,Chapter 120 - The Unlit Lamp,"['Radclyffe Hall', 'Alice White', 'Synthesized Voice']",0,191054,1924,0.672,0.315
3sRZN0JyaVNLH33y7n1ioN,Flying Home,['Lionel Hampton Orchestra'],0,644027,1924,0.387,0.715
3sbfuimKK5fbZP2fE9sm9k,Chapter 1.1 - O Janku wędrowniczku,['Maria Konopnicka'],0,129100,1924-12-27,0.672,0.218
3vNSAfq1Kpl8iKkb47oMJQ,Muchachita Loca - Remasterizado,['Francisco Canaro'],0,172493,1924-07-11,0.456,0.325
3weXrCuH0BVpfGaonKxZ3c,Bob White,"['The Chenille Sisters', ""James Dapogny's Chicago Jazz Band""]",0,206693,1924,0.654,0.326
3yADk2xlgtlnBkkPrReGUz,Chapter 61 - The Unlit Lamp,"['Radclyffe Hall', 'Alice White', 'Synthesized Voice']",0,196129,1924,0.718,0.321
4032XvgTVNxaPuarGGxWLa,Chapter 103 - The Unlit Lamp,"['Radclyffe Hall', 'Alice White', 'Synthesized Voice']",0,191077,1924,0.685,0.305
407F5Zq6eKb6z3usACOU59,Chapter 162 - The Unlit Lamp,"['Radclyffe Hall', 'Alice White', 'Synthesized Voice']",0,183588,1924,0.615,0.257
40TKTElwkMqQeHAifWtXvw,Chapter 156 - The Unlit Lamp,"['Radclyffe Hall', 'Alice White', 'Synthesized Voice']",0,185435,1924,0.746,0.314
42lpGrTTAZEqooPCnyWUM9,Chapter 90 - The Unlit Lamp,"['Radclyffe Hall', 'Alice White', 'Synthesized Voice']",0,183110,1924,0.628,0.331
43gfXUPQcBGWwc2AHXIHlc,Chapter 180 - The Unlit Lamp,"['Radclyffe Hall', 'Alice White', 'Synthesized Voice']",0,188737,1924,0.731,0.307
45mIJt9TnlI6lbpNKkRViB,Chapter 99 - The Unlit Lamp,"['Radclyffe Hall', 'Alice White', 'Synthesized Voice']",0,181325,1924,0.608,0.313
46I2GKZAgZPBEPud1gzMlS,Toodles - My Baby's Baby Blue Eyes,['George Olsen'],0,126307,1924-01-01,0.801,0.398
46VoG8v7mJStzIkyJw4hJD,Pour un homme,['Mlle Davia'],0,176240,1924,0.409,0.274
46X1ehjrbPmwFnnUwWGBFD,Chapter 155 - The Unlit Lamp,"['Radclyffe Hall', 'Alice White', 'Synthesized Voice']",0,182707,1924,0.699,0.313
46fEL98G9SIvOfZ5YdeaI6,Chapter 96 - The Unlit Lamp,"['Radclyffe Hall', 'Alice White', 'Synthesized Voice']",0,187689,1924,0.673,0.304
4A3MqaBx2PQjLELHDotUTX,Chapter 45 - The Unlit Lamp,"['Radclyffe Hall', 'Alice White', 'Synthesized Voice']",0,183426,1924,0.626,0.298
4ARuVJTLmxEoUktPmvHZeB,Chapter 24 - The Unlit Lamp,"['Radclyffe Hall', 'Alice White', 'Synthesized Voice']",0,185086,1924,0.639,0.278
4BI5x2PIP4RtYUtfRD36gZ,C'est pas grand chose,['Maurice Chevalier'],0,176067,1924,0.527,0.165
4CRqnUrUiDEi1d3jSLKgTH,Fea - Remasterizado,['Ignacio Corsini'],0,147267,1924-03-29,0.58,0.117
4Eo9mdYFPtjBeUrHlHcnlx,Little White Lies,"['The Chenille Sisters', ""James Dapogny's Chicago Jazz Band""]",0,275667,1924,0.592,0.115
4FLQowXTs4mz5JUeCvAI8r,Chapter 14 - The Unlit Lamp,"['Radclyffe Hall', 'Alice White', 'Synthesized Voice']",0,182242,1924,0.632,0.29
4GCADzGgIy4ywHIWCKkWNM,Yo Tuve un Cariño - Remasterizado,['Francisco Canaro'],0,189547,1924-07-11,0.456,0.116
4IiLZkoTkTtp1gbO0pJodt,Chapter 148 - The Unlit Lamp,"['Radclyffe Hall', 'Alice White', 'Synthesized Voice']",0,181487,1924,0.712,0.287
4JcqL56M22aCDB37MSSnH1,El Olivo - Remasterizado,['Ignacio Corsini'],0,175640,1924-03-29,0.47,0.0838
4KfsADRkvXGa1juLnQ5EAd,Chapter 97 - The Unlit Lamp,"['Radclyffe Hall', 'Alice White', 'Synthesized Voice']",0,185551,1924,0.721,0.318
4L0ek0zTuWb9dYvSy5uUIL,Sax-o-phun - A Study In Laugh and Slap Tongue,['George Olsen'],0,164507,1924-01-01,0.671,0.492
4LaLTSLgLjOZbLlfxqEC4O,Chapter 133 - The Unlit Lamp,"['Radclyffe Hall', 'Alice White', 'Synthesized Voice']",0,185086,1924,0.634,0.317
4M6dbgKVbTWOWjojlMohSx,Chapter 197 - The Unlit Lamp,"['Radclyffe Hall', 'Alice White', 'Synthesized Voice']",0,182258,1924,0.7,0.309
4M7afQD0X2BZo65NQRbT4C,Chapter 16 - The Unlit Lamp,"['Radclyffe Hall', 'Alice White', 'Synthesized Voice']",0,188769,1924,0.725,0.31
4MRKddKlMY8qaJ7NmK1W1b,Chapter 193 - The Unlit Lamp,"['Radclyffe Hall', 'Alice White', 'Synthesized Voice']",0,184460,1924,0.708,0.333
4MdUaewaXfdpHasS55qPrg,Chapter 178 - The Unlit Lamp,"['Radclyffe Hall', 'Alice White', 'Synthesized Voice']",0,182266,1924,0.71,0.276
4Me4952TKEvlgYUneQfAIi,Chapter 181 - The Unlit Lamp,"['Radclyffe Hall', 'Alice White', 'Synthesized Voice']",0,182648,1924,0.705,0.359
4N3kXRigvFadWNy6Tq7ayJ,En la Vida Hay un Corazón - Remasterizado,['Francisco Canaro'],0,169253,1924-07-12,0.375,0.319
4NqNgol74QVBvhrM3GQpNE,Chapter 50 - The Unlit Lamp,"['Radclyffe Hall', 'Alice White', 'Synthesized Voice']",0,185261,1924,0.651,0.268
4O5LTgyHx7ImAZWjk0VhAS,Chapter 159 - The Unlit Lamp,"['Radclyffe Hall', 'Alice White', 'Synthesized Voice']",0,183658,1924,0.677,0.339
4PCe4yiRiqJYa0QepU69Bg,Chapter 46 - The Unlit Lamp,"['Radclyffe Hall', 'Alice White', 'Synthesized Voice']",0,182941,1924,0.636,0.276
4TuFMDzGgPrDEmXwZbGChX,Melancolica Casita - Remasterizado,['Ignacio Corsini'],0,156160,1924-03-29,0.597,0.113
4U6AcKBTdp67QToRpDHHb9,China de Mi Amor - Remasterizado,['Francisco Canaro'],0,140547,1924-07-11,0.746,0.231
4VWHa98tUuBa0hOiTd3PJX,Chapter 91 - The Unlit Lamp,"['Radclyffe Hall', 'Alice White', 'Synthesized Voice']",0,182736,1924,0.712,0.308
4WCyVKG1IfkbA382qCnCiR,Chapter 25 - The Unlit Lamp,"['Radclyffe Hall', 'Alice White', 'Synthesized Voice']",0,183368,1924,0.715,0.305
4WdaiZK4fMflUP8ruEYH8l,Il Picolo Navio - Remasterizado,['Francisco Canaro'],0,181173,1924-07-11,0.731,0.233
4YH89e5hyfAel9AAN97rvN,Sally Lou,['George Olsen'],0,203480,1924-01-01,0.619,0.282
4YfWI7qpMf6Gf2nuJ6bfvV,Chapter 175 - The Unlit Lamp,"['Radclyffe Hall', 'Alice White', 'Synthesized Voice']",0,187210,1924,0.702,0.295
4ZdYc7SqNZdjlDVz19VTTc,Chapter 79 - The Unlit Lamp,"['Radclyffe Hall', 'Alice White', 'Synthesized Voice']",0,185783,1924,0.718,0.231
4aFvWylWdV4h8UwA2md798,Chapter 68 - The Unlit Lamp,"['Radclyffe Hall', 'Alice White', 'Synthesized Voice']",0,183205,1924,0.745,0.315
4d11yyBj4zpmn2qm9KkkGH,Chapter 27 - The Unlit Lamp,"['Radclyffe Hall', 'Alice White', 'Synthesized Voice']",0,183484,1924,0.689,0.293
4dUqfGfR1B5ZtNjaQmx7Mh,Chapter 149 - The Unlit Lamp,"['Radclyffe Hall', 'Alice White', 'Synthesized Voice']",0,185175,1924,0.612,0.344
4dcTHUdEVQ356xLBBDGU0R,Chapter 1 - The Unlit Lamp,"['Radclyffe Hall', 'Alice White', 'Synthesized Voice']",0,186577,1924,0.712,0.353
4dt5WHOYaQ8lEWqe9fxYMD,Chapter 15 - The Unlit Lamp,"['Radclyffe Hall', 'Alice White', 'Synthesized Voice']",0,181336,1924,0.685,0.325
4eNQvjOAqygtLY4i28x17x,Stompin' at the Savoy - Mix Two,['Lionel Hampton Orchestra'],0,362587,1924,0.547,0.568
4eTrXVeB8bQza6nYQuxiae,Un Metejón - Remasterizado,['Francisco Canaro'],0,136320,1924-07-12,0.457,0.287
4eUhQQ9pm7ORojM5da5I49,Chapter 80 - The Unlit Lamp,"['Radclyffe Hall', 'Alice White', 'Synthesized Voice']",0,183007,1924,0.622,0.338
4efFouyaDRKuBHlpZDQdgr,Chapter 201 - The Unlit Lamp,"['Radclyffe Hall', 'Alice White', 'Synthesized Voice']",0,183508,1924,0.706,0.311
4fsYspmSsMdX5lixH2B8Rs,Follow the Swallow,['George Olsen'],0,171747,1924-01-01,0.71,0.311
4g4UXXZXrlGxdrXisWRTYo,La chanson du trombone,['Fortugé'],0,188067,1924,0.526,0.151
4ifAGBehvPEFca3iz1qjtA,Chapter 186 - The Unlit Lamp,"['Radclyffe Hall', 'Alice White', 'Synthesized Voice']",0,183752,1924,0.717,0.34
4iqFrPWMWUxQyxGmb6l3d0,Chapter 158 - The Unlit Lamp,"['Radclyffe Hall', 'Alice White', 'Synthesized Voice']",0,188581,1924,0.714,0.296
4je5124MECcn9sTfSiHFQc,Chapter 10 - The Unlit Lamp,"['Radclyffe Hall', 'Alice White', 'Synthesized Voice']",0,181545,1924,0.632,0.31
4kxOVh9NSZOmjxxW35jm2E,Chapter 115 - The Unlit Lamp,"['Radclyffe Hall', 'Alice White', 'Synthesized Voice']",0,190602,1924,0.749,0.273
4lLW0r5gZU5nRgucdgMvOS,Chapter 211 - The Unlit Lamp,"['Radclyffe Hall', 'Alice White', 'Synthesized Voice']",0,184660,1924,0.711,0.297
4lhpA6kQFKpt0AMrIR2Thv,Chapter 153 - The Unlit Lamp,"['Radclyffe Hall', 'Alice White', 'Synthesized Voice']",0,185551,1924,0.624,0.31
4ltnhOLm5o612B902ti2TV,Les larmes de pierrot,['Robert Marino'],0,192267,1924,0.326,0.271
4lwzPjx1blV6uaPLsduFTc,Asaura - Remasterizado,['Francisco Canaro'],0,185160,1924-07-11,0.545,0.439
4mLDZgVosOy0ZharLlerK0,El Pato Alegre - Remasterizado,['Ignacio Corsini'],0,170253,1924-03-29,0.329,0.17
4mpd96iDZIhJaeUvuTOTCD,Chapter 102 - The Unlit Lamp,"['Radclyffe Hall', 'Alice White', 'Synthesized Voice']",0,187119,1924,0.709,0.285
4nypQvhAE4uu8qtZENUyMc,Chapter 88 - The Unlit Lamp,"['Radclyffe Hall', 'Alice White', 'Synthesized Voice']",0,181510,1924,0.709,0.282
4ovMZ1WtnzRu3DVXBSU9Mz,Chapter 138 - The Unlit Lamp,"['Radclyffe Hall', 'Alice White', 'Synthesized Voice']",0,183798,1924,0.715,0.29
4q8n9V70MrUB44nHFGd5o0,Chapter 206 - The Unlit Lamp,"['Radclyffe Hall', 'Alice White', 'Synthesized Voice']",0,182613,1924,0.611,0.287
4qptEXkP33l3ZhOAwMXeB0,Chapter 151 - The Unlit Lamp,"['Radclyffe Hall', 'Alice White', 'Synthesized Voice']",0,183960,1924,0.723,0.297
4sEib071ke1l1UkFj0SXlg,Chapter 20 - The Unlit Lamp,"['Radclyffe Hall', 'Alice White', 'Synthesized Voice']",0,185133,1924,0.631,0.32
4sl78rkBbY1kj2bY8KIjsZ,Chapter 4 - The Unlit Lamp,"['Radclyffe Hall', 'Alice White', 'Synthesized Voice']",0,182857,1924,0.658,0.281
4spiFKVnqRUNBi06fdAqBY,Chapter 89 - The Unlit Lamp,"['Radclyffe Hall', 'Alice White', 'Synthesized Voice']",0,184808,1924,0.711,0.313
4srXADiC1aeEWPg8IcDfff,El Rocío - Remasterizado,['Francisco Canaro'],0,178733,1924-07-11,0.499,0.49
4tEjfjJO5JdrDvbuCcIasm,Chapter 118 - The Unlit Lamp,"['Radclyffe Hall', 'Alice White', 'Synthesized Voice']",0,182462,1924,0.637,0.327
4uyJLMUhi97GdzJ6iUY0AG,Chapter 85 - The Unlit Lamp,"['Radclyffe Hall', 'Alice White', 'Synthesized Voice']",0,182485,1924,0.711,0.29
4vLc0mWLQ8S8T6XR5Us97h,Those Panama Mamas - Are Ruining me,['George Olsen'],0,201253,1924-01-01,0.753,0.316
4xzJ05vMHNLfkjQp9w0xib,Chapter 192 - The Unlit Lamp,"['Radclyffe Hall', 'Alice White', 'Synthesized Voice']",0,182993,1924,0.678,0.353
4ydmCMawQQXpQorx0olYq8,Chapter 9 - The Unlit Lamp,"['Radclyffe Hall', 'Alice White', 'Synthesized Voice']",0,184169,1924,0.633,0.323
4zuSkKlnNPCq7Bflx7JMQG,Le trompette en bois,['Georges Milton'],0,183573,1924,0.748,0.289
503XlfLtlqdQhIu9WJK4zo,Sax-o-phun,['George Olsen'],0,171413,1924-01-01,0.677,0.456
51jylcWvL25n9J6tcPFdMu,Chapter 214 - The Unlit Lamp,"['Radclyffe Hall', 'Alice White', 'Synthesized Voice']",0,237912,1924,0.639,0.276
53S2MU9AZtdPhAmAtxYdAf,Reflejos - Remasterizado,['Francisco Canaro'],0,193267,1924-07-11,0.334,0.311
56SkGjR9NnLjibiUEz9Gf4,Chapter 83 - The Unlit Lamp,"['Radclyffe Hall', 'Alice White', 'Synthesized Voice']",0,182526,1924,0.608,0.269
58yxwImcolz0UxiBnXiU7o,Amigazo - Remasterizado,['Francisco Canaro'],0,177747,1924-07-12,0.591,0.538
5AaoGLPAE3gNEdr7DAWyDe,The Slave of Love,['George Olsen'],0,170587,1924-01-01,0.728,0.323
5Aoo2k89qhCPOriW0FPTE3,Chapter 140 - The Unlit Lamp,"['Radclyffe Hall', 'Alice White', 'Synthesized Voice']",0,180802,1924,0.705,0.321
5DY0YME4e6HZ9QGMYGHfmM,Chapter 40 - The Unlit Lamp,"['Radclyffe Hall', 'Alice White', 'Synthesized Voice']",0,182189,1924,0.745,0.32
5GHzONOO44agKZ0D1sUIoL,La Maldita - Remasterizado,['Francisco Canaro'],0,156587,1924-07-12,0.574,0.524
5Gnxn4mW2WGUYhiUAbM1hD,Chapter 143 - The Unlit Lamp,"['Radclyffe Hall', 'Alice White', 'Synthesized Voice']",0,185029,1924,0.637,0.347
5H5BWIwlrKkWzx86VfGcuU,At the Codfish Ball,"['The Chenille Sisters', ""James Dapogny's Chicago Jazz Band""]",0,155427,1924,0.54,0.365
5HrVPZAMDLW3qs0TNt6Wdv,Martín Fierro - Remasterizado,['Ignacio Corsini'],0,163293,1924-03-29,0.546,0.305
5IO4UbhRB6NKME2WHUgHN1,Maullidos - Remasterizado,['Ignacio Corsini'],0,97493,1924-03-29,0.461,0.587
5ItArcz1C4oLqsP0ynX0X0,Entre Rejas - Remasterizado,['Francisco Canaro'],0,169307,1924-07-12,0.262,0.515
5IuSiHLUKKDzf1nTpdYjN0,Alfredo - Remasterizado,['Francisco Canaro'],0,172333,1924-07-12,0.616,0.325
5JHebWyrUzXXLGNCn1vVR4,Omon Kore Ma Tor Haasi,['Bijoylal Mukherjee'],0,173375,1924-12-31,0.346,0.339
5K6eShQXgL65FitgXDl7sp,Madame Pompadour - Remasterizado,['Francisco Canaro'],0,128667,1924-07-11,0.535,0.279
5L4O8EOyMaeCeWz9X500Dm,Mi Noche Alegre - Remasterizado,['Francisco Canaro'],0,171320,1924-07-12,0.513,0.305
5LVUPI3vPbKEGgFHgJEDut,Chapter 64 - The Unlit Lamp,"['Radclyffe Hall', 'Alice White', 'Synthesized Voice']",0,185040,1924,0.72,0.298
5Niqbksge2gMU0VvcqJEiS,Chapter 204 - The Unlit Lamp,"['Radclyffe Hall', 'Alice White', 'Synthesized Voice']",0,187072,1924,0.625,0.295
5P6rLF53DKfDZElPgZrBF7,Birth of the Blues,['Lionel Hampton Orchestra'],0,322587,1924,0.565,0.605
5PnoWOpiLKfTxnbTzP4pH9,Sombras - Remasterizado,['Ignacio Corsini'],0,139760,1924-03-29,0.51,0.263
5R4vvUXYIn9tFoi68GsYwW,Sugar Plum,['Teddy Wilson & His All-Stars'],0,178693,1924,0.774,0.388
5RWtrUpBGIVLErhXO9417v,Chapter 129 - The Unlit Lamp,"['Radclyffe Hall', 'Alice White', 'Synthesized Voice']",0,182329,1924,0.703,0.331
5Ttpn4P7ql0sngI017fLq9,Chapter 1.6 - O Janku wędrowniczku,['Maria Konopnicka'],0,219360,1924-12-27,0.618,0.216
5UjWGG0oemoaTjDgiWTT1h,Chapter 77 - The Unlit Lamp,"['Radclyffe Hall', 'Alice White', 'Synthesized Voice']",0,182393,1924,0.712,0.293
5Wssqsh3UrRQKX49MYyG1c,Chapter 190 - The Unlit Lamp,"['Radclyffe Hall', 'Alice White', 'Synthesized Voice']",0,187745,1924,0.698,0.329
5YuoLewkCDlBUbY2fhWEj5,Chapter 26 - The Unlit Lamp,"['Radclyffe Hall', 'Alice White', 'Synthesized Voice']",0,184334,1924,0.63,0.315
5Z8nmwGiVtTq99tMAwkGow,Chapter 86 - The Unlit Lamp,"['Radclyffe Hall', 'Alice White', 'Synthesized Voice']",0,189730,1924,0.624,0.269
5ab7VUgTYMtn0WYxfiVw7K,I've Got a Feeling I'm Falling,['Lionel Hampton Orchestra'],2,190627,1924,0.484,0.387
5b3iR4O4XmhdO5ersGGMVf,Time Ain't Gonna Make Me Stay,['Ed Andrews'],0,165140,1924-01-12,0.447,0.339
5bBLHhJzqqNqEX184N4pQp,He's the Hottest Man In Town,['George Olsen'],0,182067,1924-01-01,0.69,0.427
5cyBTDPgpSoXMfgojedWPh,Chapter 212 - The Unlit Lamp,"['Radclyffe Hall', 'Alice White', 'Synthesized Voice']",0,185817,1924,0.707,0.252
5d3ENHlcOkdt4CPxktrZN4,Chapter 1.4 - O Janku wędrowniczku,['Maria Konopnicka'],0,198300,1924-12-27,0.785,0.211
5dyaqbTGuH7Wpfi9Zzz1XD,Chapter 128 - The Unlit Lamp,"['Radclyffe Hall', 'Alice White', 'Synthesized Voice']",0,196482,1924,0.698,0.309
5eHqeM6dI4W30vqE1f7Ocy,El Matrero - Remasterizado,['Francisco Canaro'],0,175280,1924-07-12,0.735,0.325
5geFQ5VHVdDwR5ciwqhjMB,Chapter 54 - The Unlit Lamp,"['Radclyffe Hall', 'Alice White', 'Synthesized Voice']",0,186758,1924,0.68,0.309
5gebIAQPfKYmZy7DONRPry,Chapter 49 - The Unlit Lamp,"['Radclyffe Hall', 'Alice White', 'Synthesized Voice']",0,182259,1924,0.713,0.314
5hGmr6KQWzcCGdTYxf4P4S,Stompin' at the Savoy - Mix One,['Lionel Hampton Orchestra'],0,192680,1924,0.742,0.805
